{"allocation": {"CMOCTEZ": 575, "JPM": 10, "AXTELCPO": 2759, "MONEXB": 512, "MFRISCOA-1": 737, "VALUEGFO": 69, "GCARSOA1": 27}, "qty": {"CMOCTEZ": 41969.24877166748, "JPM": 19769.100341796875, "AXTELCPO": 11146.359894752502, "MONEXB": 8960.0, "MFRISCOA-1": 8799.779690742493, "VALUEGFO": 6624.0, "GCARSOA1": 1602.4499588012693}, "pct": {"CMOCTEZ": 0.4244851858536817, "JPM": 0.19994854514557753, "AXTELCPO": 0.112736462767238, "MONEXB": 0.09062319142144311, "MFRISCOA-1": 0.08900269189516566, "VALUEGFO": 0.06699643080085259, "GCARSOA1": 0.016207492116041413}}