{"allocation": {"UDITRACISHRS": 585, "JPM": 3, "MONEXB": 448, "CYDSASAA": 195, "CMOCTEZ": 83, "AXTELCPO": 691, "VALUEGFO": 20, "MEXTRAC09": 21, "TWTR": 1}, "qty": {"UDITRACISHRS": 69451.20071411133, "JPM": 6579.0, "MONEXB": 6496.0, "CYDSASAA": 6435.0, "CMOCTEZ": 6045.719696044922, "AXTELCPO": 3033.4899077415466, "VALUEGFO": 2378.000030517578, "MEXTRAC09": 634.2000160217285, "TWTR": 602.239990234375}, "pct": {"UDITRACISHRS": 0.6832059707116548, "JPM": 0.06471899744130277, "MONEXB": 0.06390250910149002, "CYDSASAA": 0.0633024393577722, "CMOCTEZ": 0.05947300768189164, "AXTELCPO": 0.029841073959164455, "VALUEGFO": 0.02339288309628896, "MEXTRAC09": 0.006238758050491629, "TWTR": 0.005924360599943566}}