{"allocation": {"PSOTRAC15": 7855, "GCARSOA1": 324, "AAL": 12, "MONEXB": 872, "TWTR": 4, "JPM": 3, "MEXTRAC09": 93, "POCHTECB": 120}, "qty": {"PSOTRAC15": 49737.85826206207, "GCARSOA1": 20538.359802246094, "AAL": 11859.1201171875, "MONEXB": 10715.717384338379, "TWTR": 3064.0, "JPM": 2790.0, "MEXTRAC09": 2838.3600425720215, "POCHTECB": 1738.7999725341797}, "pct": {"PSOTRAC15": 0.48157234023589945, "GCARSOA1": 0.19885669267184325, "AAL": 0.11482247984788573, "MONEXB": 0.10375181558668908, "TWTR": 0.0296662884579466, "JPM": 0.027013363184618475, "MEXTRAC09": 0.027481595225343075, "POCHTECB": 0.016835424789774348}}