{"allocation": {"CMOCTEZ": 520, "FRAGUAB": 64, "JPM": 7, "MONEXB": 850, "BACHOCOB": 95, "AXTELCPO": 2058, "VALUEGFO": 26}, "qty": {"CMOCTEZ": 38474.798889160156, "FRAGUAB": 15360.0, "JPM": 14800.939453125, "MONEXB": 13514.99967575073, "BACHOCOB": 8893.900260925295, "AXTELCPO": 7779.239941120148, "VALUEGFO": 2496.0}, "pct": {"CMOCTEZ": 0.37973593696576863, "FRAGUAB": 0.15159907680342719, "JPM": 0.14608129927846175, "MONEXB": 0.1333894188699498, "BACHOCOB": 0.08778040812096581, "AXTELCPO": 0.07677900998086991, "VALUEGFO": 0.02463484998055692}}