{"allocation": {"CETETRCISHRS": 635, "CMOCTEZ": 186, "JPM": 2, "NAFTRACISHRS": 105, "MONEXB": 314, "AXTELCPO": 810, "CORPTRCISHRS": 346, "VALUEGFO": 22, "LIVEPOLC-1": 9, "TWTR": 1}, "qty": {"CETETRCISHRS": 65995.55019378662, "CMOCTEZ": 14535.900283813477, "JPM": 4410.0, "NAFTRACISHRS": 5199.600048065186, "MONEXB": 3724.0398921966553, "AXTELCPO": 3094.1999459266663, "CORPTRCISHRS": 3037.879907608032, "VALUEGFO": 2156.0, "LIVEPOLC-1": 1210.5899505615234, "TWTR": 669.02001953125}, "pct": {"CETETRCISHRS": 0.6343726471655602, "CMOCTEZ": 0.1397242316322947, "JPM": 0.04239048490065484, "NAFTRACISHRS": 0.04998040075441076, "MONEXB": 0.03579679292961419, "AXTELCPO": 0.029742547865626162, "CORPTRCISHRS": 0.029201179671986623, "VALUEGFO": 0.020724237062542367, "LIVEPOLC-1": 0.011636620185977947, "TWTR": 0.006430857831332258}}