{"allocation": {"CETETRCISHRS": 719, "UDITRACISHRS": 107, "MEXTRAC09": 169, "JPM": 1, "VALUEGFO": 20, "AXTELCPO": 655, "MONEXB": 146, "CMOCTEZ": 21, "GFINBURO": 8}, "qty": {"CETETRCISHRS": 74711.29263305664, "UDITRACISHRS": 12237.59029388428, "MEXTRAC09": 5103.800128936768, "JPM": 2214.14990234375, "VALUEGFO": 2400.0, "AXTELCPO": 2082.9000437259674, "MONEXB": 1941.80002784729, "CMOCTEZ": 1449.0, "GFINBURO": 219.36000061035156}, "pct": {"CETETRCISHRS": 0.7298883422129442, "UDITRACISHRS": 0.11955454359696545, "MEXTRAC09": 0.04986132730151185, "JPM": 0.02163102985742724, "VALUEGFO": 0.023446683353675474, "AXTELCPO": 0.020348790742749815, "MONEXB": 0.01897032099545568, "CMOCTEZ": 0.014155935074781566, "GFINBURO": 0.002143026864488738}}