{"allocation": {"CETETRCISHRS": 605, "M5TRACISHRS": 168, "CMOCTEZ": 158, "MONEXB": 515, "JPM": 1, "CORPTRCISHRS": 342, "AXTELCPO": 430, "TWTR": 3}, "qty": {"CETETRCISHRS": 62726.40018463135, "M5TRACISHRS": 14510.160461425781, "CMOCTEZ": 12324.0, "MONEXB": 6107.899823188782, "JPM": 2158.010009765625, "CORPTRCISHRS": 3009.6000652313232, "AXTELCPO": 1603.9000082015991, "TWTR": 1599.6000366210938}, "pct": {"CETETRCISHRS": 0.6029090645941576, "M5TRACISHRS": 0.13946770809673817, "CMOCTEZ": 0.11845492950636265, "MONEXB": 0.058707468596864, "JPM": 0.020742204120481344, "CORPTRCISHRS": 0.028927455661256152, "AXTELCPO": 0.015416249789579266, "TWTR": 0.015374919634560757}}