{"allocation": {"CORPTRCISHRS": 6959, "GCARSOA1": 127, "MONEXB": 485, "JPM": 5, "CMOCTEZ": 78, "TWTR": 4, "AAL": 3, "DANHOS13": 74, "MEXTRAC09": 51, "POCHTECB": 83}, "qty": {"CORPTRCISHRS": 67363.12212371825, "GCARSOA1": 8050.529922485352, "MONEXB": 5960.003361701965, "JPM": 4650.0, "CMOCTEZ": 3588.0, "TWTR": 3064.0, "AAL": 2910.0, "DANHOS13": 2699.5199661254883, "MEXTRAC09": 1556.5200233459473, "POCHTECB": 1202.6699810028076}, "pct": {"CORPTRCISHRS": 0.6666687634828944, "GCARSOA1": 0.07967321970244075, "MONEXB": 0.05898402488237322, "JPM": 0.04601938942945698, "CMOCTEZ": 0.03550915468234229, "TWTR": 0.030323313809001325, "AAL": 0.028799230804240815, "DANHOS13": 0.026716185073919, "MEXTRAC09": 0.015404322819162281, "POCHTECB": 0.011902395314168994}}