{"allocation": {"CETETRCISHRS": 465, "UDITRACISHRS": 218, "M5TRACISHRS": 111, "CMOCTEZ": 113, "JPM": 1, "MONEXB": 245, "MEXTRAC09": 69, "AXTELCPO": 630, "TWTR": 3, "GCARSOA1": 6}, "qty": {"CETETRCISHRS": 48271.6488647461, "UDITRACISHRS": 25196.44039916992, "M5TRACISHRS": 9507.150169372559, "CMOCTEZ": 8364.259620666504, "JPM": 2231.0, "MONEXB": 3503.5000467300415, "MEXTRAC09": 2083.8000526428223, "AXTELCPO": 2085.299963951111, "TWTR": 2121.030029296875, "GCARSOA1": 358.6799926757813}, "pct": {"CETETRCISHRS": 0.4653908746333666, "UDITRACISHRS": 0.2429209217168691, "M5TRACISHRS": 0.09165920445337011, "CMOCTEZ": 0.08064050414829371, "JPM": 0.021509251615088827, "MONEXB": 0.03377752758341189, "MEXTRAC09": 0.0200900850057507, "AXTELCPO": 0.020104545772102245, "TWTR": 0.020449022224700006, "GCARSOA1": 0.0034580628470468836}}