{"allocation": {"CORPTRCISHRS": 7518, "GCARSOA1": 139, "JPM": 5, "MONEXB": 342, "TWTR": 5, "AAL": 3, "POCHTECB": 124, "MEXTRAC09": 42, "DANHOS13": 35, "CMOCTEZ": 23, "PSOTRAC15": 146}, "qty": {"CORPTRCISHRS": 72774.24229431151, "GCARSOA1": 8811.209915161133, "JPM": 4650.0, "MONEXB": 4202.7240200042725, "TWTR": 3830.0, "AAL": 2406.0, "POCHTECB": 1796.7599716186523, "MEXTRAC09": 1281.8400192260742, "DANHOS13": 1276.7999839782715, "CMOCTEZ": 1058.0, "PSOTRAC15": 951.919997215271}, "pct": {"CORPTRCISHRS": 0.7062752146224234, "GCARSOA1": 0.08551293668914081, "JPM": 0.045128326238183046, "MONEXB": 0.040787505519096975, "TWTR": 0.037170212794030336, "AAL": 0.023350269447111487, "POCHTECB": 0.017437584982992485, "MEXTRAC09": 0.012440278402751206, "DANHOS13": 0.01239136477803835, "CMOCTEZ": 0.010267907346236057, "PSOTRAC15": 0.009238399179995924}}