{"allocation": {"DLRTRAC15": 1940, "PSOTRAC15": 4525, "CORPTRCISHRS": 1149, "UDITRACISHRS": 65, "CETETRCISHRS": 67, "CMOCTEZ": 59, "MONEXB": 146, "DANHOS13": 37, "AAL": 2, "GCARSOA1": 16, "GFINBURO": 27, "AXTELCPO": 169, "BACHOCOB": 10, "AUTLANB": 37}, "qty": {"DLRTRAC15": 38179.200592041016, "PSOTRAC15": 28091.200828552246, "CORPTRCISHRS": 11122.32035064697, "UDITRACISHRS": 7687.549781799316, "CETETRCISHRS": 6901.0, "CMOCTEZ": 2714.0, "MONEXB": 1794.145341873169, "DANHOS13": 1349.7599830627441, "AAL": 1720.0, "GCARSOA1": 1014.239990234375, "GFINBURO": 1040.0400123596191, "AXTELCPO": 823.0299806594849, "BACHOCOB": 633.8999938964844, "AUTLANB": 535.2178144454956}, "pct": {"DLRTRAC15": 0.3685051664319304, "PSOTRAC15": 0.27113591893163924, "CORPTRCISHRS": 0.10735249686654846, "UDITRACISHRS": 0.07420013431046707, "CETETRCISHRS": 0.06660836565752731, "CMOCTEZ": 0.026195494043548637, "MONEXB": 0.017317068392151486, "DANHOS13": 0.013027866468880038, "AAL": 0.01660141848006767, "GCARSOA1": 0.009789431695988724, "GFINBURO": 0.010038453186742319, "AXTELCPO": 0.007943875075912854, "BACHOCOB": 0.006118394809992953, "AUTLANB": 0.005165915648602837}}