{"allocation": {"GE": 6, "DANHOS13": 385, "LIVEPOLC-1": 67, "JPM": 8, "VALUEGFO": 72, "AAL": 8, "MONEXB": 531, "CMOCTEZ": 130, "PSOTRAC15": 881, "NAFTRACISHRS": 101, "MEXTRAC09": 136, "GCARSOA1": 64, "FRAGUAB": 16, "POCHTECB": 221, "TWTR": 1}, "qty": {"GE": 18460.80029296875, "DANHOS13": 14044.799823760986, "LIVEPOLC-1": 12060.669631958008, "JPM": 7440.0, "VALUEGFO": 7452.0, "AAL": 5960.0, "MONEXB": 6525.282031059265, "CMOCTEZ": 5980.0, "PSOTRAC15": 5544.133194923401, "NAFTRACISHRS": 4414.709907531738, "MEXTRAC09": 4150.720062255859, "GCARSOA1": 4056.9599609375, "FRAGUAB": 3616.0, "POCHTECB": 3202.2899494171143, "TWTR": 766.0}, "pct": {"GE": 0.17806523646247147, "DANHOS13": 0.13547032425450176, "LIVEPOLC-1": 0.11633222589642077, "JPM": 0.0717631596819436, "VALUEGFO": 0.07187890671368867, "AAL": 0.05748769243338493, "MONEXB": 0.06294016886621281, "CMOCTEZ": 0.057680604152960044, "PSOTRAC15": 0.05347641340930809, "NAFTRACISHRS": 0.04258246398436272, "MEXTRAC09": 0.04003612723423577, "GCARSOA1": 0.03913175611559267, "FRAGUAB": 0.03487843889918119, "POCHTECB": 0.03088796303600853, "TWTR": 0.007388518859726989}}