{"allocation": {"GE": 5, "LIVEPOLC-1": 66, "CMOCTEZ": 254, "DANHOS13": 269, "JPM": 9, "PSOTRAC15": 1194, "MONEXB": 637, "AAL": 10, "VALUEGFO": 63, "GCARSOA1": 86, "POCHTECB": 325, "NAFTRACISHRS": 94, "MEXTRAC09": 121, "TWTR": 1, "GFINBURO": 8}, "qty": {"GE": 15384.000244140625, "LIVEPOLC-1": 11880.659637451172, "CMOCTEZ": 11684.0, "DANHOS13": 9813.119876861572, "JPM": 8370.0, "PSOTRAC15": 8034.426109313965, "MONEXB": 7827.880703926086, "AAL": 7281.6998291015625, "VALUEGFO": 6520.5, "GCARSOA1": 5451.539947509766, "POCHTECB": 4709.249925613403, "NAFTRACISHRS": 4108.73991394043, "MEXTRAC09": 3692.9200553894043, "TWTR": 766.0, "GFINBURO": 308.1600036621094}, "pct": {"GE": 0.14536123256278907, "LIVEPOLC-1": 0.11225866492147558, "CMOCTEZ": 0.11040045594841337, "DANHOS13": 0.09272277547774355, "JPM": 0.07908694079837554, "PSOTRAC15": 0.07591615078330183, "MONEXB": 0.07396453259356615, "AAL": 0.06880374710820748, "VALUEGFO": 0.06161127807357321, "GCARSOA1": 0.051510826414418655, "POCHTECB": 0.04449703346137893, "NAFTRACISHRS": 0.03882289968097125, "MEXTRAC09": 0.034893876916811895, "TWTR": 0.0072378251674499, "GFINBURO": 0.0029117600915235884}}