{"allocation": {"DLRTRAC15": 2469, "PSOTRAC15": 5762, "NAFTRACISHRS": 131, "CYDSASAA": 181, "CORPTRCISHRS": 343, "LIVEPOLC-1": 10, "CMOCTEZ": 10, "GFAMSAA": 82, "GFINBURO": 17, "VALUEGFO": 4}, "qty": {"DLRTRAC15": 47330.73018836975, "PSOTRAC15": 40754.62573623657, "NAFTRACISHRS": 5665.75, "CYDSASAA": 5430.0, "CORPTRCISHRS": 2915.5, "LIVEPOLC-1": 1230.999984741211, "CMOCTEZ": 596.6999816894531, "GFAMSAA": 558.4199953079224, "GFINBURO": 457.1299896240235, "VALUEGFO": 460.0}, "pct": {"DLRTRAC15": 0.44905877522325066, "PSOTRAC15": 0.386666807060868, "NAFTRACISHRS": 0.05375481733739055, "CYDSASAA": 0.051518097011345486, "CORPTRCISHRS": 0.027661328146699405, "LIVEPOLC-1": 0.011679332713602674, "CMOCTEZ": 0.005661297890118843, "GFAMSAA": 0.005298109666915034, "GFINBURO": 0.004337102606306776, "VALUEGFO": 0.004364332343502564}}