{"allocation": {"CETETRCISHRS": 429, "MEXTRAC09": 1070, "UDITRACISHRS": 112, "FRAGUAB": 14, "AXTELCPO": 1030, "MONEXB": 188, "CMOCTEZ": 33, "VALUEGFO": 14, "DANHOS13": 23}, "qty": {"CETETRCISHRS": 44740.41039276123, "MEXTRAC09": 32314.000816345215, "UDITRACISHRS": 13096.160034179688, "FRAGUAB": 3640.0, "AXTELCPO": 3069.400019645691, "MONEXB": 2632.0, "CMOCTEZ": 2145.0, "VALUEGFO": 1526.0, "DANHOS13": 628.5899982452391}, "pct": {"CETETRCISHRS": 0.43106019265071266, "MEXTRAC09": 0.3113355307858942, "UDITRACISHRS": 0.12617750301708072, "FRAGUAB": 0.03507028852606278, "AXTELCPO": 0.02957273194804317, "MONEXB": 0.025358516318845396, "CMOCTEZ": 0.020666420024286994, "VALUEGFO": 0.014702544035926319, "DANHOS13": 0.006056272693147756}}