{"allocation": {"DLRTRAC15": 2412, "PSOTRAC15": 5767, "CMOCTEZ": 102, "CYDSASAA": 219, "PYPL": 1, "CETETRCISHRS": 17, "LIVEPOL1": 15, "MONEXB": 77}, "qty": {"DLRTRAC15": 45586.79907989503, "PSOTRAC15": 43102.557868003845, "CMOCTEZ": 6089.400077819824, "CYDSASAA": 5245.05016708374, "PYPL": 2118.0, "CETETRCISHRS": 1786.5299377441406, "LIVEPOL1": 1552.5, "MONEXB": 924.0}, "pct": {"DLRTRAC15": 0.4284278826907581, "PSOTRAC15": 0.4050808123988004, "CMOCTEZ": 0.057228602026323544, "CYDSASAA": 0.049293343315291796, "PYPL": 0.019905110116389315, "CETETRCISHRS": 0.016789931603882563, "LIVEPOL1": 0.014590502103727296, "MONEXB": 0.008683815744827067}}