{"allocation": {"CETETRCISHRS": 494, "MEXTRAC09": 1462, "AXTELCPO": 953, "VALUEGFO": 26, "LIVEPOLC-1": 13, "UDITRACISHRS": 4}, "qty": {"CETETRCISHRS": 51469.86120605468, "MEXTRAC09": 44152.40111541748, "AXTELCPO": 2649.3399727344513, "VALUEGFO": 2665.0, "LIVEPOLC-1": 1571.8300476074219, "UDITRACISHRS": 468.76000976562494}, "pct": {"CETETRCISHRS": 0.49981806680384927, "MEXTRAC09": 0.4287590301032342, "AXTELCPO": 0.025727444225602938, "VALUEGFO": 0.025879516999271917, "LIVEPOLC-1": 0.015263865830027265, "UDITRACISHRS": 0.004552076038014394}}