{"allocation": {"DLRTRAC15": 2369, "PSOTRAC15": 5532, "CORPTRCISHRS": 1567, "NAFTRACISHRS": 136, "LIVEPOL1": 17, "GFINBURO": 61, "MONEXB": 5}, "qty": {"DLRTRAC15": 44916.23783111572, "PSOTRAC15": 39830.398944854736, "CORPTRCISHRS": 13397.85029888153, "NAFTRACISHRS": 5864.319854736328, "LIVEPOL1": 1819.0, "GFINBURO": 1693.3600139617922, "MONEXB": 61.500000953674316}, "pct": {"DLRTRAC15": 0.41750440946296336, "PSOTRAC15": 0.37023063357781544, "CORPTRCISHRS": 0.12453539849307485, "NAFTRACISHRS": 0.05450989477479138, "LIVEPOL1": 0.01690792812320154, "GFINBURO": 0.01574008213456269, "MONEXB": 0.0005716534335907374}}