{"allocation": {"DLRTRAC15": 2092, "PSOTRAC15": 4203, "CORPTRCISHRS": 1037, "CETETRCISHRS": 70, "UDITRACISHRS": 49, "GCARSOA1": 52, "GFINBURO": 85, "NAFTRACISHRS": 50, "LIVEPOL1": 14, "JPM": 1, "VALUEGFO": 7, "GFAMSAA": 120}, "qty": {"DLRTRAC15": 39225.0, "PSOTRAC15": 30803.786983966827, "CORPTRCISHRS": 8762.649802207947, "CETETRCISHRS": 7342.299957275391, "UDITRACISHRS": 5985.840179443359, "GCARSOA1": 3822.5201110839844, "GFINBURO": 2466.700038909912, "NAFTRACISHRS": 2232.5000762939453, "LIVEPOL1": 1750.0, "JPM": 2191.0, "VALUEGFO": 791.0, "GFAMSAA": 780.0}, "pct": {"DLRTRAC15": 0.3695127806051618, "PSOTRAC15": 0.2901821027817635, "CORPTRCISHRS": 0.08254712795113141, "CETETRCISHRS": 0.0691669515168895, "UDITRACISHRS": 0.05638864114631527, "GCARSOA1": 0.036009433656234414, "GFINBURO": 0.023237149529546523, "NAFTRACISHRS": 0.021030906587447076, "LIVEPOL1": 0.0164855925062851, "JPM": 0.020639961817868948, "VALUEGFO": 0.007451487812840866, "GFAMSAA": 0.007347864088515645}}