{"allocation": {"CETETRCISHRS": 372, "MEXTRAC09": 1280, "UDITRACISHRS": 134, "AXTELCPO": 1074, "MONEXB": 202, "JPM": 1, "VALUEGFO": 13, "DANHOS13": 32, "CMOCTEZ": 9}, "qty": {"CETETRCISHRS": 38825.64102172852, "MEXTRAC09": 38656.0009765625, "UDITRACISHRS": 16027.74008178711, "AXTELCPO": 3189.780030727386, "MONEXB": 2848.200077056885, "JPM": 1912.1500244140625, "VALUEGFO": 1417.0, "DANHOS13": 743.3599853515625, "CMOCTEZ": 601.2000274658203}, "pct": {"CETETRCISHRS": 0.3725315830360482, "MEXTRAC09": 0.3709038887363807, "UDITRACISHRS": 0.1537859833870336, "AXTELCPO": 0.03060590303502334, "MONEXB": 0.027328447273171592, "JPM": 0.018347057687952518, "VALUEGFO": 0.013596098847837622, "DANHOS13": 0.007132530586003508, "CMOCTEZ": 0.0057685074105490374}}