{"allocation": {"CETETRCISHRS": 590, "UDITRACISHRS": 132, "PYPL": 3, "LIVEPOL1": 55, "JPM": 2, "FRAGUAB": 19, "CMOCTEZ": 53, "GFAMSAA": 326, "PSOTRAC15": 195, "VALUEGFO": 8}, "qty": {"CETETRCISHRS": 62380.70198059082, "UDITRACISHRS": 17047.799194335938, "PYPL": 6329.400146484375, "LIVEPOL1": 5830.0, "JPM": 5162.10009765625, "FRAGUAB": 4180.189895629884, "CMOCTEZ": 3074.0, "GFAMSAA": 1695.1999378204346, "PSOTRAC15": 1476.1500334739685, "VALUEGFO": 742.0}, "pct": {"CETETRCISHRS": 0.5780404301027956, "UDITRACISHRS": 0.15797060414078246, "PYPL": 0.05865033683181187, "LIVEPOL1": 0.0540227281916102, "JPM": 0.04783374450661545, "FRAGUAB": 0.03873503645298947, "CMOCTEZ": 0.02848471122830356, "GFAMSAA": 0.015708289103140285, "PSOTRAC15": 0.01367849949029168, "VALUEGFO": 0.00687561995165948}}