{"allocation": {"CORPTRCISHRS": 7543, "JPM": 10, "CHDRAUIB": 524, "TWTR": 4}, "qty": {"CORPTRCISHRS": 64417.219712257385, "JPM": 20875.0, "CHDRAUIB": 17312.960479736328, "TWTR": 2858.280029296875}, "pct": {"CORPTRCISHRS": 0.6108013104926844, "JPM": 0.1979358533865536, "CHDRAUIB": 0.16416074765050473, "TWTR": 0.02710208847025726}}