{"allocation": {"PSOTRAC15": 6472, "DLRTRAC15": 2123, "PYPL": 3, "CETETRCISHRS": 34, "CYDSASAA": 126, "NAFTRACISHRS": 63, "CMOCTEZ": 27, "LIVEPOL1": 13}, "qty": {"PSOTRAC15": 47750.41459274292, "DLRTRAC15": 41398.5, "PYPL": 6132.0, "CETETRCISHRS": 3578.5, "CYDSASAA": 3225.6000480651855, "NAFTRACISHRS": 2707.110076904297, "CMOCTEZ": 1566.0, "LIVEPOL1": 1449.5}, "pct": {"PSOTRAC15": 0.4429224251788723, "DLRTRAC15": 0.3840034515962986, "PYPL": 0.05687909381230004, "CETETRCISHRS": 0.03319338506316303, "CYDSASAA": 0.029919962122449316, "NAFTRACISHRS": 0.025110562300140617, "CMOCTEZ": 0.014525874251477798, "LIVEPOL1": 0.013445245675298256}}