{"allocation": {"PSOTRAC15": 6599, "DLRTRAC15": 2079, "PYPL": 3, "CETETRCISHRS": 34, "CYDSASAA": 131, "NAFTRACISHRS": 64, "CMOCTEZ": 28, "LIVEPOL1": 13}, "qty": {"PSOTRAC15": 47499.60169792175, "DLRTRAC15": 41184.988889694214, "PYPL": 6567.0, "CETETRCISHRS": 3567.960083007812, "CYDSASAA": 3209.5, "NAFTRACISHRS": 2730.239990234375, "CMOCTEZ": 1582.0, "LIVEPOL1": 1417.0}, "pct": {"PSOTRAC15": 0.4407976537732459, "DLRTRAC15": 0.38219786744124873, "PYPL": 0.06094194664490331, "CETETRCISHRS": 0.03311077097758594, "CYDSASAA": 0.02978425121925037, "NAFTRACISHRS": 0.025336704707270383, "CMOCTEZ": 0.014681004963032897, "LIVEPOL1": 0.013149800273462462}}