{"allocation": {"CETETRCISHRS": 565, "DLRTRAC15": 900, "CORPTRCISHRS": 1113, "GFINBURO": 282, "CMOCTEZ": 111, "AXTELCPO": 1149, "CYDSASAA": 102, "JPM": 1, "TWTR": 1, "VALUEGFO": 1}, "qty": {"CETETRCISHRS": 59963.448448181145, "DLRTRAC15": 17100.0, "CORPTRCISHRS": 9816.659660339355, "GFINBURO": 6739.799892425538, "CMOCTEZ": 6422.460067749023, "AXTELCPO": 3355.080087661743, "CYDSASAA": 2652.0, "JPM": 2389.0, "TWTR": 574.77001953125, "VALUEGFO": 85.0}, "pct": {"CETETRCISHRS": 0.549628119054228, "DLRTRAC15": 0.15673949846212332, "CORPTRCISHRS": 0.08998001823011394, "GFINBURO": 0.06177735993414336, "CMOCTEZ": 0.05886860642760213, "AXTELCPO": 0.030752840364933236, "CYDSASAA": 0.02430837134044158, "JPM": 0.02189769952198904, "TWTR": 0.005268372198385552, "VALUEGFO": 0.0007791144660397942}}