{"allocation": {"CETETRCISHRS": 595, "UDITRACISHRS": 132, "PYPL": 3, "LIVEPOL1": 55, "JPM": 2, "FRAGUAB": 17, "CMOCTEZ": 53, "GFAMSAA": 406, "PSOTRAC15": 190, "VALUEGFO": 6}, "qty": {"CETETRCISHRS": 63028.35018157959, "UDITRACISHRS": 17239.200805664062, "PYPL": 6135.0, "LIVEPOL1": 5885.0, "JPM": 5256.0, "FRAGUAB": 4165.0, "CMOCTEZ": 3084.600040435791, "GFAMSAA": 1713.31991481781, "PSOTRAC15": 1495.4899644851685, "VALUEGFO": 750.0}, "pct": {"CETETRCISHRS": 0.579560585905103, "UDITRACISHRS": 0.158518528419079, "PYPL": 0.05641277590615014, "LIVEPOL1": 0.05411396678202014, "JPM": 0.04833016302570907, "FRAGUAB": 0.03829816000800576, "CMOCTEZ": 0.028363626868982222, "GFAMSAA": 0.015754381810947248, "PSOTRAC15": 0.013751383901613404, "VALUEGFO": 0.006896427372389993}}