{"allocation": {"M5TRACISHRS": 599, "CORPTRCISHRS": 2496, "CYDSASAA": 476, "LACOMERUBC": 291, "JPM": 3, "CHDRAUIB": 109, "TWTR": 2, "CMOCTEZ": 11, "BACHOCOB": 1}, "qty": {"M5TRACISHRS": 52879.71926879883, "CORPTRCISHRS": 20117.76104736328, "CYDSASAA": 10662.399818420412, "LACOMERUBC": 6663.8998889923105, "JPM": 6376.94970703125, "CHDRAUIB": 2734.81001663208, "TWTR": 1168.8199462890625, "CMOCTEZ": 613.1400184631348, "BACHOCOB": 67.4800033569336}, "pct": {"M5TRACISHRS": 0.5220884618569577, "CORPTRCISHRS": 0.19862531546042184, "CYDSASAA": 0.10527128354457066, "LACOMERUBC": 0.06579356492661229, "JPM": 0.06296046783000912, "CHDRAUIB": 0.027001140981792442, "TWTR": 0.011539913909978857, "CMOCTEZ": 0.006053612492062614, "BACHOCOB": 0.0006662389975945133}}