{"allocation": {"CETETRCISHRS": 697, "PYPL": 3, "CMOCTEZ": 180, "PSOTRAC15": 817, "CYDSASAA": 189, "FRAGUAB": 10}, "qty": {"CETETRCISHRS": 74021.39787292482, "PYPL": 10319.69970703125, "CMOCTEZ": 9360.0, "PSOTRAC15": 5588.280124664307, "CYDSASAA": 3870.719913482666, "FRAGUAB": 2188.8999938964844}, "pct": {"CETETRCISHRS": 0.7026303007224208, "PYPL": 0.09795726528921249, "CMOCTEZ": 0.08884754684114689, "PSOTRAC15": 0.05304540386085066, "CYDSASAA": 0.03674187701090932, "FRAGUAB": 0.020777606275459833}}