{"allocation": {"FRAGUAB": 126, "LACOMERUBC": 1082, "CMOCTEZ": 372, "MONEXB": 953, "CHDRAUIB": 227, "CYDSASAA": 181, "BACHOCOB": 42, "AAL": 9}, "qty": {"FRAGUAB": 28728.0, "LACOMERUBC": 27266.40082550049, "CMOCTEZ": 20088.0, "MONEXB": 12246.050363540651, "CHDRAUIB": 6560.299913406373, "CYDSASAA": 3658.009834289551, "BACHOCOB": 2937.060012817383, "AAL": 2606.4000549316406}, "pct": {"FRAGUAB": 0.275991344074117, "LACOMERUBC": 0.2619496871307955, "CMOCTEZ": 0.19298642856310438, "MONEXB": 0.11764842312144645, "CHDRAUIB": 0.06302513194898142, "CYDSASAA": 0.03514268486500666, "BACHOCOB": 0.0282164835896621, "AAL": 0.025039816706886518}}