{"allocation": {"CETETRCISHRS": 716, "CMOCTEZ": 217, "PYPL": 3, "PSOTRAC15": 762, "CYDSASAA": 96, "FRAGUAB": 8}, "qty": {"CETETRCISHRS": 75709.83847045897, "CMOCTEZ": 10502.800331115723, "PYPL": 11998.3798828125, "PSOTRAC15": 5090.159869194031, "CYDSASAA": 2015.0399780273438, "FRAGUAB": 1736.0}, "pct": {"CETETRCISHRS": 0.7072234420635071, "CMOCTEZ": 0.09810913286224549, "PYPL": 0.11207969388574437, "PSOTRAC15": 0.047548382826751924, "CYDSASAA": 0.018822963275930398, "FRAGUAB": 0.016216385085820743}}