{"allocation": {"CETETRCISHRS": 605, "DLRTRAC15": 744, "CMOCTEZ": 126, "CORPTRCISHRS": 841, "GFINBURO": 376, "AXTELCPO": 446, "CYDSASAA": 83, "VALUEGFO": 9, "LACOMERUBC": 23, "TWTR": 1, "GCARSOA1": 16, "FSHOP13": 55}, "qty": {"CETETRCISHRS": 63972.69870758056, "DLRTRAC15": 15446.18376159668, "CMOCTEZ": 6930.0, "CORPTRCISHRS": 6929.839807510376, "GFINBURO": 5906.960014343262, "AXTELCPO": 3527.859931945801, "CYDSASAA": 1740.5099430084226, "VALUEGFO": 1087.289978027344, "LACOMERUBC": 891.25, "TWTR": 875.739990234375, "GCARSOA1": 628.4799804687501, "FSHOP13": 336.5999937057495}, "pct": {"CETETRCISHRS": 0.5908440258954846, "DLRTRAC15": 0.1426590652387439, "CMOCTEZ": 0.0640046329477502, "CORPTRCISHRS": 0.06400315342949633, "GFINBURO": 0.05455596068615841, "AXTELCPO": 0.03258288312197201, "CYDSASAA": 0.016075137091509917, "VALUEGFO": 0.010042077337865446, "LACOMERUBC": 0.00823147606272473, "TWTR": 0.008088227508314217, "GCARSOA1": 0.0058045642806510206, "FSHOP13": 0.0031087963993292247}}