{"allocation": {"M5TRACISHRS": 529, "CORPTRCISHRS": 2024, "PSOTRAC15": 1322, "CYDSASAA": 329, "LACOMERUBC": 234, "JPM": 2, "TWTR": 7, "GFINBURO": 205, "CMOCTEZ": 67, "CHDRAUIB": 72, "AAL": 4, "FRAGUAB": 1}, "qty": {"M5TRACISHRS": 46520.261291503906, "CORPTRCISHRS": 18398.16030883789, "PSOTRAC15": 10126.519798278809, "CYDSASAA": 7833.489824295044, "LACOMERUBC": 5461.560035705566, "JPM": 4491.7001953125, "TWTR": 4480.0, "GFINBURO": 4329.600172042847, "CMOCTEZ": 3966.4000511169434, "CHDRAUIB": 1823.7599945068357, "AAL": 1511.9599609375, "FRAGUAB": 240.0}, "pct": {"M5TRACISHRS": 0.4260744429572337, "CORPTRCISHRS": 0.16850691907995885, "PSOTRAC15": 0.09274778692902645, "CYDSASAA": 0.0717461536250492, "LACOMERUBC": 0.050021884772081644, "JPM": 0.04113903502511479, "TWTR": 0.04103187410078063, "GFINBURO": 0.03965437704597773, "CMOCTEZ": 0.03632786328811613, "CHDRAUIB": 0.016703636268893943, "AAL": 0.013847890795225156, "FRAGUAB": 0.0021981361125418195}}