{"allocation": {"PSOTRAC15": 6293, "DLRTRAC15": 1993, "CYDSASAA": 293, "CMOCTEZ": 106, "CORPTRCISHRS": 352, "GCARSOA1": 32, "SITESB-1": 56, "MONEXB": 52, "GFINBURO": 12, "LIVEPOL1": 3}, "qty": {"PSOTRAC15": 43704.886080265045, "DLRTRAC15": 43547.050760269165, "CYDSASAA": 5684.199888229371, "CMOCTEZ": 4982.0, "CORPTRCISHRS": 2900.4799194335938, "GCARSOA1": 1406.0799560546873, "SITESB-1": 931.8399658203125, "MONEXB": 660.3999900817871, "GFINBURO": 191.87999725341797, "LIVEPOL1": 174.0}, "pct": {"PSOTRAC15": 0.41950186724105837, "DLRTRAC15": 0.41798688305065773, "CYDSASAA": 0.05455986002353116, "CMOCTEZ": 0.04781978607052528, "CORPTRCISHRS": 0.027840290897063198, "GCARSOA1": 0.013496275129784973, "SITESB-1": 0.00894427696055659, "MONEXB": 0.0063388571350237, "GFINBURO": 0.0018417624287176688, "LIVEPOL1": 0.0016701410630813728}}