{"allocation": {"CETETRCISHRS": 605, "DLRTRAC15": 714, "CMOCTEZ": 131, "CORPTRCISHRS": 841, "GFINBURO": 342, "AXTELCPO": 501, "CYDSASAA": 83, "VALUEGFO": 12, "LACOMERUBC": 25, "TWTR": 1, "GCARSOA1": 13, "FSHOP13": 53}, "qty": {"CETETRCISHRS": 63972.69870758056, "DLRTRAC15": 15443.819400787354, "CMOCTEZ": 6943.0, "CORPTRCISHRS": 6929.839807510376, "GFINBURO": 5892.659843444824, "AXTELCPO": 3522.030105113983, "CYDSASAA": 1743.0, "VALUEGFO": 1038.1200256347656, "LACOMERUBC": 874.2500305175781, "TWTR": 988.1500244140624, "GCARSOA1": 590.5900039672852, "FSHOP13": 339.2000050544739}, "pct": {"CETETRCISHRS": 0.5908224943458952, "DLRTRAC15": 0.14263203030263097, "CMOCTEZ": 0.06412236252521057, "CORPTRCISHRS": 0.06400082102532273, "GFINBURO": 0.05442190273932299, "AXTELCPO": 0.03252785413003375, "CYDSASAA": 0.016097548304975087, "VALUEGFO": 0.009587600263349176, "LACOMERUBC": 0.00807417217262344, "TWTR": 0.00912610025850125, "GCARSOA1": 0.00545441831170327, "FSHOP13": 0.003132695620431547}}