{"allocation": {"CETETRCISHRS": 709, "CMOCTEZ": 242, "PYPL": 2, "PSOTRAC15": 632, "FRAGUAB": 12, "JPM": 1, "CYDSASAA": 80, "SITESB-1": 53, "TWTR": 1}, "qty": {"CETETRCISHRS": 74969.65848541258, "CMOCTEZ": 11180.400184631348, "PYPL": 8949.83984375, "PSOTRAC15": 4489.728057861328, "FRAGUAB": 2622.0, "JPM": 2193.8701171875, "CYDSASAA": 1516.0000610351562, "SITESB-1": 875.5600242614746, "TWTR": 891.5800170898438}, "pct": {"CETETRCISHRS": 0.6961705591162106, "CMOCTEZ": 0.10382154067291473, "PYPL": 0.08310848860591134, "PSOTRAC15": 0.04169175311008298, "FRAGUAB": 0.024347972804996548, "JPM": 0.020372345519060198, "CYDSASAA": 0.014077623286978294, "SITESB-1": 0.008130477368367849, "TWTR": 0.00827923951547745}}