{"allocation": {"DLRTRAC15": 1908, "FSHOP13": 1643, "CMOCTEZ": 199, "CYDSASAA": 480, "JPM": 4, "CHDRAUIB": 387, "GFINBURO": 435, "BACHOCOB": 68, "TWTR": 1}, "qty": {"DLRTRAC15": 35698.67825317383, "FSHOP13": 16676.449373245236, "CMOCTEZ": 11472.350303649902, "CYDSASAA": 11277.600402832031, "JPM": 9993.98046875, "CHDRAUIB": 9611.144645690918, "GFINBURO": 9319.874668121338, "BACHOCOB": 5148.6197509765625, "TWTR": 613.2349853515625}, "pct": {"DLRTRAC15": 0.32508924418400736, "FSHOP13": 0.15186372682969482, "CMOCTEZ": 0.10447271080396753, "CYDSASAA": 0.10269922502915, "JPM": 0.09100996776223275, "CHDRAUIB": 0.08752368158989317, "GFINBURO": 0.08487123781620333, "BACHOCOB": 0.046885794806338955, "TWTR": 0.005584411178512087}}