{"allocation": {"CMOCTEZ": 478, "PYPL": 15, "JPM": 5, "MFRISCOA-1": 721, "NAFTRACISHRS": 161, "MONEXB": 304, "PSOTRAC15": 468, "MEXTRAC09": 84, "GCARSOA1": 33, "UNIFINA": 28, "GICSAB": 128, "VALUEGFO": 10, "POCHTECB": 84, "AXTELCPO": 113}, "qty": {"CMOCTEZ": 34889.218978881836, "PYPL": 21132.000732421875, "JPM": 9884.550170898438, "MFRISCOA-1": 8608.73969745636, "NAFTRACISHRS": 7583.099754333495, "MONEXB": 5320.0, "PSOTRAC15": 2812.680107116699, "MEXTRAC09": 2536.800064086914, "GCARSOA1": 1958.5499496459959, "UNIFINA": 1682.9095458984375, "GICSAB": 1288.9599609375002, "VALUEGFO": 960.0, "POCHTECB": 588.0, "AXTELCPO": 456.5199956893921}, "pct": {"CMOCTEZ": 0.34993489444232506, "PYPL": 0.21195156160220188, "JPM": 0.09914091292089068, "MFRISCOA-1": 0.08634467911518127, "NAFTRACISHRS": 0.07605762724824852, "MONEXB": 0.053358994351808596, "PSOTRAC15": 0.02821086126862488, "MEXTRAC09": 0.025443815844225816, "GCARSOA1": 0.019644033026484157, "UNIFINA": 0.016879391156804417, "GICSAB": 0.012928121668302914, "VALUEGFO": 0.0096286907101008, "POCHTECB": 0.00589757305993674, "AXTELCPO": 0.004578843584864278}}