{"allocation": {"PSOTRAC15": 5321, "VALUEGFO": 106, "PYPL": 7, "BACHOCOB": 102, "CMOCTEZ": 106, "AUTLANB": 370, "TWTR": 7, "FRAGUAB": 11, "MONEXB": 187, "AAL": 3, "POCHTECB": 236, "DANHOS13": 43, "LIVEPOLC-1": 8, "LIVEPOL1": 7, "JPM": 1, "GFINBURO": 24, "LACOMERUBC": 34, "NAFTRACISHRS": 13, "UNIFINA": 9, "GICSAB": 44, "GCARSOA1": 2}, "qty": {"PSOTRAC15": 35805.0094871521, "VALUEGFO": 12190.0, "PYPL": 10710.070068359375, "BACHOCOB": 9430.919906616211, "CMOCTEZ": 8289.199676513672, "AUTLANB": 6323.3000564575195, "TWTR": 4157.85986328125, "FRAGUAB": 2893.0, "MONEXB": 2786.2999286651607, "AAL": 2184.5099487304688, "POCHTECB": 1734.5999774932861, "DANHOS13": 1317.949983596802, "LIVEPOLC-1": 1106.47998046875, "LIVEPOL1": 959.0, "JPM": 2139.0, "GFINBURO": 736.8000183105469, "LACOMERUBC": 709.9199714660645, "NAFTRACISHRS": 644.7999801635741, "UNIFINA": 451.66477203369146, "GICSAB": 401.7200050354004, "GCARSOA1": 155.02000427246094}, "pct": {"PSOTRAC15": 0.34058774035938455, "VALUEGFO": 0.11595485141459533, "PYPL": 0.10187732431636719, "BACHOCOB": 0.08970967321366956, "CMOCTEZ": 0.07884929588482809, "AUTLANB": 0.06014908273145479, "TWTR": 0.03955078118535578, "FRAGUAB": 0.027519063588385913, "MONEXB": 0.0265041012489636, "AAL": 0.020779698647969382, "POCHTECB": 0.016500023187366233, "DANHOS13": 0.012536726375704308, "LIVEPOLC-1": 0.010525161749670078, "LIVEPOL1": 0.009122288966907048, "JPM": 0.020346794682183707, "GFINBURO": 0.007008657641137865, "LACOMERUBC": 0.006752966760262613, "NAFTRACISHRS": 0.006133526324200267, "UNIFINA": 0.004296367639899407, "GICSAB": 0.003821278383441373, "GCARSOA1": 0.0014745956982529238}}