{"allocation": {"CORPTRCISHRS": 6529, "PYPL": 7, "VALUEGFO": 79, "CMOCTEZ": 98, "AUTLANB": 420, "LIVEPOLC-1": 33, "CETETRCISHRS": 31, "MONEXB": 134, "BACHOCOB": 13, "LACOMERUBC": 44, "NAFTRACISHRS": 8, "TWTR": 1, "DLRTRAC15": 17, "GCARSOA1": 3, "AXTELCPO": 26}, "qty": {"CORPTRCISHRS": 57324.61825656891, "PYPL": 12290.809692382812, "VALUEGFO": 7742.0, "CMOCTEZ": 7658.700149536133, "AUTLANB": 7051.800384521484, "LIVEPOLC-1": 4438.829818725586, "CETETRCISHRS": 3221.830009460449, "MONEXB": 1589.239953994751, "BACHOCOB": 1201.3300476074219, "LACOMERUBC": 932.8000335693359, "NAFTRACISHRS": 396.1600036621094, "TWTR": 669.02001953125, "DLRTRAC15": 319.5999870300293, "GCARSOA1": 212.09999084472656, "AXTELCPO": 99.31999826431274}, "pct": {"CORPTRCISHRS": 0.5451794796833316, "PYPL": 0.11689039433266994, "VALUEGFO": 0.07362943984759442, "CMOCTEZ": 0.07283722577771029, "AUTLANB": 0.06706537228485764, "LIVEPOLC-1": 0.04221500298780211, "CETETRCISHRS": 0.03064086009826178, "MONEXB": 0.015114291862057637, "BACHOCOB": 0.01142511734402201, "LACOMERUBC": 0.008871292167595902, "NAFTRACISHRS": 0.0037676361611550073, "TWTR": 0.00636264134395668, "DLRTRAC15": 0.0030395205399534352, "GCARSOA1": 0.002017153644740005, "AXTELCPO": 0.000944571924291578}}