{"allocation": {"CMOCTEZ": 414, "JPM": 9, "SORIANAB": 329, "PSOTRAC15": 1768, "TWTR": 11, "PYPL": 3, "MONEXB": 219, "NAFTRACISHRS": 63, "MEXTRAC09": 89, "CYDSASAA": 83, "UNIFINA": 36, "GCARSOA1": 30, "BACHOCOB": 17, "POCHTECB": 204}, "qty": {"CMOCTEZ": 30876.12075805664, "JPM": 19482.20947265625, "SORIANAB": 13347.529899597168, "PSOTRAC15": 11194.975608825684, "TWTR": 5256.239959716797, "PYPL": 4755.0, "MONEXB": 3372.5999164581294, "NAFTRACISHRS": 3170.159980773926, "MEXTRAC09": 2687.8000679016113, "CYDSASAA": 2636.080018997193, "UNIFINA": 2368.9322204589844, "GCARSOA1": 2094.5999908447266, "BACHOCOB": 1626.0500259399414, "POCHTECB": 1428.0}, "pct": {"CMOCTEZ": 0.2960423464088132, "JPM": 0.18679674984779976, "SORIANAB": 0.12797702474354625, "PSOTRAC15": 0.10733818775991807, "TWTR": 0.05039718632905963, "PYPL": 0.04559126349467312, "MONEXB": 0.032336717445500554, "NAFTRACISHRS": 0.03039570956965971, "MEXTRAC09": 0.025770809908875432, "CYDSASAA": 0.025274914561334166, "UNIFINA": 0.022713483294209597, "GCARSOA1": 0.02008316721315286, "BACHOCOB": 0.015590678273006926, "POCHTECB": 0.01369176115045073}}