{"allocation": {"PSOTRAC15": 6218, "DLRTRAC15": 1906, "FRAGUAB": 16, "PYPL": 2, "CETETRCISHRS": 21, "VALUEGFO": 17, "MONEXB": 150, "LACOMERUBC": 75, "CMOCTEZ": 18, "BACHOCOB": 17, "CORPTRCISHRS": 127, "UDITRACISHRS": 6, "GFINBURO": 26, "AUTLANB": 36, "LIVEPOLC-1": 4, "GCARSOA1": 5, "FSHOP13": 32, "SITESB-1": 20, "NAFTRACISHRS": 6, "DANHOS13": 10, "CHDRAUIB": 6, "AXTELCPO": 69, "GICSAB": 24, "SORIANAB": 5, "TLEVISACPO": 2}, "qty": {"PSOTRAC15": 40342.38347816467, "DLRTRAC15": 38272.47985458373, "FRAGUAB": 4240.0, "PYPL": 3466.580078125, "CETETRCISHRS": 2182.110076904297, "VALUEGFO": 2040.0, "MONEXB": 1995.0000286102295, "LACOMERUBC": 1559.2500686645508, "CMOCTEZ": 1242.0, "BACHOCOB": 1205.3000259399414, "CORPTRCISHRS": 1041.3999757766724, "UDITRACISHRS": 686.2200164794923, "GFINBURO": 712.9200019836426, "AUTLANB": 515.8799972534181, "LIVEPOLC-1": 485.2000122070312, "GCARSOA1": 326.5999984741211, "FSHOP13": 262.0799865722656, "SITESB-1": 253.99999618530273, "NAFTRACISHRS": 250.98001098632812, "DANHOS13": 240.20000457763672, "CHDRAUIB": 225.12000274658203, "AXTELCPO": 219.42000460624695, "GICSAB": 166.31999588012695, "SORIANAB": 134.75000381469727, "TLEVISACPO": 111.30000305175781}, "pct": {"PSOTRAC15": 0.3948265126523054, "DLRTRAC15": 0.37456859136049153, "FRAGUAB": 0.04149641814177545, "PYPL": 0.033927041614109345, "CETETRCISHRS": 0.02135607362797229, "VALUEGFO": 0.01996525778519385, "MONEXB": 0.019524847966996245, "LACOMERUBC": 0.015260210574739691, "CMOCTEZ": 0.012155318710397434, "BACHOCOB": 0.011796140061956749, "CORPTRCISHRS": 0.010192068124448969, "UDITRACISHRS": 0.006715960552143646, "GFINBURO": 0.006977270401874675, "AUTLANB": 0.005048861338916465, "LIVEPOLC-1": 0.004748599667202246, "GCARSOA1": 0.0031963986089116403, "FSHOP13": 0.002564948280517366, "SITESB-1": 0.0024858702947440315, "NAFTRACISHRS": 0.0024563140285651106, "DANHOS13": 0.0023508112800966962, "CHDRAUIB": 0.0022032249448230676, "AXTELCPO": 0.002147439683917717, "GICSAB": 0.0016277556826368206, "SORIANAB": 0.00131878360917465, "TLEVISACPO": 0.001089281006088827}}