{"allocation": {"PSOTRAC15": 2453, "UDITRACISHRS": 127, "JPM": 6, "CMOCTEZ": 189, "PYPL": 4, "SORIANAB": 165, "TWTR": 8, "VALUEGFO": 32, "UNIFINA": 52, "MONEXB": 222, "NAFTRACISHRS": 55, "MEXTRAC09": 82, "AUTLANB": 129, "CYDSASAA": 64, "BACHOCOB": 22, "FRAGUAB": 8, "GCARSOA1": 22, "POCHTECB": 187, "GE": 1, "AXTELCPO": 104}, "qty": {"PSOTRAC15": 15674.669672489166, "UDITRACISHRS": 15077.440155029297, "JPM": 13158.0, "CMOCTEZ": 13766.759307861328, "PYPL": 6040.0, "SORIANAB": 6270.0, "TWTR": 4817.919921875, "VALUEGFO": 3804.800048828125, "UNIFINA": 3371.9737854003906, "MONEXB": 3219.0, "NAFTRACISHRS": 2607.549991607666, "MEXTRAC09": 2476.400062561035, "AUTLANB": 2373.5999507904057, "CYDSASAA": 2112.0, "BACHOCOB": 2016.5200805664062, "FRAGUAB": 1952.0, "GCARSOA1": 1456.1800537109375, "POCHTECB": 1309.0, "GE": 2134.080078125, "AXTELCPO": 456.55998611450195}, "pct": {"PSOTRAC15": 0.15058121932962254, "UDITRACISHRS": 0.1448438385211077, "JPM": 0.1264044299074873, "CMOCTEZ": 0.1322525734901813, "PYPL": 0.058024225310930475, "SORIANAB": 0.060233757069459284, "TWTR": 0.046284117727962835, "VALUEGFO": 0.03655141975103351, "UNIFINA": 0.03239340507725553, "MONEXB": 0.03092383795958364, "NAFTRACISHRS": 0.0250498457322116, "MEXTRAC09": 0.023789932978484078, "AUTLANB": 0.022802367275277482, "CYDSASAA": 0.020289265539186283, "BACHOCOB": 0.019372022433576296, "FRAGUAB": 0.01875219996803581, "GCARSOA1": 0.013989026412219581, "POCHTECB": 0.012575117703974834, "GE": 0.02050138133852535, "AXTELCPO": 0.004386016473884627}}