{"allocation": {"PSOTRAC15": 3213, "BACHOCOB": 204, "VALUEGFO": 150, "CMOCTEZ": 132, "PYPL": 5, "AUTLANB": 311, "TWTR": 5, "MONEXB": 273, "FRAGUAB": 10, "AAL": 2, "LACOMERUBC": 83, "LIVEPOLC-1": 13, "POCHTECB": 210, "DANHOS13": 37, "LIVEPOL1": 8, "JPM": 1, "GFINBURO": 26, "NAFTRACISHRS": 15, "GCARSOA1": 9, "GICSAB": 49, "UNIFINA": 6}, "qty": {"PSOTRAC15": 20219.409710884094, "BACHOCOB": 19518.72006225586, "VALUEGFO": 17250.0, "CMOCTEZ": 10354.080322265625, "PYPL": 8325.0, "AUTLANB": 5262.120023727417, "TWTR": 4424.849853515625, "MONEXB": 3822.0, "FRAGUAB": 2650.0, "AAL": 1490.0, "LACOMERUBC": 1723.9100379943848, "LIVEPOLC-1": 1656.720031738281, "POCHTECB": 1470.0, "DANHOS13": 1091.8700084686282, "LIVEPOL1": 1040.0, "JPM": 2080.02001953125, "GFINBURO": 722.7999801635742, "NAFTRACISHRS": 714.5999908447266, "GCARSOA1": 603.4500274658203, "GICSAB": 426.79000186920166, "UNIFINA": 310.51590728759766}, "pct": {"PSOTRAC15": 0.19227856826674145, "BACHOCOB": 0.1856152875694301, "VALUEGFO": 0.16404065944694002, "CMOCTEZ": 0.09846319791484281, "PYPL": 0.07916744868961019, "AUTLANB": 0.050040674711953226, "TWTR": 0.042078567415907195, "MONEXB": 0.03634570437137419, "FRAGUAB": 0.025200449132428467, "AAL": 0.01416930913483714, "LACOMERUBC": 0.01639370083824918, "LIVEPOLC-1": 0.015754750523205973, "POCHTECB": 0.013979117065913151, "DANHOS13": 0.010383250795335058, "LIVEPOL1": 0.009889987584047398, "JPM": 0.019780165545898162, "GFINBURO": 0.006873541182276399, "NAFTRACISHRS": 0.006795562535591087, "GCARSOA1": 0.0057385704607981, "GICSAB": 0.004058603672578818, "UNIFINA": 0.002952883142041879}}