{"allocation": {"PSOTRAC15": 7421, "DLRTRAC15": 900, "PYPL": 6, "AUTLANB": 362, "CMOCTEZ": 51, "CORPTRCISHRS": 300, "M5TRACISHRS": 27, "CETETRCISHRS": 20, "CYDSASAA": 46, "MONEXB": 115, "LACOMERUBC": 64, "JPM": 1, "TWTR": 3, "GFINBURO": 19, "AXTELCPO": 132, "TLEVISACPO": 6, "GCARSOA1": 5}, "qty": {"PSOTRAC15": 51427.52872610092, "DLRTRAC15": 16596.000480651855, "PYPL": 9893.460205078125, "AUTLANB": 5922.320220947266, "CMOCTEZ": 3978.0, "CORPTRCISHRS": 2640.000057220459, "M5TRACISHRS": 2331.990074157715, "CETETRCISHRS": 2073.6000061035156, "CYDSASAA": 1508.3400421142578, "MONEXB": 1363.8999605178833, "LACOMERUBC": 1356.1600341796875, "JPM": 2158.010009765625, "TWTR": 1599.6000366210938, "GFINBURO": 557.8400115966796, "AXTELCPO": 492.3600025177002, "TLEVISACPO": 399.24000549316406, "GCARSOA1": 310.3499984741211}, "pct": {"PSOTRAC15": 0.49161808519993216, "DLRTRAC15": 0.15864837724808561, "PYPL": 0.09457588343251887, "AUTLANB": 0.056614031416315276, "CMOCTEZ": 0.0380274298876193, "CORPTRCISHRS": 0.025236907259744076, "M5TRACISHRS": 0.022292506044157022, "CETETRCISHRS": 0.019822443149087078, "CYDSASAA": 0.01441887762649288, "MONEXB": 0.013038112147390785, "LACOMERUBC": 0.01296412282960268, "JPM": 0.02062935503849747, "TWTR": 0.015291271553756135, "GFINBURO": 0.005332634974736418, "AXTELCPO": 0.004706683125995452, "TLEVISACPO": 0.0038165086267531526, "GCARSOA1": 0.002966770439315585}}