{"allocation": {"BACHOCOB": 297, "PSOTRAC15": 3539, "TWTR": 19, "CMOCTEZ": 125, "AUTLANB": 362, "MONEXB": 324, "CORPTRCISHRS": 363, "AAL": 3, "FRAGUAB": 11, "LACOMERUBC": 99, "DANHOS13": 53, "PYPL": 1, "JPM": 1, "NAFTRACISHRS": 25, "POCHTECB": 151, "GCARSOA1": 13, "GICSAB": 47, "AXTELCPO": 100, "UNIFINA": 4}, "qty": {"BACHOCOB": 28304.100906372067, "PSOTRAC15": 23435.258769512177, "TWTR": 9923.699768066406, "CMOCTEZ": 9274.999618530273, "AUTLANB": 6686.139751434325, "MONEXB": 4536.0, "CORPTRCISHRS": 3172.6199169158936, "AAL": 2910.0, "FRAGUAB": 2683.890060424805, "LACOMERUBC": 1823.5800075531006, "DANHOS13": 1601.1299514770508, "PYPL": 1381.0, "JPM": 1981.0, "NAFTRACISHRS": 1151.2499809265137, "POCHTECB": 1057.0, "GCARSOA1": 832.3899841308594, "GICSAB": 486.91998386383057, "AXTELCPO": 409.00001525878906, "UNIFINA": 241.42205810546875}, "pct": {"BACHOCOB": 0.27778694464657244, "PSOTRAC15": 0.23000232199988344, "TWTR": 0.0973948703504113, "CMOCTEZ": 0.091028286471718, "AUTLANB": 0.06562025549494836, "MONEXB": 0.044517986460159246, "CORPTRCISHRS": 0.031137268629738382, "AAL": 0.02855981935605454, "FRAGUAB": 0.026340692542007816, "LACOMERUBC": 0.01789729058317152, "DANHOS13": 0.0157140832232828, "PYPL": 0.01355364623048499, "JPM": 0.0194422687781251, "NAFTRACISHRS": 0.011298794326090194, "POCHTECB": 0.01037379005475933, "GCARSOA1": 0.008169384048304622, "GICSAB": 0.004778813326461853, "AXTELCPO": 0.004014077853063425, "UNIFINA": 0.002369405624762574}}