{"allocation": {"PSOTRAC15": 4066, "BACHOCOB": 263, "CMOCTEZ": 139, "TWTR": 16, "AUTLANB": 348, "MONEXB": 256, "CORPTRCISHRS": 396, "AAL": 4, "PYPL": 2, "FRAGUAB": 11, "DANHOS13": 54, "LACOMERUBC": 74, "JPM": 1, "NAFTRACISHRS": 25, "POCHTECB": 172, "GCARSOA1": 16, "GICSAB": 60, "AXTELCPO": 114, "UNIFINA": 6}, "qty": {"PSOTRAC15": 26510.319922447205, "BACHOCOB": 25340.049598693848, "CMOCTEZ": 10564.0, "TWTR": 9120.0, "AUTLANB": 6681.60026550293, "MONEXB": 4093.43994140625, "CORPTRCISHRS": 3457.079818725586, "AAL": 3208.0, "PYPL": 2777.679931640625, "FRAGUAB": 2651.0, "DANHOS13": 1796.039909362793, "LACOMERUBC": 1458.5399322509766, "JPM": 2051.0, "NAFTRACISHRS": 1207.4999809265137, "POCHTECB": 1204.0, "GCARSOA1": 1075.199951171875, "GICSAB": 594.5999908447266, "AXTELCPO": 483.3599739074707, "UNIFINA": 388.60935974121094}, "pct": {"PSOTRAC15": 0.2532945597933339, "BACHOCOB": 0.24211313658299694, "CMOCTEZ": 0.10093441865222771, "TWTR": 0.087137627613434, "AUTLANB": 0.06383978024092281, "MONEXB": 0.03911103566581304, "CORPTRCISHRS": 0.0330308918721522, "AAL": 0.030651042695602662, "PYPL": 0.02653952187638263, "FRAGUAB": 0.025329150307369905, "DANHOS13": 0.017160379035188685, "LACOMERUBC": 0.013935713758312374, "JPM": 0.019596411648591352, "NAFTRACISHRS": 0.011537136368552983, "POCHTECB": 0.011503695575282295, "GCARSOA1": 0.0102730672099997, "GICSAB": 0.005681143923374895, "AXTELCPO": 0.0046182940142092494, "UNIFINA": 0.0037129931662527025}}