{"allocation": {"PSOTRAC15": 6357, "DLRTRAC15": 1746, "CMOCTEZ": 78, "M5TRACISHRS": 54, "LACOMERUBC": 132, "PYPL": 1, "CETETRCISHRS": 18, "MONEXB": 125, "CYDSASAA": 42, "TWTR": 2, "UDITRACISHRS": 10, "GFINBURO": 40, "AUTLANB": 54, "BACHOCOB": 8, "NAFTRACISHRS": 7, "AXTELCPO": 78, "GCARSOA1": 5, "CHDRAUIB": 5}, "qty": {"PSOTRAC15": 40913.65117549896, "DLRTRAC15": 34867.618801116936, "CMOCTEZ": 5773.55973815918, "M5TRACISHRS": 4625.100082397461, "LACOMERUBC": 2798.400100708008, "PYPL": 1720.0, "CETETRCISHRS": 1868.5799560546877, "MONEXB": 1787.500023841858, "CYDSASAA": 1318.3799743652346, "TWTR": 1414.02001953125, "UDITRACISHRS": 1155.8000183105466, "GFINBURO": 1053.199996948242, "AUTLANB": 755.4599876403809, "BACHOCOB": 596.0800170898438, "NAFTRACISHRS": 307.02000427246094, "AXTELCPO": 258.1799955368042, "GCARSOA1": 298.89999389648443, "CHDRAUIB": 179.54999923706055}, "pct": {"PSOTRAC15": 0.40233306017175585, "DLRTRAC15": 0.34287811940764884, "CMOCTEZ": 0.056775523347304756, "M5TRACISHRS": 0.045481901915074355, "LACOMERUBC": 0.027518660489950067, "PYPL": 0.016913984540930686, "CETETRCISHRS": 0.018375077029187167, "MONEXB": 0.017577760331496755, "CYDSASAA": 0.012964568898538472, "TWTR": 0.013905065552859343, "UDITRACISHRS": 0.011365804443088367, "GFINBURO": 0.010356865387727215, "AUTLANB": 0.007428975902465749, "BACHOCOB": 0.005861679182683323, "NAFTRACISHRS": 0.0030191462825702774, "AXTELCPO": 0.0025388677053994535, "GCARSOA1": 0.0029392964395636126, "CHDRAUIB": 0.0017656429717556735}}