{"allocation": {"BACHOCOB": 247, "VALUEGFO": 119, "PSOTRAC15": 2315, "CMOCTEZ": 127, "PYPL": 4, "CORPTRCISHRS": 501, "TWTR": 5, "MONEXB": 228, "AUTLANB": 191, "AAL": 3, "CETETRCISHRS": 23, "DLRTRAC15": 117, "UDITRACISHRS": 19, "FRAGUAB": 9, "LACOMERUBC": 82, "DANHOS13": 40, "POCHTECB": 163, "JPM": 1, "NAFTRACISHRS": 15, "GFINBURO": 24, "GCARSOA1": 9, "GFAMSAA": 46, "SORIANAB": 15, "GICSAB": 43, "UNIFINA": 7, "AXTELCPO": 74}, "qty": {"BACHOCOB": 22501.69962310791, "VALUEGFO": 14518.0, "PSOTRAC15": 14371.52042388916, "CMOCTEZ": 9585.960426330566, "PYPL": 6576.0, "CORPTRCISHRS": 4348.680152893066, "TWTR": 3452.2500610351562, "MONEXB": 3420.0, "AUTLANB": 3365.420160293579, "AAL": 2580.0, "CETETRCISHRS": 2385.7900772094727, "DLRTRAC15": 2302.5600357055664, "UDITRACISHRS": 2240.67000579834, "FRAGUAB": 2159.910049438477, "LACOMERUBC": 1595.7199249267578, "DANHOS13": 1218.0000305175781, "POCHTECB": 1141.0, "JPM": 2140.010009765625, "NAFTRACISHRS": 671.100025177002, "GFINBURO": 676.0800018310547, "GCARSOA1": 559.5299835205078, "GFAMSAA": 561.6600017547607, "SORIANAB": 482.7000045776367, "GICSAB": 392.1599950790405, "UNIFINA": 383.67412185668945, "AXTELCPO": 305.62000846862793}, "pct": {"BACHOCOB": 0.21649631790612722, "VALUEGFO": 0.13968249492288948, "PSOTRAC15": 0.13827316632071224, "CMOCTEZ": 0.09222970578467687, "PYPL": 0.06326987784907848, "CORPTRCISHRS": 0.04184009459827497, "TWTR": 0.03321524325823723, "MONEXB": 0.03290495472077986, "AUTLANB": 0.03237982397393565, "AAL": 0.02482303601743042, "CETETRCISHRS": 0.022954477913410407, "DLRTRAC15": 0.022153694069230682, "UDITRACISHRS": 0.02155822955701869, "FRAGUAB": 0.02078121122155862, "LACOMERUBC": 0.015352950841158248, "DANHOS13": 0.011718782413476432, "POCHTECB": 0.010977939572049657, "JPM": 0.020589746337237883, "NAFTRACISHRS": 0.0064568760063051095, "GFINBURO": 0.00650479001399872, "GCARSOA1": 0.005383423617737138, "GFAMSAA": 0.005403917229887, "SORIANAB": 0.004644216898931979, "GICSAB": 0.0037731014273032406, "UNIFINA": 0.0036914560255056554, "AXTELCPO": 0.002940471503048117}}