{"allocation": {"CMOCTEZ": 611, "MEXTRAC09": 577, "JPM": 6, "GCARSOA1": 143, "PSOTRAC15": 1216, "PYPL": 3, "MONEXB": 264, "FRAGUAB": 3, "BACHOCOB": 4, "UNIFINA": 2, "VALUEGFO": 2, "POCHTECB": 13, "GICSAB": 9, "AXTELCPO": 11}, "qty": {"CMOCTEZ": 45207.88869476318, "MEXTRAC09": 17425.400440216064, "JPM": 12686.51953125, "GCARSOA1": 9284.990043640137, "PSOTRAC15": 7210.879791259766, "PYPL": 4353.0, "MONEXB": 4197.599899291991, "FRAGUAB": 720.0, "BACHOCOB": 374.4800109863282, "UNIFINA": 128.95584106445312, "VALUEGFO": 192.0, "POCHTECB": 91.0, "GICSAB": 82.89000034332275, "AXTELCPO": 41.579999685287476}, "pct": {"CMOCTEZ": 0.4432268304863022, "MEXTRAC09": 0.1708419753733434, "JPM": 0.1243810760485673, "GCARSOA1": 0.09103182712038944, "PSOTRAC15": 0.07069685152688894, "PYPL": 0.04267764872041831, "MONEXB": 0.041154076262542354, "FRAGUAB": 0.007059018396209782, "BACHOCOB": 0.003671474009118517, "UNIFINA": 0.0012643078532953882, "VALUEGFO": 0.001882404905655942, "POCHTECB": 0.0008921814917431808, "GICSAB": 0.0008126694962296535, "AXTELCPO": 0.00040765830929561286}}