{"allocation": {"PSOTRAC15": 6273, "DLRTRAC15": 1619, "LACOMERUBC": 439, "PYPL": 4, "CETETRCISHRS": 79, "CORPTRCISHRS": 522, "MONEXB": 85}, "qty": {"PSOTRAC15": 45165.5988035202, "DLRTRAC15": 30696.23851776123, "LACOMERUBC": 9636.05033493042, "PYPL": 8752.0, "CETETRCISHRS": 8277.619903564453, "CORPTRCISHRS": 4463.100099563599, "MONEXB": 1045.5000162124634}, "pct": {"PSOTRAC15": 0.41806021871094107, "DLRTRAC15": 0.28412943763159587, "LACOMERUBC": 0.08919286840533755, "PYPL": 0.08100995295279878, "CETETRCISHRS": 0.0766190126769775, "CORPTRCISHRS": 0.04131118933835451, "MONEXB": 0.009677320283994746}}