{"allocation": {"CETETRCISHRS": 716, "FRAGUAB": 34, "GFINBURO": 234, "PYPL": 3, "VALUEGFO": 44, "DLRTRAC15": 54, "UDITRACISHRS": 8, "CMOCTEZ": 1}, "qty": {"CETETRCISHRS": 74600.04174804686, "FRAGUAB": 8840.0, "GFINBURO": 6729.8400535583505, "PYPL": 5670.0, "VALUEGFO": 4510.0, "DLRTRAC15": 1026.0, "UDITRACISHRS": 937.5200195312499, "CMOCTEZ": 61.0}, "pct": {"CETETRCISHRS": 0.7286981942847822, "FRAGUAB": 0.08634971089203348, "GFINBURO": 0.0657375274857908, "PYPL": 0.05538493899975451, "VALUEGFO": 0.04405398146188586, "DLRTRAC15": 0.010022036580907959, "UDITRACISHRS": 0.00915775821742274, "CMOCTEZ": 0.000595852077422403}}