{"allocation": {"PSOTRAC15": 6519, "DLRTRAC15": 2099, "PYPL": 2, "UDITRACISHRS": 23, "CETETRCISHRS": 17, "GFINBURO": 55, "MONEXB": 103, "CORPTRCISHRS": 134, "LACOMERUBC": 54, "CMOCTEZ": 14, "VALUEGFO": 8, "AUTLANB": 28, "BACHOCOB": 5, "CHDRAUIB": 7, "NAFTRACISHRS": 6, "DANHOS13": 11, "AXTELCPO": 70, "SORIANAB": 7, "GICSAB": 21, "TLEVISACPO": 3}, "qty": {"PSOTRAC15": 43898.94734287262, "DLRTRAC15": 40657.6317615509, "PYPL": 3270.0, "UDITRACISHRS": 2751.030014038086, "CETETRCISHRS": 1774.2900466918948, "GFINBURO": 1555.950050354004, "MONEXB": 1452.300039291382, "CORPTRCISHRS": 1097.5939979553223, "LACOMERUBC": 1082.1600494384766, "CMOCTEZ": 935.2000427246094, "VALUEGFO": 872.0, "AUTLANB": 398.16000747680664, "BACHOCOB": 322.59998321533203, "CHDRAUIB": 275.80001068115234, "NAFTRACISHRS": 249.0, "DANHOS13": 255.5299949645996, "AXTELCPO": 207.90000200271604, "SORIANAB": 194.25, "GICSAB": 133.5600028038025, "TLEVISACPO": 148.02000045776367}, "pct": {"PSOTRAC15": 0.4323659583700527, "DLRTRAC15": 0.4004418553442547, "PYPL": 0.03220661928012315, "UDITRACISHRS": 0.027095222107130425, "CETETRCISHRS": 0.017475193891840303, "GFINBURO": 0.015324737275425031, "MONEXB": 0.014303875977359461, "CORPTRCISHRS": 0.010810333949937412, "LACOMERUBC": 0.010658323153646563, "CMOCTEZ": 0.009210896552534067, "VALUEGFO": 0.00858843180803284, "AUTLANB": 0.003921525312959174, "BACHOCOB": 0.0031773256388961217, "CHDRAUIB": 0.0027163871380617042, "NAFTRACISHRS": 0.002452430642431396, "DANHOS13": 0.0025167453402069255, "AXTELCPO": 0.002047631869369516, "SORIANAB": 0.0019131913746678662, "GICSAB": 0.0013154483673866201, "TLEVISACPO": 0.0014578666056840517}}