{"allocation": {"PSOTRAC15": 6434, "DLRTRAC15": 1935, "LACOMERUBC": 457, "CETETRCISHRS": 63, "PYPL": 2, "CYDSASAA": 81}, "qty": {"PSOTRAC15": 47470.050601005554, "DLRTRAC15": 37732.5, "LACOMERUBC": 11836.299825668337, "CETETRCISHRS": 6630.75, "PYPL": 4088.0, "CYDSASAA": 2073.600030899048}, "pct": {"PSOTRAC15": 0.4322091573545435, "DLRTRAC15": 0.34354991880996344, "LACOMERUBC": 0.1077681002880472, "CETETRCISHRS": 0.06037218907173299, "PYPL": 0.037220753146362695, "CYDSASAA": 0.018879881329350177}}