{"allocation": {"CETETRCISHRS": 761, "LACOMERUBC": 563, "GFINBURO": 285, "GCARSOA1": 54, "DLRTRAC15": 148, "TWTR": 3, "AXTELCPO": 546}, "qty": {"CETETRCISHRS": 80764.92790985106, "LACOMERUBC": 14773.119871139526, "GFINBURO": 6811.499891281129, "GCARSOA1": 3477.600082397461, "DLRTRAC15": 2812.0, "TWTR": 1724.31005859375, "AXTELCPO": 1594.3200416564941}, "pct": {"CETETRCISHRS": 0.7213873788608984, "LACOMERUBC": 0.1319525999371235, "GFINBURO": 0.06083989894929691, "GCARSOA1": 0.031061710486107647, "DLRTRAC15": 0.025116611403666233, "TWTR": 0.015401431607799493, "AXTELCPO": 0.014240368755107797}}