{"allocation": {"PSOTRAC15": 6368, "DLRTRAC15": 1897, "LACOMERUBC": 465, "PYPL": 3, "CETETRCISHRS": 67, "CYDSASAA": 53}, "qty": {"PSOTRAC15": 47594.43185424805, "DLRTRAC15": 35853.299276351936, "LACOMERUBC": 10695.0, "PYPL": 6354.0, "CETETRCISHRS": 7041.029754638672, "CYDSASAA": 1269.350040435791}, "pct": {"PSOTRAC15": 0.4374202333775736, "DLRTRAC15": 0.32951246450099325, "LACOMERUBC": 0.09829320812778218, "PYPL": 0.058396918601582797, "CETETRCISHRS": 0.06471111763502628, "CYDSASAA": 0.011666057757041976}}