{"allocation": {"PSOTRAC15": 6527, "DLRTRAC15": 1885, "LACOMERUBC": 483, "CETETRCISHRS": 63, "PYPL": 2, "CYDSASAA": 84}, "qty": {"PSOTRAC15": 46981.34570121765, "DLRTRAC15": 37341.84899330139, "LACOMERUBC": 11707.919889450073, "CETETRCISHRS": 6611.220153808593, "PYPL": 4378.0, "CYDSASAA": 2058.0}, "pct": {"PSOTRAC15": 0.4307119815695751, "DLRTRAC15": 0.3423397421960145, "LACOMERUBC": 0.10733497094171537, "CETETRCISHRS": 0.06060983759700626, "PYPL": 0.040136292972611204, "CYDSASAA": 0.01886717472307763}}