{"allocation": {"PSOTRAC15": 5903, "DLRTRAC15": 1844, "CETETRCISHRS": 120, "CYDSASAA": 129, "VALUEGFO": 23, "TWTR": 3, "LIVEPOLC-1": 12, "LACOMERUBC": 66, "CORPTRCISHRS": 92, "GFINBURO": 17, "CHDRAUIB": 7, "CMOCTEZ": 4, "NAFTRACISHRS": 4, "GFAMSAA": 18, "AAL": 1, "UNIFINA": 3, "SORIANAB": 5, "MFRISCOA-1": 16, "AXTELCPO": 29, "TLEVISACPO": 2}, "qty": {"PSOTRAC15": 41751.918729782104, "DLRTRAC15": 35349.480140686035, "CETETRCISHRS": 12548.399963378906, "CYDSASAA": 3870.0, "VALUEGFO": 2645.0, "TWTR": 1912.5, "LIVEPOLC-1": 1477.1999816894531, "LACOMERUBC": 1386.0, "CORPTRCISHRS": 782.0, "GFINBURO": 457.1299896240235, "CHDRAUIB": 263.47999572753906, "CMOCTEZ": 238.67999267578125, "NAFTRACISHRS": 173.0, "GFAMSAA": 122.57999897003174, "AAL": 612.0, "UNIFINA": 120.56587600708008, "SORIANAB": 112.65000343322754, "MFRISCOA-1": 70.87999725341797, "AXTELCPO": 66.40999889373781, "TLEVISACPO": 85.9800033569336}, "pct": {"PSOTRAC15": 0.40128382684358316, "DLRTRAC15": 0.33974904865072214, "CETETRCISHRS": 0.12060451618183261, "CYDSASAA": 0.037195138741657814, "VALUEGFO": 0.025421483713613673, "TWTR": 0.01838131856419136, "LIVEPOLC-1": 0.014197586115791624, "LACOMERUBC": 0.013321049688872799, "CORPTRCISHRS": 0.007515916924024912, "GFINBURO": 0.004393543510862571, "CHDRAUIB": 0.0025323449603972155, "CMOCTEZ": 0.002293988486416939, "NAFTRACISHRS": 0.0016627284243686826, "GFAMSAA": 0.0011781343846621712, "AAL": 0.0058820219405412355, "UNIFINA": 0.0011587763528663711, "SORIANAB": 0.001082695738229232, "MFRISCOA-1": 0.0006812380702452728, "AXTELCPO": 0.0006382762590919689, "TLEVISACPO": 0.0008263664480282557}}