{"allocation": {"DLRTRAC15": 1972, "PSOTRAC15": 4486, "CETETRCISHRS": 159, "UDITRACISHRS": 41, "GCARSOA1": 34, "LACOMERUBC": 94, "VALUEGFO": 17, "CORPTRCISHRS": 196, "LIVEPOLC-1": 13, "PYPL": 1, "LIVEPOL1": 5, "CMOCTEZ": 5, "GFINBURO": 10, "CHDRAUIB": 6, "NAFTRACISHRS": 4, "GFAMSAA": 26, "SORIANAB": 5, "AUTLANB": 11, "AXTELCPO": 33, "TLEVISACPO": 2}, "qty": {"DLRTRAC15": 36975.0, "PSOTRAC15": 32877.89398288727, "CETETRCISHRS": 16677.5099029541, "UDITRACISHRS": 5008.560150146484, "GCARSOA1": 2499.340072631836, "LACOMERUBC": 2039.8000717163086, "VALUEGFO": 1921.0, "CORPTRCISHRS": 1656.1999626159668, "LIVEPOLC-1": 1595.3600158691406, "PYPL": 2130.5, "LIVEPOL1": 625.0, "CMOCTEZ": 301.7499923706054, "GFINBURO": 290.2000045776367, "CHDRAUIB": 224.75999450683594, "NAFTRACISHRS": 178.60000610351562, "GFAMSAA": 169.0, "SORIANAB": 114.94999885559082, "AUTLANB": 119.01999664306642, "AXTELCPO": 77.21999716758728, "TLEVISACPO": 77.12000274658203}, "pct": {"DLRTRAC15": 0.3502787598124501, "PSOTRAC15": 0.3114652584062466, "CETETRCISHRS": 0.15799262976515532, "UDITRACISHRS": 0.04744806593209924, "GCARSOA1": 0.02367723437433505, "LACOMERUBC": 0.019323830679814344, "VALUEGFO": 0.018198390739681318, "CORPTRCISHRS": 0.015689835534997892, "LIVEPOLC-1": 0.015113474721109217, "PYPL": 0.0201830668770906, "LIVEPOL1": 0.00592087153165061, "CMOCTEZ": 0.0028585967032046505, "GFINBURO": 0.0027491791129417697, "CHDRAUIB": 0.002129240084687156, "NAFTRACISHRS": 0.0016919483067054895, "GFAMSAA": 0.001601003662158325, "SORIANAB": 0.0010889666812597407, "AUTLANB": 0.0011275233757137332, "AXTELCPO": 0.0007315354926459333, "TLEVISACPO": 0.0007305882060528871}}