{"allocation": {"CETETRCISHRS": 660, "LACOMERUBC": 480, "UDITRACISHRS": 69, "FRAGUAB": 31, "PSOTRAC15": 690, "PYPL": 2, "AAL": 6, "VALUEGFO": 4}, "qty": {"CETETRCISHRS": 69781.80221557617, "LACOMERUBC": 12436.799926757812, "UDITRACISHRS": 8911.349578857422, "FRAGUAB": 6820.309829711915, "PSOTRAC15": 5223.30011844635, "PYPL": 4219.60009765625, "AAL": 3377.280029296875, "VALUEGFO": 371.0}, "pct": {"CETETRCISHRS": 0.6278648278062694, "LACOMERUBC": 0.11190065312947499, "UDITRACISHRS": 0.08018025890999252, "FRAGUAB": 0.06136603700185935, "PSOTRAC15": 0.046996872040039585, "PYPL": 0.03796603705564505, "AAL": 0.030387225275398784, "VALUEGFO": 0.003338088781320287}}