{"allocation": {"PSOTRAC15": 8488, "PYPL": 13, "TWTR": 14, "VALUEGFO": 63}, "qty": {"PSOTRAC15": 60621.29768371582, "PYPL": 28123.421142578125, "TWTR": 10003.980102539062, "VALUEGFO": 7119.0}, "pct": {"PSOTRAC15": 0.5726137272943564, "PYPL": 0.2656468538291685, "TWTR": 0.09449511233132588, "VALUEGFO": 0.0672443065451491}}