{"allocation": {"PSOTRAC15": 5541, "DLRTRAC15": 1780, "FRAGUAB": 37, "PYPL": 2, "CETETRCISHRS": 29, "MONEXB": 170, "VALUEGFO": 19, "UDITRACISHRS": 14, "LACOMERUBC": 76, "CORPTRCISHRS": 155, "CMOCTEZ": 17, "GFINBURO": 35, "LIVEPOL1": 7, "LIVEPOLC-1": 5, "DANHOS13": 14, "NAFTRACISHRS": 8, "AXTELCPO": 75, "SORIANAB": 9, "MFRISCOA-1": 33, "TLEVISACPO": 4}, "qty": {"PSOTRAC15": 39030.804824352264, "DLRTRAC15": 33553.00067901611, "FRAGUAB": 9620.0, "PYPL": 3360.0, "CETETRCISHRS": 3024.410026550293, "MONEXB": 2380.0, "VALUEGFO": 2071.0, "UDITRACISHRS": 1637.020004272461, "LACOMERUBC": 1497.2000579833984, "CORPTRCISHRS": 1289.599952697754, "CMOCTEZ": 1105.0, "GFINBURO": 969.5000267028809, "LIVEPOL1": 854.0, "LIVEPOLC-1": 626.1000061035156, "DANHOS13": 382.6199989318847, "NAFTRACISHRS": 351.6000061035156, "AXTELCPO": 223.50000143051147, "SORIANAB": 242.7299938201904, "MFRISCOA-1": 163.6800012588501, "TLEVISACPO": 191.24000549316406}, "pct": {"PSOTRAC15": 0.3805173164406892, "DLRTRAC15": 0.3271133617246315, "FRAGUAB": 0.09378685888320468, "PYPL": 0.0327571565330112, "CETETRCISHRS": 0.029485438291582292, "MONEXB": 0.023202985877549598, "VALUEGFO": 0.020190497374960176, "UDITRACISHRS": 0.015959559680840375, "LACOMERUBC": 0.014596433529939175, "CORPTRCISHRS": 0.01257250818913219, "CMOCTEZ": 0.010772814871719457, "GFINBURO": 0.00945180480162643, "LIVEPOL1": 0.008325777285473679, "LIVEPOLC-1": 0.006103945209896467, "DANHOS13": 0.00373022118978343, "NAFTRACISHRS": 0.0034278025109942124, "AXTELCPO": 0.002178935872615325, "SORIANAB": 0.0023664120246502432, "MFRISCOA-1": 0.0015957414948094115, "TLEVISACPO": 0.0018644282128909217}}