{"allocation": {"CETETRCISHRS": 716, "PYPL": 4, "PSOTRAC15": 1092, "JPM": 4, "CMOCTEZ": 73, "CHDRAUIB": 79, "TWTR": 1, "SITESB-1": 56}, "qty": {"CETETRCISHRS": 75709.83847045897, "PYPL": 17899.6796875, "PSOTRAC15": 7757.568099975586, "JPM": 8775.48046875, "CMOCTEZ": 3372.60005569458, "CHDRAUIB": 1999.4899578094482, "TWTR": 891.5800170898438, "SITESB-1": 925.1200256347656}, "pct": {"CETETRCISHRS": 0.6452651750251003, "PYPL": 0.15255665815420544, "PSOTRAC15": 0.06611675099205287, "JPM": 0.07479228664325785, "CMOCTEZ": 0.02874423468855452, "CHDRAUIB": 0.017041394667487823, "TWTR": 0.0075988213341762305, "SITESB-1": 0.007884678495164983}}