{"allocation": {"DLRTRAC15": 2090, "PSOTRAC15": 6349, "CORPTRCISHRS": 1117, "PYPL": 1, "CYDSASAA": 271, "GFINBURO": 207, "CMOCTEZ": 47}, "qty": {"DLRTRAC15": 45666.50079727173, "PSOTRAC15": 44093.80608987808, "CORPTRCISHRS": 9204.07974433899, "PYPL": 4349.35009765625, "CYDSASAA": 5257.399896621705, "GFINBURO": 3309.92995262146, "CMOCTEZ": 2209.0}, "pct": {"DLRTRAC15": 0.4002671062155574, "PSOTRAC15": 0.3864824292970538, "CORPTRCISHRS": 0.08067380465603562, "PYPL": 0.0381220751998416, "CYDSASAA": 0.04608113619610772, "GFINBURO": 0.029011552468043274, "CMOCTEZ": 0.019361895967360626}}