{"allocation": {"LACOMERUBC": 1506, "FRAGUAB": 141, "PSOTRAC15": 2459, "SITESB-1": 799, "MONEXB": 742}, "qty": {"LACOMERUBC": 37951.20114898682, "FRAGUAB": 32148.0, "PSOTRAC15": 15540.880422115326, "SITESB-1": 12664.150304794313, "MONEXB": 9534.700283050539}, "pct": {"LACOMERUBC": 0.3519248604302704, "FRAGUAB": 0.2981112605289536, "PSOTRAC15": 0.14411196504810678, "SITESB-1": 0.11743579105668672, "MONEXB": 0.08841612293598254}}