{"allocation": {"CETETRCISHRS": 743, "PYPL": 5, "PSOTRAC15": 1505, "JPM": 2, "TWTR": 2}, "qty": {"CETETRCISHRS": 78564.81841278075, "PYPL": 19997.2998046875, "PSOTRAC15": 10053.399741649628, "JPM": 4329.0, "TWTR": 1367.4200439453125}, "pct": {"CETETRCISHRS": 0.6872844585197695, "PYPL": 0.17493623285567636, "PSOTRAC15": 0.08794706762280795, "JPM": 0.03787006042959395, "TWTR": 0.01196218057215223}}