{"allocation": {"DLRTRAC15": 3707, "GFINBURO": 829, "FSHOP13": 1124, "LACOMERUBC": 367, "BACHOCOB": 55}, "qty": {"DLRTRAC15": 69357.96660614014, "GFINBURO": 17761.324367523193, "FSHOP13": 11408.599571228026, "LACOMERUBC": 8719.920083999636, "BACHOCOB": 4164.324798583984}, "pct": {"DLRTRAC15": 0.6225351155870225, "GFINBURO": 0.15942001559682098, "FSHOP13": 0.10239997220639026, "LACOMERUBC": 0.07826723768054844, "BACHOCOB": 0.037377658929217815}}