{"allocation": {"CETETRCISHRS": 626, "DLRTRAC15": 678, "LACOMERUBC": 336, "GCARSOA1": 189, "AXTELCPO": 1223, "PYPL": 1, "FRAGUAB": 10}, "qty": {"CETETRCISHRS": 66193.23866271971, "DLRTRAC15": 14665.139430999756, "LACOMERUBC": 11749.92041015625, "GCARSOA1": 8586.270057678223, "AXTELCPO": 8597.690256595612, "PYPL": 4345.85986328125, "FRAGUAB": 2200.0}, "pct": {"CETETRCISHRS": 0.5689729162973398, "DLRTRAC15": 0.12605618517140865, "LACOMERUBC": 0.10099802664276453, "GCARSOA1": 0.07380444307501692, "AXTELCPO": 0.07390260693606973, "PYPL": 0.03735542496764571, "FRAGUAB": 0.01891039690975466}}