{"allocation": {"CETETRCISHRS": 628, "DLRTRAC15": 709, "LACOMERUBC": 304, "GCARSOA1": 219, "AXTELCPO": 1091, "PYPL": 1, "FRAGUAB": 10}, "qty": {"CETETRCISHRS": 66404.71865844725, "DLRTRAC15": 14719.54877281189, "LACOMERUBC": 11780.0, "GCARSOA1": 8602.319732666017, "AXTELCPO": 8629.809833526611, "PYPL": 3930.6201171875, "FRAGUAB": 2180.0}, "pct": {"CETETRCISHRS": 0.5712380438369523, "DLRTRAC15": 0.12662302343892334, "LACOMERUBC": 0.10133593353524867, "GCARSOA1": 0.07400034810512748, "AXTELCPO": 0.0742368281589209, "PYPL": 0.03381265356091883, "FRAGUAB": 0.018753169363908497}}