{"allocation": {"CETETRCISHRS": 688, "LACOMERUBC": 477, "UDITRACISHRS": 78, "FRAGUAB": 23, "PYPL": 2, "AAL": 7, "PSOTRAC15": 457, "VALUEGFO": 3}, "qty": {"CETETRCISHRS": 72879.84020996094, "LACOMERUBC": 11228.580436706543, "UDITRACISHRS": 10186.800476074219, "FRAGUAB": 5635.0, "PYPL": 4090.0, "AAL": 3738.0, "PSOTRAC15": 3597.046914577484, "VALUEGFO": 375.0}, "pct": {"CETETRCISHRS": 0.6522837677756061, "LACOMERUBC": 0.10049721202634249, "UDITRACISHRS": 0.09117314989946781, "FRAGUAB": 0.0504339611726148, "PYPL": 0.03660601618384996, "AAL": 0.03345557175922522, "PSOTRAC15": 0.03219402385552346, "VALUEGFO": 0.0033562973273701066}}