{"allocation": {"M5TRACISHRS": 1022, "FRAGUAB": 45, "PSOTRAC15": 628, "SITESB-1": 18}, "qty": {"M5TRACISHRS": 90222.1587524414, "FRAGUAB": 10800.0, "PSOTRAC15": 4029.2479305267334, "SITESB-1": 274.8600082397461}, "pct": {"M5TRACISHRS": 0.8565969495240137, "FRAGUAB": 0.10253852471257799, "PSOTRAC15": 0.038254920231242516, "SITESB-1": 0.002609605532165796}}