{"allocation": {"CETETRCISHRS": 582, "PYPL": 7, "PSOTRAC15": 2024, "MONEXB": 432, "AXTELCPO": 1303, "CYDSASAA": 45}, "qty": {"CETETRCISHRS": 61808.39822387696, "PYPL": 24079.29931640625, "PSOTRAC15": 13844.16030883789, "MONEXB": 5546.880065917969, "AXTELCPO": 4534.440024852753, "CYDSASAA": 921.5999794006348}, "pct": {"CETETRCISHRS": 0.5581660918571145, "PYPL": 0.21745019738926213, "PSOTRAC15": 0.12502088836921693, "MONEXB": 0.05009158071333956, "AXTELCPO": 0.04094865326011326, "CYDSASAA": 0.008322588410953697}}