{"allocation": {"M5TRACISHRS": 403, "LACOMERUBC": 986, "FRAGUAB": 89, "PSOTRAC15": 2712, "CORPTRCISHRS": 883, "TWTR": 8, "SITESB-1": 37}, "qty": {"M5TRACISHRS": 35439.82098388672, "LACOMERUBC": 23013.24015045166, "FRAGUAB": 21360.0, "PSOTRAC15": 20773.91958618164, "CORPTRCISHRS": 8026.470134735107, "TWTR": 5120.0, "SITESB-1": 548.7099971771241}, "pct": {"M5TRACISHRS": 0.3101080756571331, "LACOMERUBC": 0.20137211248715964, "FRAGUAB": 0.18690581137664408, "PSOTRAC15": 0.18177744830189316, "CORPTRCISHRS": 0.07023379742617354, "TWTR": 0.04480139298915813, "SITESB-1": 0.004801361761838318}}