{"allocation": {"PYPL": 18, "PSOTRAC15": 2712, "CMOCTEZ": 147, "JPM": 4, "AXTELCPO": 1555, "VALUEGFO": 65, "UNIFINA": 90, "GICSAB": 512, "MONEXB": 281, "NAFTRACISHRS": 97, "POCHTECB": 410, "MFRISCOA-1": 192, "GCARSOA1": 32}, "qty": {"PYPL": 25358.40087890625, "PSOTRAC15": 16299.120620727539, "CMOCTEZ": 10729.529685974121, "JPM": 7907.64013671875, "AXTELCPO": 6282.1999406814575, "VALUEGFO": 6240.0, "UNIFINA": 5409.352111816406, "GICSAB": 5155.839843750001, "MONEXB": 4917.5, "NAFTRACISHRS": 4568.699851989745, "POCHTECB": 2870.0, "MFRISCOA-1": 2292.4799194335938, "GCARSOA1": 1899.1999511718748}, "pct": {"PYPL": 0.25376173604542535, "PSOTRAC15": 0.1631054404605661, "CMOCTEZ": 0.1073704959971891, "JPM": 0.07913182296859347, "AXTELCPO": 0.06286602892447667, "VALUEGFO": 0.06244373375454548, "UNIFINA": 0.05413143318186731, "GICSAB": 0.051594533731442696, "MONEXB": 0.04920946486185535, "NAFTRACISHRS": 0.0457190187759742, "POCHTECB": 0.028720114723645117, "MFRISCOA-1": 0.022940866302364298, "GCARSOA1": 0.01900531027205486}}