{"allocation": {"DLRTRAC15": 1824, "PSOTRAC15": 5001, "FRAGUAB": 29, "CETETRCISHRS": 41, "MONEXB": 136, "VALUEGFO": 15, "LIVEPOLC-1": 15, "CORPTRCISHRS": 177, "UDITRACISHRS": 10, "LACOMERUBC": 52, "CMOCTEZ": 15, "GFINBURO": 30, "GCARSOA1": 12, "BACHOCOB": 10, "CHDRAUIB": 16, "AUTLANB": 40, "FSHOP13": 63, "SITESB-1": 32, "DANHOS13": 15, "NAFTRACISHRS": 9, "SORIANAB": 11, "AXTELCPO": 83, "GICSAB": 33, "TLEVISACPO": 4}, "qty": {"DLRTRAC15": 36625.91986083984, "PSOTRAC15": 32446.487580299377, "FRAGUAB": 7685.0, "CETETRCISHRS": 4260.310150146484, "MONEXB": 1808.8000259399414, "VALUEGFO": 1800.0, "LIVEPOLC-1": 1819.500045776367, "CORPTRCISHRS": 1451.3999662399292, "UDITRACISHRS": 1143.7000274658205, "LACOMERUBC": 1081.0800476074219, "CMOCTEZ": 1035.0, "GFINBURO": 822.6000022888184, "GCARSOA1": 783.8399963378906, "BACHOCOB": 709.0000152587891, "CHDRAUIB": 600.3200073242188, "AUTLANB": 573.1999969482423, "FSHOP13": 515.969973564148, "SITESB-1": 406.3999938964844, "DANHOS13": 360.3000068664551, "NAFTRACISHRS": 376.4700164794922, "SORIANAB": 296.450008392334, "AXTELCPO": 263.9400055408478, "GICSAB": 228.68999433517456, "TLEVISACPO": 222.60000610351562}, "pct": {"DLRTRAC15": 0.3763569391082001, "PSOTRAC15": 0.3334103497449659, "FRAGUAB": 0.07896874912727986, "CETETRCISHRS": 0.04377766603140165, "MONEXB": 0.018586685161986794, "VALUEGFO": 0.018496258741587994, "LIVEPOLC-1": 0.01869663534833938, "CORPTRCISHRS": 0.014914149618392117, "UDITRACISHRS": 0.011752317572649508, "LACOMERUBC": 0.0111088534893973, "CMOCTEZ": 0.010635348776413096, "GFINBURO": 0.008452790268424923, "GCARSOA1": 0.008054504102372784, "BACHOCOB": 0.007285470961120221, "CHDRAUIB": 0.006168707879567083, "AUTLANB": 0.005890030807906743, "FSHOP13": 0.005301952296629333, "SITESB-1": 0.0041760441331606425, "DANHOS13": 0.0037023345286654914, "NAFTRACISHRS": 0.003868492685141435, "SORIANAB": 0.0030462311439836344, "AXTELCPO": 0.0027121681304109386, "GICSAB": 0.002349949614908712, "TLEVISACPO": 0.002287370727094273}}