{"allocation": {"PYPL": 12, "CYDSASAA": 568, "PSOTRAC15": 1783, "BACHOCOB": 89, "UNIFINA": 120, "CMOCTEZ": 95, "JPM": 3, "NAFTRACISHRS": 95, "MONEXB": 288, "AAL": 4, "SORIANAB": 103, "TWTR": 8, "GCARSOA1": 38, "POCHTECB": 361}, "qty": {"PYPL": 19020.0, "CYDSASAA": 18039.680130004886, "PSOTRAC15": 11289.955605506897, "BACHOCOB": 8512.850135803223, "UNIFINA": 7896.440734863281, "CMOCTEZ": 7085.100173950195, "JPM": 6494.06982421875, "NAFTRACISHRS": 4780.399971008301, "MONEXB": 4435.199890136718, "AAL": 3953.0400390625, "SORIANAB": 4178.7099685668945, "TWTR": 3822.719970703125, "GCARSOA1": 2653.1599884033203, "POCHTECB": 2527.0}, "pct": {"PYPL": 0.18168214784016962, "CYDSASAA": 0.17231797225914394, "PSOTRAC15": 0.10784350070602816, "BACHOCOB": 0.08131613548444842, "UNIFINA": 0.07542809216627594, "CMOCTEZ": 0.06767803455657365, "JPM": 0.062032416082444544, "NAFTRACISHRS": 0.04566316163343179, "MONEXB": 0.04236575405575832, "AAL": 0.03776008437408323, "SORIANAB": 0.03991572041484548, "TWTR": 0.036515245787006, "GCARSOA1": 0.025343417731688474, "POCHTECB": 0.02413831690810245}}