{"allocation": {"BACHOCOB": 182, "VALUEGFO": 145, "PSOTRAC15": 2304, "CMOCTEZ": 145, "PYPL": 4, "FRAGUAB": 23, "TWTR": 4, "POCHTECB": 472, "MONEXB": 225, "LACOMERUBC": 130, "LIVEPOLC-1": 20, "LIVEPOL1": 16, "AUTLANB": 122, "AAL": 3, "DANHOS13": 46, "GFINBURO": 43, "JPM": 1, "NAFTRACISHRS": 18, "GCARSOA1": 9, "GICSAB": 54, "UNIFINA": 8}, "qty": {"BACHOCOB": 17413.760055541992, "VALUEGFO": 16675.0, "PSOTRAC15": 14499.072509765625, "CMOCTEZ": 11373.800354003906, "PYPL": 6660.0, "FRAGUAB": 6095.0, "TWTR": 3539.8798828125, "POCHTECB": 3304.0, "MONEXB": 3150.0, "LACOMERUBC": 2700.1000595092773, "LIVEPOLC-1": 2548.8000488281245, "LIVEPOL1": 2080.0, "AUTLANB": 2064.2400093078613, "AAL": 2235.0, "DANHOS13": 1357.4600105285647, "GFINBURO": 1195.3999671936035, "JPM": 2080.02001953125, "NAFTRACISHRS": 857.5199890136719, "GCARSOA1": 603.4500274658203, "GICSAB": 470.3400020599365, "UNIFINA": 414.0212097167969}, "pct": {"BACHOCOB": 0.17187425017983468, "VALUEGFO": 0.16458266983164427, "PSOTRAC15": 0.14310621071903004, "CMOCTEZ": 0.11225969585571596, "PYPL": 0.06573436768088461, "FRAGUAB": 0.060157803455704456, "TWTR": 0.034938703568012555, "POCHTECB": 0.03261056318583225, "MONEXB": 0.031090579308526503, "LACOMERUBC": 0.0266500555686128, "LIVEPOLC-1": 0.02515672065386255, "LIVEPOL1": 0.0205296523688048, "AUTLANB": 0.020374100863879224, "AAL": 0.022059506271287853, "DANHOS13": 0.013398164481108433, "GFINBURO": 0.011798627773156416, "JPM": 0.020529849962082278, "NAFTRACISHRS": 0.008463743881611537, "GCARSOA1": 0.005956066964336058, "GICSAB": 0.0046422676622276116, "UNIFINA": 0.00408639976384513}}