{"allocation": {"CORPTRCISHRS": 5977, "LIVEPOLC-1": 69, "PYPL": 5, "AUTLANB": 436, "CETETRCISHRS": 61, "VALUEGFO": 56, "LACOMERUBC": 201, "TWTR": 4, "MONEXB": 127, "DLRTRAC15": 42, "BACHOCOB": 6, "NAFTRACISHRS": 8, "GCARSOA1": 3, "AXTELCPO": 53, "CMOCTEZ": 2}, "qty": {"CORPTRCISHRS": 52478.05840396881, "LIVEPOLC-1": 9281.18962097168, "PYPL": 8779.149780273438, "AUTLANB": 7320.440399169922, "CETETRCISHRS": 6339.730018615723, "VALUEGFO": 5488.0, "LACOMERUBC": 4261.20015335083, "TWTR": 2676.080078125, "MONEXB": 1506.2199563980103, "DLRTRAC15": 789.599967956543, "BACHOCOB": 554.4600219726562, "NAFTRACISHRS": 396.1600036621094, "GCARSOA1": 212.09999084472656, "AXTELCPO": 202.4599964618683, "CMOCTEZ": 156.3000030517578}, "pct": {"CORPTRCISHRS": 0.522475690915872, "LIVEPOLC-1": 0.09240425631622955, "PYPL": 0.08740590804242468, "AUTLANB": 0.07288288232621633, "CETETRCISHRS": 0.0631188523820431, "VALUEGFO": 0.054638961100158645, "LACOMERUBC": 0.042424845010737254, "TWTR": 0.026643264447810018, "MONEXB": 0.014996044753264128, "DLRTRAC15": 0.007861319594362986, "BACHOCOB": 0.005520247735451362, "NAFTRACISHRS": 0.003944200260483364, "GCARSOA1": 0.002111684247286629, "AXTELCPO": 0.0020157077024450217, "CMOCTEZ": 0.001556135165214955}}