{"allocation": {"PSOTRAC15": 3681, "CMOCTEZ": 205, "VALUEGFO": 138, "PYPL": 6, "BACHOCOB": 72, "FRAGUAB": 20, "LACOMERUBC": 140, "LIVEPOLC-1": 19, "TWTR": 4, "MONEXB": 153, "LIVEPOL1": 14, "AUTLANB": 113, "AAL": 2, "DANHOS13": 52, "GFINBURO": 45, "NAFTRACISHRS": 23, "GE": 1, "GCARSOA1": 8, "GICSAB": 65, "UNIFINA": 11}, "qty": {"PSOTRAC15": 24769.449337005615, "CMOCTEZ": 16030.999374389648, "VALUEGFO": 15870.0, "PYPL": 9180.06005859375, "BACHOCOB": 6657.119934082031, "FRAGUAB": 5260.0, "LACOMERUBC": 2923.199882507324, "LIVEPOLC-1": 2627.8899536132812, "TWTR": 2375.919921875, "MONEXB": 2279.6999416351314, "LIVEPOL1": 1918.0, "AUTLANB": 1931.1700172424316, "AAL": 1456.3399658203125, "DANHOS13": 1593.7999801635744, "GFINBURO": 1381.5000343322754, "NAFTRACISHRS": 1140.799964904785, "GE": 2025.1199951171875, "GCARSOA1": 620.0800170898438, "GICSAB": 593.4500074386597, "UNIFINA": 552.0347213745118}, "pct": {"PSOTRAC15": 0.2447897373042123, "CMOCTEZ": 0.15843001078421368, "VALUEGFO": 0.15683889771477194, "PYPL": 0.09072403910177998, "BACHOCOB": 0.06579050739864278, "FRAGUAB": 0.05198315072335856, "LACOMERUBC": 0.02888919013058598, "LIVEPOLC-1": 0.025970722346592954, "TWTR": 0.023480570989630876, "MONEXB": 0.022529655070351852, "LIVEPOL1": 0.01895507283030451, "AUTLANB": 0.01908522853208066, "AAL": 0.014392612157355163, "DANHOS13": 0.01575109212770513, "GFINBURO": 0.013652989450383972, "NAFTRACISHRS": 0.011274216068602204, "GE": 0.020013710634803023, "GCARSOA1": 0.00612808231728595, "GICSAB": 0.005864905167958575, "UNIFINA": 0.005455609149379942}}