{"allocation": {"VALUEGFO": 133, "PSOTRAC15": 2081, "BACHOCOB": 133, "CMOCTEZ": 135, "GFAMSAA": 682, "CORPTRCISHRS": 503, "PYPL": 2, "FRAGUAB": 16, "CETETRCISHRS": 30, "POCHTECB": 418, "DLRTRAC15": 138, "TWTR": 3, "UDITRACISHRS": 21, "MONEXB": 151, "AAL": 2, "LACOMERUBC": 93, "AUTLANB": 101, "GFINBURO": 45, "DANHOS13": 40, "NAFTRACISHRS": 18, "JPM": 1, "SORIANAB": 22, "GCARSOA1": 11, "AXTELCPO": 144, "GICSAB": 58, "UNIFINA": 8}, "qty": {"VALUEGFO": 16226.0, "PSOTRAC15": 12918.84838104248, "BACHOCOB": 12116.299797058105, "CMOCTEZ": 10189.800453186035, "GFAMSAA": 8327.220026016235, "CORPTRCISHRS": 4366.040153503418, "PYPL": 3288.0, "FRAGUAB": 3839.8400878906255, "CETETRCISHRS": 3111.900100708008, "POCHTECB": 2926.0, "DLRTRAC15": 2715.840042114258, "TWTR": 2071.3500366210938, "UDITRACISHRS": 2476.5300064086914, "MONEXB": 2265.0, "AAL": 1720.0, "LACOMERUBC": 1809.779914855957, "AUTLANB": 1779.6200847625732, "GFINBURO": 1267.6500034332275, "DANHOS13": 1218.0000305175781, "NAFTRACISHRS": 805.3200302124023, "JPM": 2140.010009765625, "SORIANAB": 707.9600067138672, "GCARSOA1": 683.8699798583984, "AXTELCPO": 594.7200164794922, "GICSAB": 528.9599933624268, "UNIFINA": 438.4847106933594}, "pct": {"VALUEGFO": 0.1613996689661168, "PSOTRAC15": 0.1285035037670227, "BACHOCOB": 0.12052057046341712, "CMOCTEZ": 0.1013577234053379, "GFAMSAA": 0.08283067642099338, "CORPTRCISHRS": 0.04342890641367098, "PYPL": 0.03270566446201109, "FRAGUAB": 0.03819480580971106, "CETETRCISHRS": 0.03095400259521126, "POCHTECB": 0.029104858338152205, "DLRTRAC15": 0.02701440180957512, "TWTR": 0.020603673747294368, "UDITRACISHRS": 0.024633990091151105, "MONEXB": 0.022529905719724793, "AAL": 0.01710880257745106, "LACOMERUBC": 0.018001841437155087, "AUTLANB": 0.017701842263412548, "GFINBURO": 0.012609287003514096, "DANHOS13": 0.012115419803171283, "NAFTRACISHRS": 0.008010500818936577, "JPM": 0.02128663300630767, "SORIANAB": 0.0070420627834874875, "GCARSOA1": 0.006802439810489983, "AXTELCPO": 0.005915667064422135, "GICSAB": 0.005261553545236966, "UNIFINA": 0.004361597877025249}}