{"allocation": {"PYPL": 16, "PSOTRAC15": 2618, "CMOCTEZ": 162, "JPM": 4, "BACHOCOB": 94, "UNIFINA": 94, "VALUEGFO": 58, "MONEXB": 300, "AXTELCPO": 1084, "FRAGUAB": 16, "GICSAB": 294, "POCHTECB": 374, "GCARSOA1": 36}, "qty": {"PYPL": 23216.0, "PSOTRAC15": 15524.739550590515, "CMOCTEZ": 11986.379653930664, "JPM": 8457.6796875, "BACHOCOB": 8800.280258178713, "UNIFINA": 6060.924530029297, "VALUEGFO": 5568.0, "MONEXB": 4769.999885559081, "AXTELCPO": 4097.519968986511, "FRAGUAB": 3840.0, "GICSAB": 2707.74001121521, "POCHTECB": 2618.0, "GCARSOA1": 2337.480010986328}, "pct": {"PYPL": 0.2321954247626825, "PSOTRAC15": 0.15527108435042133, "CMOCTEZ": 0.11988208628149578, "JPM": 0.0845897022547284, "BACHOCOB": 0.08801623072787972, "UNIFINA": 0.06061849352621961, "VALUEGFO": 0.05568849608367575, "MONEXB": 0.047707277289168584, "AXTELCPO": 0.04098145200174003, "FRAGUAB": 0.03840585936805224, "GICSAB": 0.027081531790619676, "POCHTECB": 0.026183994746239784, "GCARSOA1": 0.023378366817076595}}