{"allocation": {"PSOTRAC15": 6202, "BACHOCOB": 92, "CMOCTEZ": 80, "TWTR": 9, "AUTLANB": 251, "FRAGUAB": 16, "AAL": 4, "LACOMERUBC": 190, "PYPL": 3, "CORPTRCISHRS": 383, "POCHTECB": 444, "DANHOS13": 82, "UNIFINA": 38, "MONEXB": 145, "JPM": 1, "NAFTRACISHRS": 36, "AXTELCPO": 322, "GICSAB": 122, "GCARSOA1": 18}, "qty": {"PSOTRAC15": 41069.64534854889, "BACHOCOB": 8767.600280761717, "CMOCTEZ": 5935.999755859375, "TWTR": 4700.699890136719, "AUTLANB": 4635.969827651977, "FRAGUAB": 3903.8400878906255, "AAL": 3880.0, "LACOMERUBC": 3499.8000144958496, "PYPL": 4143.0, "CORPTRCISHRS": 3347.419912338257, "POCHTECB": 3108.0, "DANHOS13": 2477.219924926758, "UNIFINA": 2293.509552001953, "MONEXB": 2030.0, "JPM": 1981.0, "NAFTRACISHRS": 1657.7999725341797, "AXTELCPO": 1316.9800491333008, "GICSAB": 1263.919958114624, "GCARSOA1": 1152.5399780273438}, "pct": {"PSOTRAC15": 0.4059671611569703, "BACHOCOB": 0.08666638744825811, "CMOCTEZ": 0.058676449457089, "TWTR": 0.04646569926898852, "AUTLANB": 0.04582585250417168, "FRAGUAB": 0.03858886203281352, "AAL": 0.03835320641123334, "LACOMERUBC": 0.034594987720102256, "PYPL": 0.04095292117570611, "CORPTRCISHRS": 0.03308873372241798, "POCHTECB": 0.030722104517039488, "DANHOS13": 0.02448693997596286, "UNIFINA": 0.022670991044862424, "MONEXB": 0.02006623943680507, "JPM": 0.019581881933158053, "NAFTRACISHRS": 0.016387099106994936, "AXTELCPO": 0.013018146305125182, "GICSAB": 0.012493655422898858, "GCARSOA1": 0.011392681359402333}}