{"allocation": {"PSOTRAC15": 6617, "DLRTRAC15": 1563, "M5TRACISHRS": 41, "MONEXB": 214, "CETETRCISHRS": 27, "LACOMERUBC": 116, "CMOCTEZ": 32, "UDITRACISHRS": 15, "TWTR": 3, "PYPL": 1, "NAFTRACISHRS": 14, "CYDSASAA": 19, "BACHOCOB": 8, "CHDRAUIB": 15, "AUTLANB": 38, "GFINBURO": 20, "AXTELCPO": 133, "GCARSOA1": 6}, "qty": {"PSOTRAC15": 42587.01114177704, "DLRTRAC15": 31213.108926773064, "M5TRACISHRS": 3511.650062561035, "MONEXB": 3060.2000408172607, "CETETRCISHRS": 2802.8699340820317, "LACOMERUBC": 2459.2000885009766, "CMOCTEZ": 2368.639892578125, "UDITRACISHRS": 1733.70002746582, "TWTR": 2121.030029296875, "PYPL": 1720.0, "NAFTRACISHRS": 614.0400085449219, "CYDSASAA": 596.4099884033204, "BACHOCOB": 596.0800170898438, "CHDRAUIB": 538.6499977111816, "AUTLANB": 531.6199913024902, "GFINBURO": 526.599998474121, "AXTELCPO": 440.22999238967896, "GCARSOA1": 358.6799926757813}, "pct": {"PSOTRAC15": 0.43554032559066036, "DLRTRAC15": 0.31921863639140147, "M5TRACISHRS": 0.03591388948420285, "MONEXB": 0.031296878705878724, "CETETRCISHRS": 0.02866514580265568, "LACOMERUBC": 0.025150410383873743, "CMOCTEZ": 0.024224244960184257, "UDITRACISHRS": 0.017730670788921956, "TWTR": 0.02169192166297166, "PYPL": 0.017590559654961424, "NAFTRACISHRS": 0.006279829884210738, "CYDSASAA": 0.006099526441757825, "BACHOCOB": 0.0060961518021798375, "CHDRAUIB": 0.005508810998769404, "AUTLANB": 0.0054369146341724, "GFINBURO": 0.005385574818291639, "AXTELCPO": 0.004502262757577826, "GCARSOA1": 0.003668245237328173}}