{"allocation": {"PYPL": 14, "CYDSASAA": 405, "TWTR": 14, "VALUEGFO": 59, "JPM": 3, "PSOTRAC15": 1006, "UNIFINA": 83, "BACHOCOB": 48, "CMOCTEZ": 60, "AXTELCPO": 963, "UDITRACISHRS": 32, "MONEXB": 234, "FRAGUAB": 14, "AUTLANB": 175, "NAFTRACISHRS": 65, "SORIANAB": 72, "POCHTECB": 330, "GCARSOA1": 25}, "qty": {"PYPL": 21140.0, "CYDSASAA": 13365.0, "TWTR": 8431.35986328125, "VALUEGFO": 7015.1000900268555, "JPM": 6579.0, "PSOTRAC15": 6428.339865684509, "UNIFINA": 5382.188926696777, "BACHOCOB": 4399.68017578125, "CMOCTEZ": 4370.3997802734375, "AXTELCPO": 4227.569871425629, "UDITRACISHRS": 3799.0400390625, "MONEXB": 3393.0, "FRAGUAB": 3416.0, "AUTLANB": 3219.9999332427983, "NAFTRACISHRS": 3081.649990081787, "SORIANAB": 2736.0, "POCHTECB": 2310.0, "GCARSOA1": 1654.7500610351562}, "pct": {"PYPL": 0.201431020478597, "CYDSASAA": 0.127347473448271, "TWTR": 0.08033762636154335, "VALUEGFO": 0.06684289356166544, "JPM": 0.06268754416881218, "PSOTRAC15": 0.06125198955194314, "UNIFINA": 0.0512838130517094, "BACHOCOB": 0.04192204671651231, "CMOCTEZ": 0.04164305050330722, "AXTELCPO": 0.04028210564549837, "UDITRACISHRS": 0.03619888892655669, "MONEXB": 0.032329964639729404, "FRAGUAB": 0.032549118540912365, "AUTLANB": 0.030681545529522757, "NAFTRACISHRS": 0.02936328771334119, "SORIANAB": 0.02606978581028578, "POCHTECB": 0.02201067442315795, "GCARSOA1": 0.015767170928634448}}