{"allocation": {"PSOTRAC15": 7388, "PYPL": 6, "DLRTRAC15": 505, "CMOCTEZ": 59, "M5TRACISHRS": 47, "CORPTRCISHRS": 448, "LACOMERUBC": 175, "CETETRCISHRS": 31, "TWTR": 4, "CYDSASAA": 48, "JPM": 1, "AUTLANB": 58, "MONEXB": 69, "AXTELCPO": 180, "GFINBURO": 23, "TLEVISACPO": 9, "GCARSOA1": 5}, "qty": {"PSOTRAC15": 51198.83873176575, "PYPL": 9893.460205078125, "DLRTRAC15": 9312.200269699097, "CMOCTEZ": 4602.0, "M5TRACISHRS": 4059.3901290893555, "CORPTRCISHRS": 3942.4000854492188, "LACOMERUBC": 3708.250093460083, "CETETRCISHRS": 3214.080009460449, "TWTR": 2132.800048828125, "CYDSASAA": 1573.9200439453125, "JPM": 2158.010009765625, "AUTLANB": 948.8800354003906, "MONEXB": 818.33997631073, "AXTELCPO": 671.4000034332275, "GFINBURO": 675.2800140380858, "TLEVISACPO": 598.8600082397461, "GCARSOA1": 310.3499984741211}, "pct": {"PSOTRAC15": 0.5129195431877849, "PYPL": 0.09911453491203412, "DLRTRAC15": 0.09329136415439357, "CMOCTEZ": 0.04610369680681191, "M5TRACISHRS": 0.04066772962453296, "CORPTRCISHRS": 0.03949570148428947, "LACOMERUBC": 0.037149943066648324, "CETETRCISHRS": 0.03219925473033457, "TWTR": 0.021366789830666123, "CYDSASAA": 0.015767825402915853, "JPM": 0.02161934793487605, "AUTLANB": 0.0095060576832109, "MONEXB": 0.0081982829536557, "AXTELCPO": 0.006726210820160364, "GFINBURO": 0.006765081492158104, "TLEVISACPO": 0.005999491579663219, "GCARSOA1": 0.0031091443358638453}}