{"allocation": {"PSOTRAC15": 4103, "BACHOCOB": 161, "AUTLANB": 658, "CMOCTEZ": 90, "FRAGUAB": 21, "TWTR": 8, "LACOMERUBC": 234, "CORPTRCISHRS": 499, "MONEXB": 230, "POCHTECB": 473, "AAL": 3, "DANHOS13": 70, "PYPL": 2, "JPM": 1, "NAFTRACISHRS": 32, "GICSAB": 127, "GCARSOA1": 17, "UNIFINA": 14, "AXTELCPO": 169}, "qty": {"PSOTRAC15": 26751.559921741486, "BACHOCOB": 15512.349754333496, "AUTLANB": 12633.60050201416, "CMOCTEZ": 6840.0, "FRAGUAB": 5061.0, "TWTR": 4560.0, "LACOMERUBC": 4612.139785766602, "CORPTRCISHRS": 4356.269771575928, "MONEXB": 3677.6999473571777, "POCHTECB": 3311.0, "AAL": 2406.0, "DANHOS13": 2328.199882507324, "PYPL": 2777.679931640625, "JPM": 2051.0, "NAFTRACISHRS": 1545.5999755859375, "GICSAB": 1258.569980621338, "GCARSOA1": 1142.3999481201172, "UNIFINA": 906.7551727294922, "AXTELCPO": 716.5599613189697}, "pct": {"PSOTRAC15": 0.26112232069916697, "BACHOCOB": 0.15141624560206302, "AUTLANB": 0.1233167370995442, "CMOCTEZ": 0.06676532803347757, "FRAGUAB": 0.04940048613705117, "TWTR": 0.04451021868898505, "LACOMERUBC": 0.045019155808912296, "CORPTRCISHRS": 0.04252160530724989, "MONEXB": 0.0358980765195914, "POCHTECB": 0.03231871361386612, "AAL": 0.023484996966161846, "DANHOS13": 0.02272558901799787, "PYPL": 0.027112969562572205, "JPM": 0.02001983739717288, "NAFTRACISHRS": 0.015086621254171059, "GICSAB": 0.012284917779133207, "GCARSOA1": 0.011150980596734998, "UNIFINA": 0.008850848911306603, "AXTELCPO": 0.006994351004841669}}