{"allocation": {"BACHOCOB": 258, "LACOMERUBC": 611, "PYPL": 7, "UDITRACISHRS": 69, "JPM": 3, "AXTELCPO": 1416, "PSOTRAC15": 550, "CETETRCISHRS": 38, "GCARSOA1": 55, "CMOCTEZ": 54, "SORIANAB": 90, "AAL": 4, "FRAGUAB": 11, "CYDSASAA": 83, "GFINBURO": 63, "LIVEPOL1": 13, "GFAMSAA": 197, "LIVEPOLC-1": 11, "CHDRAUIB": 33, "VALUEGFO": 9}, "qty": {"BACHOCOB": 21850.020629882812, "LACOMERUBC": 15831.009906768799, "PYPL": 14768.600341796875, "UDITRACISHRS": 8911.349578857422, "JPM": 7743.150146484375, "AXTELCPO": 4361.279891967773, "PSOTRAC15": 4163.500094413757, "CETETRCISHRS": 4017.7401275634766, "GCARSOA1": 3594.800033569336, "CMOCTEZ": 3132.0, "SORIANAB": 2383.1999588012695, "AAL": 2251.52001953125, "FRAGUAB": 2420.1099395751958, "CYDSASAA": 1990.3399620056152, "GFINBURO": 1462.2299423217773, "LIVEPOL1": 1378.0, "GFAMSAA": 1024.399962425232, "LIVEPOLC-1": 1060.7300033569336, "CHDRAUIB": 892.649974822998, "VALUEGFO": 834.75}, "pct": {"BACHOCOB": 0.20995225125233213, "LACOMERUBC": 0.15211684354102636, "PYPL": 0.14190837354934094, "UDITRACISHRS": 0.08562728326301228, "JPM": 0.07440230069237874, "AXTELCPO": 0.04190662092134935, "PSOTRAC15": 0.040006196457131396, "CETETRCISHRS": 0.038605619601802095, "GCARSOA1": 0.03454167722009556, "CMOCTEZ": 0.03009472906506043, "SORIANAB": 0.022899667007658806, "AAL": 0.02163438217508063, "FRAGUAB": 0.023254327247501688, "CYDSASAA": 0.019124757951443697, "GFINBURO": 0.01405025988026591, "LIVEPOL1": 0.013240912085457622, "GFAMSAA": 0.009843243717575173, "LIVEPOLC-1": 0.010192331437486449, "CHDRAUIB": 0.00857728580531007, "VALUEGFO": 0.008020937128690675}}