{"allocation": {"PSOTRAC15": 6692, "DLRTRAC15": 1855, "PYPL": 7, "CYDSASAA": 66, "CETETRCISHRS": 8}, "qty": {"PSOTRAC15": 50016.007846832275, "DLRTRAC15": 35059.499292373665, "PYPL": 14826.0, "CYDSASAA": 1580.700050354004, "CETETRCISHRS": 840.719970703125}, "pct": {"PSOTRAC15": 0.4888054831396175, "DLRTRAC15": 0.34263581257269743, "PYPL": 0.1448942129731962, "CYDSASAA": 0.01544815120347599, "CETETRCISHRS": 0.008216340111012943}}