{"allocation": {"CETETRCISHRS": 851, "PYPL": 1, "GFINBURO": 79, "JPM": 1, "VALUEGFO": 16, "LIVEPOLC-1": 10, "DLRTRAC15": 26}, "qty": {"CETETRCISHRS": 88665.6920776367, "PYPL": 1890.0, "GFINBURO": 2272.0400180816655, "JPM": 2015.0, "VALUEGFO": 1640.0, "LIVEPOLC-1": 1209.1000366210938, "DLRTRAC15": 494.0}, "pct": {"CETETRCISHRS": 0.9030395745704831, "PYPL": 0.019249213037707616, "GFINBURO": 0.02314020229537092, "JPM": 0.0205223091380851, "VALUEGFO": 0.016703020836952638, "LIVEPOLC-1": 0.012314404332708737, "DLRTRAC15": 0.0050312757886918314}}