{"allocation": {"PSOTRAC15": 5914, "DLRTRAC15": 1881, "CETETRCISHRS": 39, "MONEXB": 237, "UDITRACISHRS": 16, "LACOMERUBC": 78, "CORPTRCISHRS": 181, "PYPL": 1, "VALUEGFO": 12, "CHDRAUIB": 28, "CMOCTEZ": 14, "GFINBURO": 32, "AUTLANB": 40, "NAFTRACISHRS": 12, "BACHOCOB": 8, "SORIANAB": 15, "DANHOS13": 15, "AXTELCPO": 86, "TLEVISACPO": 5, "GICSAB": 33}, "qty": {"PSOTRAC15": 39824.87721824646, "DLRTRAC15": 36434.97157859802, "CETETRCISHRS": 4070.4301071166997, "MONEXB": 3341.7000904083257, "UDITRACISHRS": 1913.760009765625, "LACOMERUBC": 1563.1200714111328, "CORPTRCISHRS": 1482.5709972381592, "PYPL": 1635.0, "VALUEGFO": 1308.0, "CHDRAUIB": 1103.2000427246094, "CMOCTEZ": 935.2000427246094, "GFINBURO": 905.280029296875, "AUTLANB": 568.8000106811523, "NAFTRACISHRS": 498.0, "BACHOCOB": 516.1599731445312, "SORIANAB": 416.25, "DANHOS13": 348.4499931335449, "AXTELCPO": 255.4200024604797, "TLEVISACPO": 246.70000076293945, "GICSAB": 209.88000440597534}, "pct": {"PSOTRAC15": 0.40813473343363615, "DLRTRAC15": 0.37339418101407457, "CETETRCISHRS": 0.04171472764684822, "MONEXB": 0.03424653058287602, "UDITRACISHRS": 0.019612663892502463, "LACOMERUBC": 0.016019223114587654, "CORPTRCISHRS": 0.015193737206978867, "PYPL": 0.0167558655738494, "VALUEGFO": 0.01340469245907952, "CHDRAUIB": 0.0113058541999746, "CMOCTEZ": 0.009584150581377229, "GFINBURO": 0.00927752322788311, "AUTLANB": 0.0058291966467140625, "NAFTRACISHRS": 0.005103621440842203, "BACHOCOB": 0.005289729128202742, "SORIANAB": 0.004265828162149733, "DANHOS13": 0.0035709977028467433, "AXTELCPO": 0.002617604419633077, "TLEVISACPO": 0.002528239785842421, "GICSAB": 0.002150899780101188}}