{"allocation": {"DLRTRAC15": 1906, "PSOTRAC15": 5010, "FRAGUAB": 30, "CETETRCISHRS": 36, "MONEXB": 149, "UDITRACISHRS": 17, "GFINBURO": 54, "CORPTRCISHRS": 157, "LACOMERUBC": 60, "LIVEPOLC-1": 9, "LIVEPOL1": 7, "VALUEGFO": 6, "CMOCTEZ": 10, "NAFTRACISHRS": 14, "PYPL": 1, "DANHOS13": 20, "SORIANAB": 18, "AXTELCPO": 122, "TLEVISACPO": 6, "MFRISCOA-1": 35}, "qty": {"DLRTRAC15": 35928.1007270813, "PSOTRAC15": 35290.4407453537, "FRAGUAB": 7800.0, "CETETRCISHRS": 3754.4400329589844, "MONEXB": 2086.0, "UDITRACISHRS": 1987.8100051879883, "GFINBURO": 1495.8000411987305, "CORPTRCISHRS": 1306.2399520874023, "LACOMERUBC": 1182.0000457763672, "LIVEPOLC-1": 1126.9800109863281, "LIVEPOL1": 854.0, "VALUEGFO": 654.0, "CMOCTEZ": 650.0, "NAFTRACISHRS": 615.3000106811523, "PYPL": 1680.0, "DANHOS13": 546.599998474121, "SORIANAB": 485.4599876403808, "AXTELCPO": 363.56000232696533, "TLEVISACPO": 286.8600082397461, "MFRISCOA-1": 173.60000133514404}, "pct": {"DLRTRAC15": 0.365616439762947, "PSOTRAC15": 0.35912739727028836, "FRAGUAB": 0.07937542403964029, "CETETRCISHRS": 0.038206444826605186, "MONEXB": 0.021227837762396107, "UDITRACISHRS": 0.020228623342568735, "GFINBURO": 0.015221764429315467, "CORPTRCISHRS": 0.013292737191597048, "LACOMERUBC": 0.012028430108765819, "LIVEPOLC-1": 0.011468527725158752, "LIVEPOL1": 0.008690591298699079, "VALUEGFO": 0.006655324015631378, "CMOCTEZ": 0.006614618669970024, "NAFTRACISHRS": 0.006261499905052778, "PYPL": 0.017096245177768678, "DANHOS13": 0.005562385469096165, "SORIANAB": 0.0049402041504145846, "AXTELCPO": 0.003699708890840447, "TLEVISACPO": 0.00291918394795443, "MFRISCOA-1": 0.0017666120152896383}}