{"allocation": {"PSOTRAC15": 7921, "PYPL": 12, "TWTR": 14, "VALUEGFO": 62}, "qty": {"PSOTRAC15": 56571.783571243286, "PYPL": 25960.0810546875, "TWTR": 10003.980102539062, "VALUEGFO": 7006.0}, "pct": {"PSOTRAC15": 0.568321631225137, "PYPL": 0.26079565960929685, "TWTR": 0.10050024821046777, "VALUEGFO": 0.07038246095509844}}