{"allocation": {"PSOTRAC15": 5567, "PYPL": 13, "CETETRCISHRS": 249, "LACOMERUBC": 172, "SORIANAB": 117}, "qty": {"PSOTRAC15": 41073.32478952408, "PYPL": 26572.0, "CETETRCISHRS": 26207.25, "LACOMERUBC": 4454.799934387208, "SORIANAB": 3040.829973220825}, "pct": {"PSOTRAC15": 0.40526938698388554, "PYPL": 0.26218520672771145, "CETETRCISHRS": 0.2585862283236044, "LACOMERUBC": 0.043955390701787805, "SORIANAB": 0.030003787263010815}}