{"allocation": {"PSOTRAC15": 6963, "DLRTRAC15": 1723, "PYPL": 7, "CETETRCISHRS": 16, "CYDSASAA": 59}, "qty": {"PSOTRAC15": 50119.673681259155, "DLRTRAC15": 34132.629079818726, "PYPL": 15323.0, "CETETRCISHRS": 1679.0400390624998, "CYDSASAA": 1445.5}, "pct": {"PSOTRAC15": 0.48802093863760665, "DLRTRAC15": 0.3323532748364837, "PYPL": 0.14920178631450695, "CETETRCISHRS": 0.016349003009965706, "CYDSASAA": 0.014074997201437041}}