{"allocation": {"PSOTRAC15": 6131, "DLRTRAC15": 1518, "PYPL": 5, "CORPTRCISHRS": 832, "CETETRCISHRS": 41, "LACOMERUBC": 194, "MONEXB": 100}, "qty": {"PSOTRAC15": 44143.19883060455, "DLRTRAC15": 28781.278610229492, "PYPL": 10940.0, "CORPTRCISHRS": 7113.600158691406, "CETETRCISHRS": 4295.979949951172, "LACOMERUBC": 4258.300148010254, "MONEXB": 1230.0000190734863}, "pct": {"PSOTRAC15": 0.438092158926821, "DLRTRAC15": 0.28563522393143914, "PYPL": 0.10857229076331948, "CORPTRCISHRS": 0.07059779385771837, "CETETRCISHRS": 0.042634770040172694, "LACOMERUBC": 0.042260822836129405, "MONEXB": 0.012206939644399914}}