{"allocation": {"DLRTRAC15": 2140, "PSOTRAC15": 3818, "UDITRACISHRS": 74, "CETETRCISHRS": 51, "GCARSOA1": 64, "LIVEPOLC-1": 23, "VALUEGFO": 19, "CORPTRCISHRS": 170, "LACOMERUBC": 56, "GFINBURO": 21, "NAFTRACISHRS": 13, "LIVEPOL1": 5, "CMOCTEZ": 9, "CHDRAUIB": 12, "SORIANAB": 12, "AAL": 1, "AUTLANB": 24, "GFAMSAA": 38, "AXTELCPO": 95, "TLEVISACPO": 5}, "qty": {"DLRTRAC15": 40125.0, "PSOTRAC15": 27982.121985435486, "UDITRACISHRS": 9039.840270996094, "CETETRCISHRS": 5349.38996887207, "GCARSOA1": 4704.64013671875, "LIVEPOLC-1": 2822.560028076172, "VALUEGFO": 2147.0, "CORPTRCISHRS": 1436.4999675750732, "LACOMERUBC": 1215.2000427246094, "GFINBURO": 609.4200096130371, "NAFTRACISHRS": 580.4500198364258, "LIVEPOL1": 625.0, "CMOCTEZ": 543.1499862670897, "CHDRAUIB": 449.5199890136719, "SORIANAB": 275.87999725341797, "AAL": 643.4000244140625, "AUTLANB": 259.6799926757813, "GFAMSAA": 247.0, "AXTELCPO": 222.2999918460846, "TLEVISACPO": 192.80000686645508}, "pct": {"DLRTRAC15": 0.4033844993235902, "PSOTRAC15": 0.2813097636662061, "UDITRACISHRS": 0.09087928826619283, "CETETRCISHRS": 0.053778467147167504, "GCARSOA1": 0.0472966705557124, "LIVEPOLC-1": 0.02837574987504761, "VALUEGFO": 0.021584212337638586, "CORPTRCISHRS": 0.0144414160797165, "LACOMERUBC": 0.012216644506229831, "GFINBURO": 0.006126618952162804, "NAFTRACISHRS": 0.005835377959727966, "LIVEPOL1": 0.006283247653015424, "CMOCTEZ": 0.005460393402316882, "CHDRAUIB": 0.004519112665525877, "SORIANAB": 0.0027734757524103043, "AAL": 0.0064682267093595595, "AUTLANB": 0.0026106139272242647, "GFAMSAA": 0.0024831394724716955, "AXTELCPO": 0.0022348254432516144, "TLEVISACPO": 0.0019382563050320185}}