{"allocation": {"CORPTRCISHRS": 5606, "CETETRCISHRS": 290, "LACOMERUBC": 426, "GCARSOA1": 128, "AXTELCPO": 1612, "GFINBURO": 5, "FRAGUAB": 1, "CYDSASAA": 2, "CHDRAUIB": 2, "DLRTRAC15": 1, "SORIANAB": 1, "LIVEPOLC-1": 1, "CMOCTEZ": 1, "UNIFINA": 1, "GFAMSAA": 4}, "qty": {"CORPTRCISHRS": 49444.91828918457, "CETETRCISHRS": 30777.699203491207, "LACOMERUBC": 11178.239902496338, "GCARSOA1": 8243.2001953125, "AXTELCPO": 4707.04012298584, "GFINBURO": 119.49999809265138, "FRAGUAB": 230.0, "CYDSASAA": 52.0, "CHDRAUIB": 53.34000015258789, "DLRTRAC15": 19.0, "SORIANAB": 24.88999938964844, "LIVEPOLC-1": 98.0199966430664, "CMOCTEZ": 57.86000061035156, "UNIFINA": 31.31480407714844, "GFAMSAA": 21.639999389648438}, "pct": {"CORPTRCISHRS": 0.4706410409862107, "CETETRCISHRS": 0.29295727232418195, "LACOMERUBC": 0.1063999829736848, "GCARSOA1": 0.07846283208093034, "AXTELCPO": 0.044803922022670035, "GFINBURO": 0.0011374597318826545, "FRAGUAB": 0.002189253075386438, "CYDSASAA": 0.0004949615648699773, "CHDRAUIB": 0.0005077163451094179, "DLRTRAC15": 0.000180851341010184, "SORIANAB": 0.00023691525091371486, "LIVEPOLC-1": 0.0009330025178269629, "CMOCTEZ": 0.0005507399316437971, "UNIFINA": 0.0002980697005696565, "GFAMSAA": 0.00020598015310934124}}