{"allocation": {"DLRTRAC15": 1987, "PSOTRAC15": 5217, "CYDSASAA": 235, "CETETRCISHRS": 39, "PYPL": 1, "GFINBURO": 70, "TWTR": 3, "LACOMERUBC": 47, "CORPTRCISHRS": 105, "LIVEPOLC-1": 7, "CHDRAUIB": 20, "VALUEGFO": 6, "NAFTRACISHRS": 11, "CMOCTEZ": 6, "UNIFINA": 9, "AAL": 1, "SORIANAB": 14, "GFAMSAA": 34, "AXTELCPO": 88, "MFRISCOA-1": 42, "TLEVISACPO": 5}, "qty": {"DLRTRAC15": 38090.79015159607, "PSOTRAC15": 36899.84076118469, "CYDSASAA": 7050.0, "CETETRCISHRS": 4078.2299880981445, "PYPL": 2010.0, "GFINBURO": 1882.2999572753909, "TWTR": 1912.5, "LACOMERUBC": 987.0, "CORPTRCISHRS": 892.5, "LIVEPOLC-1": 861.6999893188477, "CHDRAUIB": 752.7999877929688, "VALUEGFO": 690.0, "NAFTRACISHRS": 475.75, "CMOCTEZ": 358.0199890136719, "UNIFINA": 361.69762802124023, "AAL": 612.0, "SORIANAB": 315.4200096130371, "GFAMSAA": 231.5399980545044, "AXTELCPO": 201.51999664306643, "MFRISCOA-1": 186.05999279022217, "TLEVISACPO": 214.95000839233398}, "pct": {"DLRTRAC15": 0.38450448550230265, "PSOTRAC15": 0.3724825405440351, "CYDSASAA": 0.07116567054668065, "CETETRCISHRS": 0.04116737187894835, "PYPL": 0.02028978692181959, "GFINBURO": 0.019000728883615817, "TWTR": 0.019305580839791028, "LACOMERUBC": 0.009963193876535291, "CORPTRCISHRS": 0.009009271058569145, "LIVEPOLC-1": 0.00869836277304161, "CHDRAUIB": 0.007599080272172997, "VALUEGFO": 0.006965150734355979, "NAFTRACISHRS": 0.004802420959231677, "CMOCTEZ": 0.003614004622308255, "UNIFINA": 0.003651128260039068, "AAL": 0.006177785868733129, "SORIANAB": 0.003183982480560602, "GFAMSAA": 0.0023372623006987147, "AXTELCPO": 0.0020342277573998095, "MFRISCOA-1": 0.0018781679643725855, "TLEVISACPO": 0.002169795954787955}}