{"allocation": {"DLRTRAC15": 1060, "PYPL": 4, "SITESB-1": 680, "CYDSASAA": 526, "PSOTRAC15": 1349, "FSHOP13": 1407, "FRAGUAB": 24, "MONEXB": 288, "CETETRCISHRS": 34, "CMOCTEZ": 55, "NAFTRACISHRS": 57, "DANHOS13": 92, "CORPTRCISHRS": 185, "GICSAB": 431, "TLEVISACPO": 42, "AUTLANB": 105, "GE": 1, "GCARSOA1": 16, "GFINBURO": 37, "CHDRAUIB": 19, "VALUEGFO": 3, "SORIANAB": 24, "LIVEPOL1": 6, "LIVEPOLC-1": 5, "AAL": 1, "MFRISCOA-1": 106, "GFAMSAA": 155}, "qty": {"DLRTRAC15": 23161.00040435791, "PYPL": 17397.400390625, "SITESB-1": 11315.199584960938, "CYDSASAA": 10204.399799346926, "PSOTRAC15": 9368.805231571198, "FSHOP13": 7766.639973163605, "FRAGUAB": 5160.0, "MONEXB": 3657.5999450683594, "CETETRCISHRS": 3595.1599273681636, "CMOCTEZ": 2585.0, "NAFTRACISHRS": 2108.4300956726074, "DANHOS13": 1968.7999649047854, "CORPTRCISHRS": 1524.3999576568604, "GICSAB": 1383.5100164413452, "TLEVISACPO": 1045.7999839782717, "AUTLANB": 919.8000240325928, "GE": 1087.9200439453125, "GCARSOA1": 703.0399780273436, "GFINBURO": 591.6299915313721, "CHDRAUIB": 497.23000144958496, "VALUEGFO": 489.0, "SORIANAB": 389.5199890136719, "LIVEPOL1": 348.0, "LIVEPOLC-1": 272.8000068664551, "AAL": 249.5800018310547, "MFRISCOA-1": 211.9662866592407, "GFAMSAA": 113.15000295639038}, "pct": {"DLRTRAC15": 0.21422404815738563, "PYPL": 0.1609145319298608, "SITESB-1": 0.10465816754370467, "CYDSASAA": 0.0943839987853545, "PSOTRAC15": 0.08665529761519448, "FSHOP13": 0.07183632082312905, "FRAGUAB": 0.047726612373968164, "MONEXB": 0.03383039821653582, "CETETRCISHRS": 0.03325286904572168, "CMOCTEZ": 0.023909552904400718, "NAFTRACISHRS": 0.0195015941654603, "DANHOS13": 0.018210107125366824, "CORPTRCISHRS": 0.014099698814337685, "GICSAB": 0.012796559354689614, "TLEVISACPO": 0.00967296326667308, "AUTLANB": 0.00850754635825003, "GE": 0.010062546168846578, "GCARSOA1": 0.006502658239285683, "GFINBURO": 0.0054721890067116015, "CHDRAUIB": 0.004599051073622474, "VALUEGFO": 0.004522928963346983, "SORIANAB": 0.0036028041720092743, "LIVEPOL1": 0.0032187715321978527, "LIVEPOLC-1": 0.0025232209657618516, "AAL": 0.0023084511635048472, "MFRISCOA-1": 0.0019605489921967053, "GFAMSAA": 0.0010465632424831385}}