{"allocation": {"PYPL": 6, "DLRTRAC15": 1028, "TWTR": 8, "SITESB-1": 329, "FRAGUAB": 25, "AXTELCPO": 674, "VALUEGFO": 51, "CMOCTEZ": 67, "CETETRCISHRS": 33, "LACOMERUBC": 89, "CYDSASAA": 144, "CORPTRCISHRS": 311, "FSHOP13": 387, "CHDRAUIB": 102, "AUTLANB": 226, "JPM": 1, "BACHOCOB": 29, "GCARSOA1": 44, "NAFTRACISHRS": 52, "GFINBURO": 98, "LIVEPOLC-1": 19, "MFRISCOA-1": 365, "GFAMSAA": 849}, "qty": {"PYPL": 26075.1591796875, "DLRTRAC15": 22235.639137268066, "TWTR": 7905.200195312499, "SITESB-1": 6547.099874496461, "FRAGUAB": 5500.0, "AXTELCPO": 4738.220141410828, "VALUEGFO": 4412.010108947754, "CMOCTEZ": 3551.0, "CETETRCISHRS": 3489.419929504394, "LACOMERUBC": 3112.330108642578, "CYDSASAA": 3024.0, "CORPTRCISHRS": 2562.639928817749, "FSHOP13": 2476.800036907196, "CHDRAUIB": 2468.400077819824, "AUTLANB": 2452.1000862121587, "JPM": 2153.14990234375, "BACHOCOB": 2030.8699645996094, "GCARSOA1": 1998.9200134277344, "NAFTRACISHRS": 1923.4800872802734, "GFINBURO": 1688.5399551391602, "LIVEPOLC-1": 1194.3400115966797, "MFRISCOA-1": 735.371742248535, "GFAMSAA": 254.70001012086863}, "pct": {"PYPL": 0.2317186564837156, "DLRTRAC15": 0.19759850328960601, "TWTR": 0.07025009342683412, "SITESB-1": 0.058181243547875613, "FRAGUAB": 0.048876120060399555, "AXTELCPO": 0.042106512091672536, "VALUEGFO": 0.03920762468956853, "CMOCTEZ": 0.031556200424450696, "CETETRCISHRS": 0.031008964984655947, "LACOMERUBC": 0.027657930919565643, "CYDSASAA": 0.026872979465936045, "CORPTRCISHRS": 0.022773072151358195, "FSHOP13": 0.022010250176268755, "CHDRAUIB": 0.021935603374658424, "AUTLANB": 0.021790752402513013, "JPM": 0.01913411147908922, "BACHOCOB": 0.018047462584878163, "GCARSOA1": 0.01776353719407808, "NAFTRACISHRS": 0.01709313521449063, "GFINBURO": 0.015005323922575139, "LIVEPOLC-1": 0.010613582872679692, "MFRISCOA-1": 0.006534930466029926, "GFAMSAA": 0.002263408777100465}}