{"allocation": {"LACOMERUBC": 1806, "FRAGUAB": 164, "SITESB-1": 998, "JPM": 1, "AXTELCPO": 513}, "qty": {"LACOMERUBC": 45511.20137786865, "FRAGUAB": 37392.0, "SITESB-1": 15818.300380706789, "JPM": 2314.72998046875, "AXTELCPO": 1436.3999755382538}, "pct": {"LACOMERUBC": 0.44413030695484856, "FRAGUAB": 0.3648974304099863, "SITESB-1": 0.15436609869419168, "JPM": 0.02258876288954869, "AXTELCPO": 0.014017401051424795}}