{"allocation": {"DLRTRAC15": 1419, "FSHOP13": 1977, "AXTELCPO": 4856, "BACHOCOB": 186, "CMOCTEZ": 236, "CYDSASAA": 513}, "qty": {"DLRTRAC15": 26549.4887008667, "FSHOP13": 20066.549245834347, "AXTELCPO": 15490.640277862549, "BACHOCOB": 14082.989318847656, "CMOCTEZ": 13605.400360107422, "CYDSASAA": 12052.935430526733}, "pct": {"DLRTRAC15": 0.26067755706303397, "FSHOP13": 0.1970244736170156, "AXTELCPO": 0.15209566973105687, "BACHOCOB": 0.1382745744426395, "CMOCTEZ": 0.1335853420266262, "CYDSASAA": 0.11834238311962782}}