{"allocation": {"CORPTRCISHRS": 4200, "CMOCTEZ": 483, "M5TRACISHRS": 106, "SITESB-1": 542, "LACOMERUBC": 276, "BACHOCOB": 85, "PSOTRAC15": 528, "FRAGUAB": 6, "TWTR": 2, "DANHOS13": 23, "CYDSASAA": 25, "TLEVISACPO": 10, "GFINBURO": 11, "GCARSOA1": 4, "CHDRAUIB": 7, "LIVEPOL1": 2, "LIVEPOLC-1": 2, "AAL": 1, "GFAMSAA": 31}, "qty": {"CORPTRCISHRS": 38178.00064086914, "CMOCTEZ": 28593.600368499756, "M5TRACISHRS": 9321.640258789062, "SITESB-1": 8037.859958648683, "LACOMERUBC": 6441.840042114258, "BACHOCOB": 5988.249740600586, "PSOTRAC15": 4044.4799194335938, "FRAGUAB": 1440.0, "TWTR": 1280.0, "DANHOS13": 633.1900157928467, "CYDSASAA": 595.2499866485596, "TLEVISACPO": 368.3000183105469, "GFINBURO": 232.32000923156738, "GCARSOA1": 216.11999511718753, "CHDRAUIB": 177.30999946594235, "LIVEPOL1": 180.0, "LIVEPOLC-1": 183.61999511718753, "AAL": 377.989990234375, "GFAMSAA": 95.16999793052673}, "pct": {"CORPTRCISHRS": 0.35886658679961236, "CMOCTEZ": 0.2687748859632803, "M5TRACISHRS": 0.08762180226547689, "SITESB-1": 0.07555449002339004, "LACOMERUBC": 0.06055217952267252, "BACHOCOB": 0.05628850933101335, "PSOTRAC15": 0.03801741001892504, "FRAGUAB": 0.01353575033571159, "TWTR": 0.01203177807618808, "DANHOS13": 0.005951876367248091, "CYDSASAA": 0.0055952466712573335, "TLEVISACPO": 0.0034619563170066457, "GFINBURO": 0.0021837678076032695, "GCARSOA1": 0.0020314904836537906, "CHDRAUIB": 0.0016666832533306605, "LIVEPOL1": 0.0016919687919639487, "LIVEPOLC-1": 0.0017259961184380775, "AAL": 0.0035530403730628904, "GFAMSAA": 0.0008945814801651379}}