{"allocation": {"PYPL": 6, "CETETRCISHRS": 195, "SITESB-1": 1228, "FSHOP13": 2675, "FRAGUAB": 73, "CYDSASAA": 159, "CMOCTEZ": 22, "GCARSOA1": 17, "JPM": 1, "CORPTRCISHRS": 40, "VALUEGFO": 2, "AUTLANB": 22, "CHDRAUIB": 8, "NAFTRACISHRS": 5, "GFINBURO": 11, "PSOTRAC15": 23, "MFRISCOA-1": 63, "GFAMSAA": 162, "GICSAB": 14}, "qty": {"PYPL": 26849.51953125, "CETETRCISHRS": 20619.299583435055, "SITESB-1": 20286.56056213379, "FSHOP13": 16050.0, "FRAGUAB": 15950.5, "CYDSASAA": 3013.050121307373, "CMOCTEZ": 1016.400016784668, "GCARSOA1": 734.5699844360352, "JPM": 2193.8701171875, "CORPTRCISHRS": 329.59999084472656, "VALUEGFO": 299.6000061035156, "AUTLANB": 238.700008392334, "CHDRAUIB": 202.47999572753906, "NAFTRACISHRS": 184.95000839233398, "GFINBURO": 176.1100025177002, "PSOTRAC15": 163.3920021057129, "MFRISCOA-1": 116.19203603267668, "GFAMSAA": 75.33000057935715, "GICSAB": 44.24000120162964}, "pct": {"PYPL": 0.24735986788829192, "CETETRCISHRS": 0.18996195499779042, "SITESB-1": 0.18689648932885863, "FSHOP13": 0.14786580724419587, "FRAGUAB": 0.14694913136751067, "CYDSASAA": 0.027758697099958696, "CMOCTEZ": 0.00936391333114512, "GCARSOA1": 0.0067674631604978655, "JPM": 0.02021173681413385, "CORPTRCISHRS": 0.0030365463373168266, "VALUEGFO": 0.0027601617914555982, "AUTLANB": 0.0021991008990734457, "CHDRAUIB": 0.001865412337635757, "NAFTRACISHRS": 0.0017039116692058112, "GFINBURO": 0.001622470260813527, "PSOTRAC15": 0.001505301575614118, "MFRISCOA-1": 0.001070456648181834, "GFAMSAA": 0.0006940019529827034, "GICSAB": 0.0004075752953372687}}