{"allocation": {"CETETRCISHRS": 780, "PYPL": 3, "SITESB-1": 196, "MONEXB": 190, "AXTELCPO": 602, "TLEVISACPO": 41, "VALUEGFO": 8, "CMOCTEZ": 4, "FRAGUAB": 1, "FSHOP13": 26, "CORPTRCISHRS": 19, "PSOTRAC15": 22, "CHDRAUIB": 4, "CYDSASAA": 5, "DANHOS13": 4, "NAFTRACISHRS": 2, "SORIANAB": 4, "AUTLANB": 9, "GCARSOA1": 2, "LIVEPOL1": 1, "GFINBURO": 4, "GFAMSAA": 21, "LIVEPOLC-1": 1}, "qty": {"CETETRCISHRS": 82835.99761962892, "PYPL": 10319.69970703125, "SITESB-1": 2798.8799476623535, "MONEXB": 2439.600028991699, "AXTELCPO": 2094.9600114822388, "TLEVISACPO": 1077.0700187683105, "VALUEGFO": 877.5999755859376, "CMOCTEZ": 208.0, "FRAGUAB": 218.88999938964844, "FSHOP13": 178.09999752044678, "CORPTRCISHRS": 152.0, "PSOTRAC15": 150.4800033569336, "CHDRAUIB": 110.55999755859376, "CYDSASAA": 102.39999771118164, "DANHOS13": 81.95999908447266, "NAFTRACISHRS": 72.26000213623047, "SORIANAB": 71.95999908447266, "AUTLANB": 62.36999845504761, "GCARSOA1": 99.9800033569336, "LIVEPOL1": 65.97000122070312, "GFINBURO": 60.79999923706055, "GFAMSAA": 40.74000120162964, "LIVEPOLC-1": 55.47999954223633}, "pct": {"CETETRCISHRS": 0.7951561837435538, "PYPL": 0.09906047216455552, "SITESB-1": 0.026866902818735248, "MONEXB": 0.023418116575613383, "AXTELCPO": 0.02010986111949515, "TLEVISACPO": 0.010338969896651125, "VALUEGFO": 0.008424224582224282, "CMOCTEZ": 0.001996625754157243, "FRAGUAB": 0.0021011606255232464, "FSHOP13": 0.0017096107781955055, "CORPTRCISHRS": 0.0014590726664995238, "PSOTRAC15": 0.0014444819720582788, "CHDRAUIB": 0.0010612833581973569, "CYDSASAA": 0.0009829541954605192, "DANHOS13": 0.000786747331647895, "NAFTRACISHRS": 0.0006936354868300728, "SORIANAB": 0.0006907557088518737, "AUTLANB": 0.0005986997365485361, "GCARSOA1": 0.0009597242769383712, "LIVEPOL1": 0.0006332567473030799, "GFINBURO": 0.0005836290592762299, "GFAMSAA": 0.0003910698828056287, "LIVEPOLC-1": 0.0005325615188781784}}