{"allocation": {"M5TRACISHRS": 508, "LACOMERUBC": 679, "SITESB-1": 919, "FRAGUAB": 53, "CORPTRCISHRS": 924, "TWTR": 5}, "qty": {"M5TRACISHRS": 44846.23937988281, "LACOMERUBC": 15549.099740982057, "SITESB-1": 14033.130420684814, "FRAGUAB": 12720.0, "CORPTRCISHRS": 7447.44038772583, "TWTR": 2922.0498657226562}, "pct": {"M5TRACISHRS": 0.4598767188542334, "LACOMERUBC": 0.1594485751513804, "SITESB-1": 0.1439030354017373, "FRAGUAB": 0.1304375114772697, "CORPTRCISHRS": 0.07636993640332311, "TWTR": 0.029964222712056083}}