{"allocation": {"BACHOCOB": 253, "UDITRACISHRS": 148, "PYPL": 5, "JPM": 4, "LACOMERUBC": 256, "PSOTRAC15": 731, "AXTELCPO": 1493, "FRAGUAB": 18, "CETETRCISHRS": 36, "GCARSOA1": 48, "CMOCTEZ": 53, "CYDSASAA": 91, "AAL": 3, "SORIANAB": 64, "VALUEGFO": 12, "LIVEPOL1": 13, "GFINBURO": 57, "LIVEPOLC-1": 10, "CHDRAUIB": 32, "GFAMSAA": 133}, "qty": {"BACHOCOB": 21097.669845581055, "UDITRACISHRS": 19328.800903320312, "PYPL": 10225.0, "JPM": 10512.0, "LACOMERUBC": 6026.240234375, "PSOTRAC15": 5753.700863361359, "AXTELCPO": 4553.649928808212, "FRAGUAB": 4410.0, "CETETRCISHRS": 3813.480010986328, "GCARSOA1": 3350.400146484375, "CMOCTEZ": 3084.600040435791, "CYDSASAA": 2275.0, "AAL": 1602.0, "SORIANAB": 1590.4000244140625, "VALUEGFO": 1500.0, "LIVEPOL1": 1391.0, "GFINBURO": 1313.8499565124512, "LIVEPOLC-1": 961.1000061035156, "CHDRAUIB": 874.5599975585936, "GFAMSAA": 561.2599720954895}, "pct": {"BACHOCOB": 0.20242483241156278, "UDITRACISHRS": 0.18545314777454366, "PYPL": 0.09810533232141518, "JPM": 0.10085899788388424, "LACOMERUBC": 0.057819687123916115, "PSOTRAC15": 0.05520476628636474, "AXTELCPO": 0.043690693353654594, "FRAGUAB": 0.042312422057451435, "CETETRCISHRS": 0.036589019440478016, "GCARSOA1": 0.032145928584896594, "CMOCTEZ": 0.02959566865971677, "CYDSASAA": 0.02182783677566939, "AAL": 0.015370634951482358, "SORIANAB": 0.015259337204804735, "VALUEGFO": 0.014391980291650147, "LIVEPOL1": 0.013346163057123571, "GFINBURO": 0.012605935120208401, "LIVEPOLC-1": 0.009221421564097755, "CHDRAUIB": 0.008391100165819254, "GFAMSAA": 0.005385094971260265}}