{"allocation": {"MONEXB": 2538, "SITESB-1": 1231, "PYPL": 4, "FSHOP13": 1571, "FRAGUAB": 36, "CETETRCISHRS": 65, "CYDSASAA": 273, "CMOCTEZ": 29, "GCARSOA1": 26, "PSOTRAC15": 139, "CORPTRCISHRS": 90, "TLEVISACPO": 29, "JPM": 1, "NAFTRACISHRS": 15, "DANHOS13": 24, "GICSAB": 135, "CHDRAUIB": 13, "VALUEGFO": 3, "GFINBURO": 17, "SORIANAB": 12, "LIVEPOL1": 3, "MFRISCOA-1": 101, "LIVEPOLC-1": 2, "GFAMSAA": 79}, "qty": {"MONEXB": 32232.599515914917, "SITESB-1": 17935.669624328617, "PYPL": 15997.83984375, "FSHOP13": 9818.75, "FRAGUAB": 7812.0, "CETETRCISHRS": 6873.099861145019, "CYDSASAA": 5730.269937515259, "CMOCTEZ": 1403.6000442504883, "GCARSOA1": 1165.3199920654297, "PSOTRAC15": 928.5199761390686, "CORPTRCISHRS": 741.5999794006348, "TLEVISACPO": 699.7699756622314, "JPM": 2164.5, "NAFTRACISHRS": 554.850025177002, "DANHOS13": 524.1600036621094, "GICSAB": 511.6499948501587, "CHDRAUIB": 350.60999107360834, "VALUEGFO": 393.0, "GFINBURO": 271.1499967575073, "SORIANAB": 216.0, "LIVEPOL1": 195.0, "MFRISCOA-1": 161.97925472259521, "LIVEPOLC-1": 112.72000122070312, "GFAMSAA": 94.01000452041626}, "pct": {"MONEXB": 0.30155300942878044, "SITESB-1": 0.16779767169154855, "PYPL": 0.1496682495887589, "FSHOP13": 0.09185959729580297, "FRAGUAB": 0.07308539010309996, "CETETRCISHRS": 0.06430148291978313, "CYDSASAA": 0.05360970478486545, "CMOCTEZ": 0.013131420479105902, "GCARSOA1": 0.010902184615340921, "PSOTRAC15": 0.008686795273252034, "CORPTRCISHRS": 0.006938059881585547, "TLEVISACPO": 0.006546718081632226, "JPM": 0.02025004184308242, "NAFTRACISHRS": 0.005190915327544294, "DANHOS13": 0.004903793950856063, "GICSAB": 0.004786756204540826, "CHDRAUIB": 0.0032801418294494443, "VALUEGFO": 0.0036767227740038765, "GFINBURO": 0.002536751573153701, "SORIANAB": 0.0020207941963990774, "LIVEPOL1": 0.001824328093971389, "MFRISCOA-1": 0.001515401564261427, "LIVEPOLC-1": 0.0010545552050226564, "GFAMSAA": 0.0008795132941588343}}