{"allocation": {"DLRTRAC15": 1272, "PYPL": 4, "SITESB-1": 441, "LACOMERUBC": 184, "AXTELCPO": 901, "VALUEGFO": 54, "CMOCTEZ": 86, "TWTR": 5, "FRAGUAB": 20, "CETETRCISHRS": 33, "CYDSASAA": 154, "CHDRAUIB": 105, "CORPTRCISHRS": 280, "FSHOP13": 333, "AUTLANB": 192, "JPM": 1, "NAFTRACISHRS": 44, "SORIANAB": 80, "GCARSOA1": 33, "GFINBURO": 82, "LIVEPOLC-1": 16, "GFAMSAA": 719}, "qty": {"DLRTRAC15": 26407.991592407227, "PYPL": 15722.48046875, "SITESB-1": 8634.779966354368, "LACOMERUBC": 7130.0, "AXTELCPO": 7126.909862518311, "VALUEGFO": 6523.739868164063, "CMOCTEZ": 4730.0, "TWTR": 4378.699951171875, "FRAGUAB": 4360.0, "CETETRCISHRS": 3489.419929504394, "CYDSASAA": 3229.3798942565913, "CHDRAUIB": 2816.099967956543, "CORPTRCISHRS": 2307.199935913086, "FSHOP13": 2037.9599618911743, "AUTLANB": 1900.799926757812, "JPM": 2056.909912109375, "NAFTRACISHRS": 1627.560073852539, "SORIANAB": 1295.2000427246094, "GCARSOA1": 1296.239959716797, "GFINBURO": 1288.2200031280518, "LIVEPOLC-1": 913.4400024414062, "GFAMSAA": 273.21999657154083}, "pct": {"DLRTRAC15": 0.24106704953494293, "PYPL": 0.14352367406319805, "SITESB-1": 0.0788231442208944, "LACOMERUBC": 0.06508666352644293, "AXTELCPO": 0.06505845500771626, "VALUEGFO": 0.05955237892471747, "CMOCTEZ": 0.043178109183741244, "TWTR": 0.039971244096097605, "FRAGUAB": 0.039800540389241405, "CETETRCISHRS": 0.03185339422918888, "CYDSASAA": 0.02947960204439532, "CHDRAUIB": 0.025706949659356836, "CORPTRCISHRS": 0.021061422989762376, "FSHOP13": 0.018603648572226274, "AUTLANB": 0.017351574370823717, "JPM": 0.018776634411454166, "NAFTRACISHRS": 0.014857286801670803, "SORIANAB": 0.01182331688362569, "GCARSOA1": 0.011832809832765374, "GFINBURO": 0.011759599143285943, "LIVEPOLC-1": 0.008338395805118796, "GFAMSAA": 0.0024941063093334884}}