{"allocation": {"CMOCTEZ": 618, "PYPL": 18, "JPM": 5, "MFRISCOA-1": 688, "NAFTRACISHRS": 157, "MONEXB": 177, "PSOTRAC15": 27, "POCHTECB": 2}, "qty": {"CMOCTEZ": 45107.81867980957, "PYPL": 25358.40087890625, "JPM": 9884.550170898438, "MFRISCOA-1": 8214.719711303711, "NAFTRACISHRS": 7394.699760437011, "MONEXB": 3097.5, "PSOTRAC15": 162.27000617980957, "POCHTECB": 14.0}, "pct": {"CMOCTEZ": 0.45456030415427134, "PYPL": 0.25554156139102024, "JPM": 0.09960854378717471, "MFRISCOA-1": 0.08278133591469129, "NAFTRACISHRS": 0.07451783461518419, "MONEXB": 0.031214112837340144, "PSOTRAC15": 0.0016352265643300916, "POCHTECB": 0.00014108073598797805}}