{"allocation": {"PSOTRAC15": 5175, "JPM": 9, "SORIANAB": 455, "CMOCTEZ": 202, "TWTR": 12, "PYPL": 4, "MONEXB": 96, "POCHTECB": 169, "UNIFINA": 18, "AAL": 1}, "qty": {"PSOTRAC15": 32768.098855018616, "JPM": 19482.20947265625, "SORIANAB": 18459.34986114502, "CMOCTEZ": 15065.160369873047, "TWTR": 5734.0799560546875, "PYPL": 6340.0, "MONEXB": 1478.399963378906, "POCHTECB": 1183.0, "UNIFINA": 1184.4661102294922, "AAL": 988.260009765625}, "pct": {"PSOTRAC15": 0.3191189486603615, "JPM": 0.18973155055478014, "SORIANAB": 0.1797702194047242, "CMOCTEZ": 0.14671519882507075, "TWTR": 0.05584253072498197, "PYPL": 0.06174340914492283, "MONEXB": 0.014397705649643964, "POCHTECB": 0.01152089164328765, "UNIFINA": 0.011535169662806752, "AAL": 0.009624375729420256}}