{"allocation": {"UDITRACISHRS": 311, "PSOTRAC15": 2356, "CMOCTEZ": 164, "JPM": 4, "PYPL": 4, "SORIANAB": 141, "MONEXB": 343, "TWTR": 7, "AUTLANB": 206, "VALUEGFO": 18, "UNIFINA": 30, "BACHOCOB": 15, "GCARSOA1": 8, "CYDSASAA": 1}, "qty": {"UDITRACISHRS": 36921.92037963867, "PSOTRAC15": 15054.839685440063, "CMOCTEZ": 11945.759399414062, "JPM": 8772.0, "PYPL": 6040.0, "SORIANAB": 5358.0, "MONEXB": 4973.5, "TWTR": 4215.679931640625, "AUTLANB": 3790.3999214172372, "VALUEGFO": 2140.2000274658203, "UNIFINA": 1945.3694915771484, "BACHOCOB": 1374.9000549316406, "GCARSOA1": 529.52001953125, "CYDSASAA": 33.0}, "pct": {"UDITRACISHRS": 0.3581346189195531, "PSOTRAC15": 0.14602867939158928, "CMOCTEZ": 0.11587127501020011, "JPM": 0.08508649725854438, "PYPL": 0.05858668985882445, "SORIANAB": 0.051971437791983675, "MONEXB": 0.04824187119418268, "TWTR": 0.040891180910446946, "AUTLANB": 0.03676605705910335, "VALUEGFO": 0.02075947603393834, "UNIFINA": 0.018869662096663808, "BACHOCOB": 0.01333623230217893, "GCARSOA1": 0.005136229330847022, "CYDSASAA": 0.00032009284194390843}}