{"allocation": {"PSOTRAC15": 4978, "BACHOCOB": 300, "TWTR": 23, "CMOCTEZ": 93, "CORPTRCISHRS": 727, "AUTLANB": 321, "AAL": 5, "MONEXB": 278, "POCHTECB": 16}, "qty": {"PSOTRAC15": 32964.31708240509, "BACHOCOB": 28590.00091552734, "TWTR": 12012.899719238281, "CMOCTEZ": 6900.599716186523, "CORPTRCISHRS": 6353.979833602905, "AUTLANB": 5928.869779586791, "AAL": 4850.0, "MONEXB": 3892.0, "POCHTECB": 112.0}, "pct": {"PSOTRAC15": 0.32443703661076456, "BACHOCOB": 0.28138472125920894, "TWTR": 0.11823177092578784, "CMOCTEZ": 0.06791616878214102, "CORPTRCISHRS": 0.06253629895457491, "AUTLANB": 0.0583523370719838, "AAL": 0.04773402778612647, "MONEXB": 0.038305327039918395, "POCHTECB": 0.0011023115694940545}}