{"allocation": {"PSOTRAC15": 6665, "BACHOCOB": 285, "TWTR": 23, "AAL": 7, "CORPTRCISHRS": 607, "AUTLANB": 265, "MONEXB": 138, "CMOCTEZ": 8, "GICSAB": 17, "POCHTECB": 17, "FRAGUAB": 1}, "qty": {"PSOTRAC15": 43455.79987287521, "BACHOCOB": 27459.74956512451, "TWTR": 13110.0, "AAL": 5614.0, "CORPTRCISHRS": 5299.109722137451, "AUTLANB": 5088.000202178955, "MONEXB": 2206.6199684143066, "CMOCTEZ": 608.0, "GICSAB": 168.46999740600586, "POCHTECB": 119.0, "FRAGUAB": 241.0}, "pct": {"PSOTRAC15": 0.42039184727951046, "BACHOCOB": 0.26564589489287055, "TWTR": 0.1268262725334051, "AAL": 0.05430989275381664, "CORPTRCISHRS": 0.05126364102244248, "AUTLANB": 0.04922136539218675, "MONEXB": 0.02134686388190439, "CMOCTEZ": 0.0058817981464767575, "GICSAB": 0.0016297804580256406, "POCHTECB": 0.0011512072030110758, "FRAGUAB": 0.0023314364363501623}}