{"allocation": {"PSOTRAC15": 3100, "BACHOCOB": 209, "CORPTRCISHRS": 1994, "VALUEGFO": 131, "CMOCTEZ": 94, "TWTR": 9, "MONEXB": 320, "AUTLANB": 250, "AAL": 5, "PYPL": 1, "DLRTRAC15": 61, "SORIANAB": 24, "GCARSOA1": 10, "POCHTECB": 29, "AXTELCPO": 30, "GFAMSAA": 2, "CETETRCISHRS": 1}, "qty": {"PSOTRAC15": 19244.800567626953, "BACHOCOB": 19039.89968109131, "CORPTRCISHRS": 17307.920608520508, "VALUEGFO": 15982.0, "CMOCTEZ": 7095.120315551758, "TWTR": 6214.050109863281, "MONEXB": 4800.0, "AUTLANB": 4405.00020980835, "AAL": 4300.0, "PYPL": 1644.0, "DLRTRAC15": 1200.4800186157227, "SORIANAB": 772.3200073242188, "GCARSOA1": 621.6999816894531, "POCHTECB": 203.0, "AXTELCPO": 123.90000343322754, "GFAMSAA": 24.420000076293945, "CETETRCISHRS": 103.7300033569336}, "pct": {"PSOTRAC15": 0.1866934751994156, "BACHOCOB": 0.18470573526704498, "CORPTRCISHRS": 0.16790383644275514, "VALUEGFO": 0.1550411037075756, "CMOCTEZ": 0.06882963863478829, "TWTR": 0.06028239191136181, "MONEXB": 0.0465647164182432, "AUTLANB": 0.04273283033167242, "AAL": 0.0417142251246762, "PYPL": 0.015948415373248297, "DLRTRAC15": 0.011645835756793425, "SORIANAB": 0.007492262942747449, "GCARSOA1": 0.006031100696790912, "POCHTECB": 0.001969299465188202, "AXTELCPO": 0.0012019517758515832, "GFAMSAA": 0.0002368979955179385, "CETETRCISHRS": 0.0010062829563289642}}