{"allocation": {"BACHOCOB": 321, "PSOTRAC15": 4190, "VALUEGFO": 177, "TWTR": 13, "AUTLANB": 261, "CMOCTEZ": 53, "MONEXB": 186, "AAL": 2, "PYPL": 1, "FRAGUAB": 2, "POCHTECB": 53, "LIVEPOLC-1": 1, "LIVEPOL1": 1}, "qty": {"BACHOCOB": 30713.280097961426, "PSOTRAC15": 26367.67092704773, "VALUEGFO": 20355.0, "TWTR": 11504.609619140625, "AUTLANB": 4416.12001991272, "CMOCTEZ": 4157.320129394531, "MONEXB": 2604.0, "AAL": 1490.0, "PYPL": 1665.0, "FRAGUAB": 530.0, "POCHTECB": 371.0, "LIVEPOLC-1": 127.44000244140624, "LIVEPOL1": 130.0}, "pct": {"BACHOCOB": 0.2940999364165403, "PSOTRAC15": 0.2524878592700918, "VALUEGFO": 0.19491256507493715, "TWTR": 0.11016423340960427, "AUTLANB": 0.042287265082779205, "CMOCTEZ": 0.03980908524971544, "MONEXB": 0.02493501937878341, "AAL": 0.01426773382272937, "PYPL": 0.015943474372378794, "FRAGUAB": 0.005075099950366823, "POCHTECB": 0.003552569965256776, "LIVEPOLC-1": 0.001220322169934205, "LIVEPOL1": 0.0012448358368824283}}