{"allocation": {"PSOTRAC15": 8127, "DLRTRAC15": 1628, "PYPL": 5, "CYDSASAA": 79, "JPM": 1, "AUTLANB": 72, "M5TRACISHRS": 5, "MONEXB": 31, "CORPTRCISHRS": 39, "CMOCTEZ": 5, "CETETRCISHRS": 1, "GFINBURO": 3}, "qty": {"PSOTRAC15": 56320.10860490799, "DLRTRAC15": 30020.3208694458, "PYPL": 8244.550170898438, "CYDSASAA": 2590.41007232666, "JPM": 2158.010009765625, "AUTLANB": 1177.9200439453125, "M5TRACISHRS": 431.85001373291016, "MONEXB": 367.65998935699463, "CORPTRCISHRS": 343.20000743865967, "CMOCTEZ": 390.0, "CETETRCISHRS": 103.68000030517578, "GFINBURO": 88.08000183105467}, "pct": {"PSOTRAC15": 0.5508844674054363, "DLRTRAC15": 0.29363807853282053, "PYPL": 0.08064250482459105, "CYDSASAA": 0.02533760513613415, "JPM": 0.021108165881301908, "AUTLANB": 0.011521601646884143, "M5TRACISHRS": 0.004224059056476197, "MONEXB": 0.0035961964996204976, "CORPTRCISHRS": 0.0033569458226313143, "CMOCTEZ": 0.003814711079399403, "CETETRCISHRS": 0.0010141262714776604, "GFINBURO": 0.0008615378432267794}}