{"allocation": {"DLRTRAC15": 2052, "PSOTRAC15": 6007, "M5TRACISHRS": 100, "GFINBURO": 214, "MONEXB": 159, "CMOCTEZ": 25, "AUTLANB": 58, "BACHOCOB": 8, "CETETRCISHRS": 4, "CYDSASAA": 11, "LACOMERUBC": 12, "UDITRACISHRS": 2, "TWTR": 1}, "qty": {"DLRTRAC15": 40978.43859100341, "PSOTRAC15": 38661.05122089386, "M5TRACISHRS": 8565.00015258789, "GFINBURO": 5634.619983673095, "MONEXB": 2273.7000303268433, "CMOCTEZ": 1850.4999160766602, "AUTLANB": 811.4199867248535, "BACHOCOB": 596.0800170898438, "CETETRCISHRS": 415.23999023437506, "CYDSASAA": 345.28999328613287, "LACOMERUBC": 254.40000915527344, "UDITRACISHRS": 231.16000366210935, "TWTR": 707.010009765625}, "pct": {"DLRTRAC15": 0.4044300958148435, "PSOTRAC15": 0.3815590146229097, "M5TRACISHRS": 0.08453088871779901, "GFINBURO": 0.05560997388459408, "MONEXB": 0.02243991603235904, "CMOCTEZ": 0.018263210705362264, "AUTLANB": 0.008008178795012894, "BACHOCOB": 0.005882915667701532, "CETETRCISHRS": 0.0040981441658324265, "CYDSASAA": 0.003407783943707309, "LACOMERUBC": 0.0025107598926561486, "UDITRACISHRS": 0.0022813964036724243, "TWTR": 0.0069777213535495925}}