{"allocation": {"PSOTRAC15": 6400, "DLRTRAC15": 1977, "FRAGUAB": 20, "VALUEGFO": 34, "BACHOCOB": 42, "PYPL": 1, "MONEXB": 147, "CMOCTEZ": 19, "AXTELCPO": 248, "CORPTRCISHRS": 89, "FSHOP13": 75, "DANHOS13": 8, "LACOMERUBC": 5, "CETETRCISHRS": 1, "LIVEPOLC-1": 1}, "qty": {"PSOTRAC15": 41523.199462890625, "DLRTRAC15": 39698.15984916686, "FRAGUAB": 5300.0, "VALUEGFO": 4080.0, "BACHOCOB": 2977.800064086914, "PYPL": 1733.2900390625, "MONEXB": 1955.100028038025, "CMOCTEZ": 1311.0, "AXTELCPO": 788.6400165557861, "CORPTRCISHRS": 729.7999830245972, "FSHOP13": 614.2499685287476, "DANHOS13": 192.16000366210938, "LACOMERUBC": 103.95000457763672, "CETETRCISHRS": 103.91000366210938, "LIVEPOLC-1": 121.3000030517578}, "pct": {"PSOTRAC15": 0.41017632763811995, "DLRTRAC15": 0.39214813963154976, "FRAGUAB": 0.052354697244004184, "VALUEGFO": 0.0403032386331202, "BACHOCOB": 0.029415437888386155, "PYPL": 0.017121863251163275, "MONEXB": 0.019312956613146203, "CMOCTEZ": 0.01295037888431877, "AXTELCPO": 0.00779037911344993, "CORPTRCISHRS": 0.007209142860364562, "FSHOP13": 0.00606771153480409, "DANHOS13": 0.00189820354983707, "LACOMERUBC": 0.0010268435883349092, "CETETRCISHRS": 0.0010264484495005853, "LIVEPOLC-1": 0.001198231119900295}}