{"allocation": {"CORPTRCISHRS": 6286, "PYPL": 7, "VALUEGFO": 79, "CMOCTEZ": 92, "AUTLANB": 414, "CETETRCISHRS": 65, "LIVEPOLC-1": 33, "MONEXB": 131, "GCARSOA1": 7, "BACHOCOB": 2}, "qty": {"CORPTRCISHRS": 55191.07832145691, "PYPL": 12290.809692382812, "VALUEGFO": 7742.0, "CMOCTEZ": 7189.800140380859, "AUTLANB": 6951.06037902832, "CETETRCISHRS": 6755.450019836426, "LIVEPOLC-1": 4438.829818725586, "MONEXB": 1553.6599550247192, "GCARSOA1": 494.8999786376953, "BACHOCOB": 184.82000732421875}, "pct": {"CORPTRCISHRS": 0.5369178446866458, "PYPL": 0.11956923564804367, "VALUEGFO": 0.07531684612779063, "CMOCTEZ": 0.06994485544596134, "AUTLANB": 0.06762231270889409, "CETETRCISHRS": 0.06571934767088611, "LIVEPOLC-1": 0.04318246737850733, "MONEXB": 0.01511453988213729, "GCARSOA1": 0.004814557677564217, "BACHOCOB": 0.0017979927735695326}}