{"allocation": {"PSOTRAC15": 7403, "PYPL": 9, "VALUEGFO": 91, "BACHOCOB": 89, "AUTLANB": 359, "TWTR": 6, "FRAGUAB": 13, "MONEXB": 162, "JPM": 1, "DANHOS13": 31, "CMOCTEZ": 10, "LACOMERUBC": 15, "LIVEPOLC-1": 2}, "qty": {"PSOTRAC15": 49814.78767776489, "PYPL": 13770.090087890625, "VALUEGFO": 10465.0, "BACHOCOB": 8228.939918518066, "AUTLANB": 6135.310054779053, "TWTR": 3563.8798828125, "FRAGUAB": 3419.0, "MONEXB": 2413.799938201904, "JPM": 2139.0, "DANHOS13": 950.1499881744386, "CMOCTEZ": 781.9999694824219, "LACOMERUBC": 313.199987411499, "LIVEPOLC-1": 276.6199951171875}, "pct": {"PSOTRAC15": 0.4870824473319687, "PYPL": 0.13464213123576618, "VALUEGFO": 0.10232539470612395, "BACHOCOB": 0.0804614930889002, "AUTLANB": 0.059990255422811035, "TWTR": 0.03484714913463964, "FRAGUAB": 0.03343053268038584, "MONEXB": 0.023601818577938596, "JPM": 0.020914860895976984, "DANHOS13": 0.009290441717149395, "CMOCTEZ": 0.007646292932390416, "LACOMERUBC": 0.003062428316658833, "LIVEPOLC-1": 0.002704753959290233}}