{"allocation": {"PSOTRAC15": 6467, "DLRTRAC15": 2042, "LACOMERUBC": 597, "CETETRCISHRS": 33, "CYDSASAA": 135}, "qty": {"PSOTRAC15": 46549.46570396423, "DLRTRAC15": 40452.018909454346, "LACOMERUBC": 14471.279863357544, "CETETRCISHRS": 3463.020080566406, "CYDSASAA": 3307.5}, "pct": {"PSOTRAC15": 0.43004483737099064, "DLRTRAC15": 0.37371388973349795, "LACOMERUBC": 0.1336921724293325, "CETETRCISHRS": 0.0319929323535249, "CYDSASAA": 0.030556168112653975}}