{"allocation": {"DLRTRAC15": 2216, "PSOTRAC15": 6339, "CMOCTEZ": 89, "GFINBURO": 131, "MONEXB": 131, "CORPTRCISHRS": 107, "AXTELCPO": 243, "UDITRACISHRS": 5, "VALUEGFO": 2, "DANHOS13": 7, "CHDRAUIB": 1}, "qty": {"DLRTRAC15": 42923.92185974121, "PSOTRAC15": 42686.82730579376, "CMOCTEZ": 5945.200271606445, "GFINBURO": 3705.990119934082, "MONEXB": 1847.1000499725344, "CORPTRCISHRS": 876.4369983673096, "AXTELCPO": 721.7100069522857, "UDITRACISHRS": 598.0500030517578, "VALUEGFO": 218.0, "DANHOS13": 162.6099967956543, "CHDRAUIB": 39.400001525878906}, "pct": {"DLRTRAC15": 0.4304218171151338, "PSOTRAC15": 0.4280443393750609, "CMOCTEZ": 0.05961579914295513, "GFINBURO": 0.03716200506666325, "MONEXB": 0.0185218900197538, "CORPTRCISHRS": 0.008788516730993446, "AXTELCPO": 0.007236983927927864, "UDITRACISHRS": 0.005996976927699608, "VALUEGFO": 0.0021860061258546165, "DANHOS13": 0.0016305800418371552, "CHDRAUIB": 0.00039508552612042445}}