{"allocation": {"CETETRCISHRS": 308, "DLRTRAC15": 1550, "PSOTRAC15": 4019, "CORPTRCISHRS": 608, "VALUEGFO": 31, "CYDSASAA": 101, "LIVEPOLC-1": 6, "UNIFINA": 4, "GFINBURO": 5, "CHDRAUIB": 4, "SORIANAB": 1}, "qty": {"CETETRCISHRS": 32207.55990600586, "DLRTRAC15": 29713.500118255615, "PSOTRAC15": 28426.38681602478, "CORPTRCISHRS": 5168.0, "VALUEGFO": 3565.0, "CYDSASAA": 3030.0, "LIVEPOLC-1": 738.5999908447266, "UNIFINA": 160.75450134277344, "GFINBURO": 134.44999694824222, "CHDRAUIB": 150.55999755859375, "SORIANAB": 22.530000686645508}, "pct": {"CETETRCISHRS": 0.31173430802734986, "DLRTRAC15": 0.2875945096575832, "PSOTRAC15": 0.2751366464790409, "CORPTRCISHRS": 0.05002064448803298, "VALUEGFO": 0.03450534009284783, "CYDSASAA": 0.029327119349601378, "LIVEPOLC-1": 0.007148848212250093, "UNIFINA": 0.0015559295204175484, "GFINBURO": 0.0013013303983678683, "CHDRAUIB": 0.0014572577616094294, "SORIANAB": 0.00021806601289896165}}