{"allocation": {"CETETRCISHRS": 656, "FRAGUAB": 31, "PYPL": 3, "VALUEGFO": 45, "GFINBURO": 153, "DLRTRAC15": 230, "LIVEPOLC-1": 33, "NAFTRACISHRS": 22, "CMOCTEZ": 4}, "qty": {"CETETRCISHRS": 68348.64160156249, "FRAGUAB": 8060.0, "PYPL": 5670.0, "VALUEGFO": 4612.5, "GFINBURO": 4400.280035018922, "DLRTRAC15": 4370.0, "LIVEPOLC-1": 3990.0301208496094, "NAFTRACISHRS": 944.2399597167969, "CMOCTEZ": 244.0}, "pct": {"CETETRCISHRS": 0.6791420008882707, "FRAGUAB": 0.08008768570807011, "PYPL": 0.056339600243766434, "VALUEGFO": 0.045831817658619524, "GFINBURO": 0.04372310725460188, "DLRTRAC15": 0.04342223158117448, "LIVEPOLC-1": 0.039646684650662095, "NAFTRACISHRS": 0.009382381281240646, "CMOCTEZ": 0.002424490733594182}}