{"allocation": {"DLRTRAC15": 1684, "CETETRCISHRS": 286, "PSOTRAC15": 3826, "UDITRACISHRS": 42, "CORPTRCISHRS": 432, "VALUEGFO": 26, "LIVEPOLC-1": 9, "LIVEPOL1": 8, "GCARSOA1": 5, "CHDRAUIB": 1, "GFINBURO": 1, "SORIANAB": 1}, "qty": {"DLRTRAC15": 31575.0, "CETETRCISHRS": 29998.539825439453, "PSOTRAC15": 28040.75398540497, "UDITRACISHRS": 5130.720153808594, "CORPTRCISHRS": 3650.399917602539, "VALUEGFO": 2938.0, "LIVEPOLC-1": 1104.4800109863281, "LIVEPOL1": 1000.0, "GCARSOA1": 367.55001068115234, "CHDRAUIB": 37.459999084472656, "GFINBURO": 29.020000457763672, "SORIANAB": 22.989999771118164}, "pct": {"DLRTRAC15": 0.3039128559210098, "CETETRCISHRS": 0.28873925294725117, "PSOTRAC15": 0.26989534840484125, "UDITRACISHRS": 0.049383747106110924, "CORPTRCISHRS": 0.035135501637764265, "VALUEGFO": 0.028278573893774406, "LIVEPOLC-1": 0.010630741866873263, "LIVEPOL1": 0.009625110242945678, "GCARSOA1": 0.003537709372601953, "CHDRAUIB": 0.00036055662088869354, "GFINBURO": 0.00027932070365630944, "SORIANAB": 0.00022128128228230824}}