{"allocation": {"PSOTRAC15": 6263, "DLRTRAC15": 2142, "LACOMERUBC": 646, "CYDSASAA": 134, "CETETRCISHRS": 23}, "qty": {"PSOTRAC15": 46809.661856651306, "DLRTRAC15": 40483.79918289185, "LACOMERUBC": 14858.0, "CYDSASAA": 3209.3001022338867, "CETETRCISHRS": 2417.0699157714844}, "pct": {"PSOTRAC15": 0.4343162355128213, "DLRTRAC15": 0.37562269332804926, "LACOMERUBC": 0.13785766380904896, "CYDSASAA": 0.029776996537629937, "CETETRCISHRS": 0.02242641081245064}}