{"allocation": {"CETETRCISHRS": 635, "CORPTRCISHRS": 1463, "LACOMERUBC": 379, "DLRTRAC15": 515, "GFINBURO": 324, "AXTELCPO": 984, "VALUEGFO": 12, "TWTR": 2, "GCARSOA1": 2}, "qty": {"CETETRCISHRS": 67392.5482559204, "CORPTRCISHRS": 12903.659553527832, "LACOMERUBC": 9944.959913253784, "DLRTRAC15": 9785.0, "GFINBURO": 7743.5998764038095, "AXTELCPO": 2873.280075073242, "VALUEGFO": 1020.0, "TWTR": 1149.5400390625, "GCARSOA1": 128.8000030517578}, "pct": {"CETETRCISHRS": 0.5967037382718303, "CORPTRCISHRS": 0.11425093860137071, "LACOMERUBC": 0.08805416786834017, "DLRTRAC15": 0.08663785878547675, "GFINBURO": 0.06856299566511073, "AXTELCPO": 0.025440453080768484, "VALUEGFO": 0.009031233107939326, "TWTR": 0.010178200058512858, "GCARSOA1": 0.001140414560650707}}