{"allocation": {"PSOTRAC15": 6402, "DLRTRAC15": 2105, "LACOMERUBC": 567, "CETETRCISHRS": 34, "CYDSASAA": 131}, "qty": {"PSOTRAC15": 47233.95460796356, "DLRTRAC15": 41047.5, "LACOMERUBC": 14685.299783706667, "CETETRCISHRS": 3578.5, "CYDSASAA": 3353.600049972534}, "pct": {"PSOTRAC15": 0.42979478583232367, "DLRTRAC15": 0.3735025283798256, "LACOMERUBC": 0.13362559471904858, "CETETRCISHRS": 0.03256175888439505, "CYDSASAA": 0.030515332184407114}}