{"allocation": {"PSOTRAC15": 5914, "DLRTRAC15": 1542, "LACOMERUBC": 645, "CETETRCISHRS": 86, "PYPL": 2, "CORPTRCISHRS": 560, "MONEXB": 142}, "qty": {"PSOTRAC15": 42580.79887199402, "DLRTRAC15": 29236.318588256836, "LACOMERUBC": 14157.750492095947, "CETETRCISHRS": 9011.079895019531, "PYPL": 4376.0, "CORPTRCISHRS": 4788.000106811523, "MONEXB": 1746.6000270843506}, "pct": {"PSOTRAC15": 0.40209808236174466, "DLRTRAC15": 0.2760837736979872, "LACOMERUBC": 0.13369416437069395, "CETETRCISHRS": 0.08509323549067899, "PYPL": 0.04132334890438835, "CORPTRCISHRS": 0.04521393943510541, "MONEXB": 0.016493455739401454}}