{"allocation": {"CETETRCISHRS": 702, "UDITRACISHRS": 157, "LACOMERUBC": 188, "JPM": 2, "PYPL": 1, "LIVEPOL1": 19, "PSOTRAC15": 244, "AAL": 3}, "qty": {"CETETRCISHRS": 74222.46235656738, "UDITRACISHRS": 20276.549041748047, "LACOMERUBC": 4871.079971313477, "JPM": 5162.10009765625, "PYPL": 2109.800048828125, "LIVEPOL1": 2014.0, "PSOTRAC15": 1847.080041885376, "AAL": 1688.6400146484375}, "pct": {"CETETRCISHRS": 0.6615681436369422, "UDITRACISHRS": 0.1807312568595448, "LACOMERUBC": 0.04341746732475263, "JPM": 0.04601142121192842, "PYPL": 0.018805311187912253, "LIVEPOL1": 0.017951415231738235, "PSOTRAC15": 0.01646360516292991, "AAL": 0.01505137938425156}}