{"allocation": {"PSOTRAC15": 7680, "PYPL": 10, "CORPTRCISHRS": 1984, "TWTR": 11, "VALUEGFO": 33}, "qty": {"PSOTRAC15": 54850.5615234375, "PYPL": 21633.40087890625, "CORPTRCISHRS": 16943.359924316406, "TWTR": 7860.270080566406, "VALUEGFO": 3729.0}, "pct": {"PSOTRAC15": 0.5223037642541432, "PYPL": 0.20599983662598426, "CORPTRCISHRS": 0.16133983721938472, "TWTR": 0.07484788737084859, "VALUEGFO": 0.03550867452963932}}