{"allocation": {"PSOTRAC15": 6050, "DLRTRAC15": 1783, "CETETRCISHRS": 66, "PYPL": 3, "FRAGUAB": 20, "CMOCTEZ": 53, "MONEXB": 112, "LIVEPOL1": 11, "GFINBURO": 13, "CORPTRCISHRS": 28, "AXTELCPO": 30, "LACOMERUBC": 5, "LIVEPOLC-1": 1, "VALUEGFO": 1}, "qty": {"PSOTRAC15": 42616.20090007782, "DLRTRAC15": 33609.55068016052, "CETETRCISHRS": 6883.140060424805, "PYPL": 5040.0, "FRAGUAB": 5200.0, "CMOCTEZ": 3445.0, "MONEXB": 1568.0, "LIVEPOL1": 1342.0, "GFINBURO": 360.1000099182129, "CORPTRCISHRS": 232.95999145507812, "AXTELCPO": 89.40000057220459, "LACOMERUBC": 98.50000381469727, "LIVEPOLC-1": 125.22000122070312, "VALUEGFO": 109.0}, "pct": {"PSOTRAC15": 0.4231194768073964, "DLRTRAC15": 0.3336959935228582, "CETETRCISHRS": 0.06833998713277269, "PYPL": 0.050040175287079235, "FRAGUAB": 0.051628752280319844, "CMOCTEZ": 0.034204048385711894, "MONEXB": 0.015568054533757984, "LIVEPOL1": 0.01332418953080562, "GFINBURO": 0.0035752911938861792, "CORPTRCISHRS": 0.0023129680173191646, "AXTELCPO": 0.0008876174006543852, "LACOMERUBC": 0.0009779677493383777, "LIVEPOLC-1": 0.0012432600814548135, "VALUEGFO": 0.001082218076645166}}