{"allocation": {"CETETRCISHRS": 627, "DLRTRAC15": 798, "LACOMERUBC": 258, "GCARSOA1": 189, "AXTELCPO": 1156, "FRAGUAB": 26, "PYPL": 1}, "qty": {"CETETRCISHRS": 66298.97866058348, "DLRTRAC15": 17260.739330291748, "LACOMERUBC": 9022.260314941406, "GCARSOA1": 8586.270057678223, "AXTELCPO": 8126.680242538452, "FRAGUAB": 5720.0, "PYPL": 4345.85986328125}, "pct": {"CETETRCISHRS": 0.5554502404918992, "DLRTRAC15": 0.14460979649719022, "LACOMERUBC": 0.0755881427279685, "GCARSOA1": 0.07193543346846769, "AXTELCPO": 0.06808500803953445, "FRAGUAB": 0.047921935447590526, "PYPL": 0.03640944332734942}}