{"allocation": {"LACOMERUBC": 1930, "FRAGUAB": 159, "SITESB-1": 793, "MONEXB": 713, "PSOTRAC15": 761, "GCARSOA1": 43, "BACHOCOB": 6}, "qty": {"LACOMERUBC": 48636.001472473145, "FRAGUAB": 36252.0, "SITESB-1": 12569.050302505495, "MONEXB": 9162.050271987917, "PSOTRAC15": 4809.520130634308, "GCARSOA1": 2074.75, "BACHOCOB": 419.5800018310547}, "pct": {"LACOMERUBC": 0.4269201292806216, "FRAGUAB": 0.318215068223496, "SITESB-1": 0.11032939422697614, "MONEXB": 0.08042321671542908, "PSOTRAC15": 0.04221730598289953, "GCARSOA1": 0.018211870042941034, "BACHOCOB": 0.003683015527636645}}