{"allocation": {"CETETRCISHRS": 910, "PYPL": 2, "CMOCTEZ": 92, "PSOTRAC15": 389, "GFINBURO": 129, "AXTELCPO": 318, "MONEXB": 62}, "qty": {"CETETRCISHRS": 96641.9972229004, "PYPL": 6879.7998046875, "CMOCTEZ": 4784.0, "PSOTRAC15": 2660.7600593566895, "GFINBURO": 1960.7999753952026, "AXTELCPO": 1106.6400060653687, "MONEXB": 796.0800094604492}, "pct": {"CETETRCISHRS": 0.8416087464381655, "PYPL": 0.05991287282705861, "CMOCTEZ": 0.04166155872869438, "PSOTRAC15": 0.02317128166301276, "GFINBURO": 0.017075665411820592, "AXTELCPO": 0.009637196405563347, "MONEXB": 0.006932678525684799}}