{"allocation": {"M5TRACISHRS": 439, "LACOMERUBC": 1434, "FRAGUAB": 91, "SITESB-1": 410, "GCARSOA1": 59, "PSOTRAC15": 408, "TWTR": 4, "CORPTRCISHRS": 22}, "qty": {"M5TRACISHRS": 38754.91946411133, "LACOMERUBC": 32838.59945297242, "FRAGUAB": 21840.0, "SITESB-1": 6260.7001876831055, "GCARSOA1": 2747.629981994629, "PSOTRAC15": 2617.727954864502, "TWTR": 2337.639892578125, "CORPTRCISHRS": 177.32000923156738}, "pct": {"M5TRACISHRS": 0.3602610856181445, "LACOMERUBC": 0.30526368400952963, "FRAGUAB": 0.2030220219445035, "SITESB-1": 0.058198718447424753, "GCARSOA1": 0.025541638942302627, "PSOTRAC15": 0.024334085270020202, "TWTR": 0.021730420218376508, "CORPTRCISHRS": 0.0016483455496982984}}