{"allocation": {"CETETRCISHRS": 617, "DLRTRAC15": 792, "LACOMERUBC": 291, "GCARSOA1": 214, "AXTELCPO": 929, "FRAGUAB": 32, "CORPTRCISHRS": 24}, "qty": {"CETETRCISHRS": 65241.57868194579, "DLRTRAC15": 16442.71174621582, "LACOMERUBC": 11276.25, "GCARSOA1": 8405.919738769533, "AXTELCPO": 7348.38985824585, "FRAGUAB": 6976.0, "CORPTRCISHRS": 197.75999450683594}, "pct": {"CETETRCISHRS": 0.562967997207529, "DLRTRAC15": 0.14188376013331253, "LACOMERUBC": 0.09730248725983263, "GCARSOA1": 0.07253447717892014, "AXTELCPO": 0.06340907753572776, "FRAGUAB": 0.06019573449724798, "CORPTRCISHRS": 0.0017064661874298616}}