{"allocation": {"DLRTRAC15": 3467, "FSHOP13": 2245, "GFINBURO": 812, "BACHOCOB": 62, "AXTELCPO": 796, "CYDSASAA": 42}, "qty": {"DLRTRAC15": 64867.5668258667, "FSHOP13": 22786.74914360046, "GFINBURO": 17397.099380493164, "BACHOCOB": 4694.329772949219, "AXTELCPO": 2539.2400455474854, "CYDSASAA": 986.7900352478027}, "pct": {"DLRTRAC15": 0.5726719362278083, "FSHOP13": 0.20116881811573448, "GFINBURO": 0.15358724050370626, "BACHOCOB": 0.04144306703507618, "AXTELCPO": 0.02241723537024988, "CYDSASAA": 0.008711702747424827}}