{"allocation": {"DLRTRAC15": 2055, "PSOTRAC15": 6019, "CORPTRCISHRS": 1523, "PYPL": 1, "GFINBURO": 305, "CYDSASAA": 244, "CMOCTEZ": 29}, "qty": {"DLRTRAC15": 44901.75078392029, "PSOTRAC15": 41801.95603322983, "CORPTRCISHRS": 12549.519651412964, "PYPL": 4349.35009765625, "GFINBURO": 4876.94993019104, "CYDSASAA": 4733.599906921388, "CMOCTEZ": 1363.0}, "pct": {"DLRTRAC15": 0.39189447394875965, "PSOTRAC15": 0.3648400181210374, "CORPTRCISHRS": 0.10952996968352768, "PYPL": 0.037960352074965724, "GFINBURO": 0.04256514933157335, "CYDSASAA": 0.041314015890693785, "CMOCTEZ": 0.011896020949442443}}