{"allocation": {"CETETRCISHRS": 820, "PYPL": 3, "CMOCTEZ": 220, "PSOTRAC15": 765, "GFINBURO": 91}, "qty": {"CETETRCISHRS": 86706.798248291, "PYPL": 11998.3798828125, "CMOCTEZ": 10648.00033569336, "PSOTRAC15": 5110.199868679047, "GFINBURO": 1451.4499826431274}, "pct": {"CETETRCISHRS": 0.7480216250705309, "PYPL": 0.10351031060395396, "CMOCTEZ": 0.09186055391007239, "PSOTRAC15": 0.04408581665371154, "GFINBURO": 0.012521693761731142}}