{"allocation": {"CETETRCISHRS": 849, "PYPL": 2, "CMOCTEZ": 180, "PSOTRAC15": 464, "GFINBURO": 123, "CHDRAUIB": 55, "TWTR": 2}, "qty": {"CETETRCISHRS": 89773.25818634032, "PYPL": 8949.83984375, "CMOCTEZ": 8316.000137329102, "PSOTRAC15": 3296.2560424804688, "GFINBURO": 1969.2300281524658, "CHDRAUIB": 1392.049970626831, "TWTR": 1783.1600341796875}, "pct": {"CETETRCISHRS": 0.7773936451388489, "PYPL": 0.07750134906655713, "CMOCTEZ": 0.07201259918977863, "PSOTRAC15": 0.028544006889623507, "GFINBURO": 0.017052593841751156, "CHDRAUIB": 0.0120544895299977, "TWTR": 0.015441316343442965}}