{"allocation": {"CETETRCISHRS": 727, "UDITRACISHRS": 164, "JPM": 2, "LACOMERUBC": 172, "AAL": 4, "LIVEPOL1": 13, "PSOTRAC15": 30}, "qty": {"CETETRCISHRS": 77011.1102218628, "UDITRACISHRS": 21418.401000976562, "JPM": 5256.0, "LACOMERUBC": 4048.880157470703, "AAL": 2136.0, "LIVEPOL1": 1391.0, "PSOTRAC15": 236.12999439239502}, "pct": {"CETETRCISHRS": 0.6906979569801966, "UDITRACISHRS": 0.1920975528146239, "JPM": 0.047140061368149196, "LACOMERUBC": 0.03631363377006288, "AAL": 0.019157376537740998, "LIVEPOL1": 0.012475613653556988, "PSOTRAC15": 0.0021178048756693734}}