{"allocation": {"M5TRACISHRS": 404, "LACOMERUBC": 839, "FRAGUAB": 79, "CORPTRCISHRS": 1963, "PSOTRAC15": 1708, "SITESB-1": 247, "TWTR": 6, "JPM": 1, "GCARSOA1": 22}, "qty": {"M5TRACISHRS": 35527.760986328125, "LACOMERUBC": 19582.26012802124, "FRAGUAB": 18960.0, "CORPTRCISHRS": 17843.67029953003, "PSOTRAC15": 13083.279739379883, "SITESB-1": 3663.009981155396, "TWTR": 3840.0, "JPM": 2245.85009765625, "GCARSOA1": 1188.6599731445315}, "pct": {"M5TRACISHRS": 0.30644686164569, "LACOMERUBC": 0.16890797487831913, "FRAGUAB": 0.163540632325189, "CORPTRCISHRS": 0.1539116626470114, "PSOTRAC15": 0.1128506245498692, "SITESB-1": 0.03159551521791309, "TWTR": 0.03312215338231676, "JPM": 0.019371716512568072, "GCARSOA1": 0.010252858841123359}}