{"allocation": {"PYPL": 23, "PSOTRAC15": 1876, "CMOCTEZ": 121, "VALUEGFO": 66, "AXTELCPO": 1506, "JPM": 3, "GICSAB": 539, "MONEXB": 274, "NAFTRACISHRS": 101, "UNIFINA": 78, "POCHTECB": 443, "GCARSOA1": 52, "MFRISCOA-1": 227}, "qty": {"PYPL": 32402.401123046875, "PSOTRAC15": 11274.760429382324, "CMOCTEZ": 8831.789741516113, "VALUEGFO": 6336.0, "AXTELCPO": 6084.239942550659, "JPM": 5930.7301025390625, "GICSAB": 5427.729835510255, "MONEXB": 4795.0, "NAFTRACISHRS": 4757.09984588623, "UNIFINA": 4688.105163574219, "POCHTECB": 3101.0, "GCARSOA1": 3086.1999206542964, "MFRISCOA-1": 2710.3799047470093}, "pct": {"PYPL": 0.325896495138137, "PSOTRAC15": 0.11339915500411357, "CMOCTEZ": 0.08882827268346605, "VALUEGFO": 0.06372614749610478, "AXTELCPO": 0.06119399810301063, "JPM": 0.05965002861016302, "GICSAB": 0.054590958343866, "MONEXB": 0.04822709552459318, "NAFTRACISHRS": 0.0478459037930308, "UNIFINA": 0.04715196987550206, "POCHTECB": 0.031189201923204058, "GCARSOA1": 0.03104034585638929, "MFRISCOA-1": 0.027260427648419558}}