{"allocation": {"VALUEGFO": 141, "CMOCTEZ": 157, "PSOTRAC15": 1820, "BACHOCOB": 114, "GFAMSAA": 760, "CORPTRCISHRS": 554, "PYPL": 3, "FRAGUAB": 15, "DLRTRAC15": 165, "CETETRCISHRS": 30, "POCHTECB": 434, "UDITRACISHRS": 20, "LACOMERUBC": 117, "AAL": 3, "MONEXB": 134, "AUTLANB": 107, "DANHOS13": 47, "GFINBURO": 48, "NAFTRACISHRS": 19, "TWTR": 1, "SORIANAB": 22, "GCARSOA1": 11, "GICSAB": 55, "AXTELCPO": 118, "UNIFINA": 7}, "qty": {"VALUEGFO": 17202.0, "CMOCTEZ": 11850.360527038574, "PSOTRAC15": 11298.560333251953, "BACHOCOB": 10385.399826049805, "GFAMSAA": 9279.6000289917, "CORPTRCISHRS": 4808.720169067383, "PYPL": 4932.0, "FRAGUAB": 3599.8500823974614, "DLRTRAC15": 3247.200050354004, "CETETRCISHRS": 3111.900100708008, "POCHTECB": 3038.0, "UDITRACISHRS": 2358.6000061035156, "LACOMERUBC": 2276.819892883301, "AAL": 2580.0, "MONEXB": 2010.0, "AUTLANB": 1885.3400897979736, "DANHOS13": 1431.1500358581543, "GFINBURO": 1352.1600036621094, "NAFTRACISHRS": 850.0600318908691, "TWTR": 690.4500122070312, "SORIANAB": 707.9600067138672, "GCARSOA1": 683.8699798583984, "GICSAB": 501.5999937057495, "AXTELCPO": 487.3400135040283, "UNIFINA": 383.67412185668945}, "pct": {"VALUEGFO": 0.17039677424775504, "CMOCTEZ": 0.11738537422859548, "PSOTRAC15": 0.11191944160154477, "BACHOCOB": 0.10287400474549954, "GFAMSAA": 0.09192035293858619, "CORPTRCISHRS": 0.047633438267015535, "PYPL": 0.04885460356876688, "FRAGUAB": 0.0356588095463343, "DLRTRAC15": 0.03216558620610801, "CETETRCISHRS": 0.030825353967091535, "POCHTECB": 0.030093326366973597, "UDITRACISHRS": 0.023363436389999676, "LACOMERUBC": 0.022553352243369004, "AAL": 0.025556544445948612, "MONEXB": 0.019910331138122756, "AUTLANB": 0.018675495271570024, "DANHOS13": 0.014176453294662739, "GFINBURO": 0.013394006678924316, "NAFTRACISHRS": 0.008420386428970346, "TWTR": 0.006839347451424323, "SORIANAB": 0.00701279510757249, "GCARSOA1": 0.006774168037015946, "GICSAB": 0.0049686676485381906, "AXTELCPO": 0.004827413455583293, "UNIFINA": 0.0038005367240274367}}