{"allocation": {"PSOTRAC15": 8346, "PYPL": 7, "DLRTRAC15": 408, "LACOMERUBC": 175, "TWTR": 5, "CMOCTEZ": 35, "M5TRACISHRS": 30, "CORPTRCISHRS": 281, "CETETRCISHRS": 22, "JPM": 1, "MONEXB": 92, "TLEVISACPO": 13, "AXTELCPO": 205, "GCARSOA1": 7, "CYDSASAA": 10, "GFINBURO": 9, "AUTLANB": 15}, "qty": {"PSOTRAC15": 57837.77856731415, "PYPL": 11542.370239257812, "DLRTRAC15": 7523.520217895508, "LACOMERUBC": 3708.250093460083, "TWTR": 2666.0000610351562, "CMOCTEZ": 2730.0, "M5TRACISHRS": 2591.100082397461, "CORPTRCISHRS": 2472.8000535964966, "CETETRCISHRS": 2280.960006713867, "JPM": 2158.010009765625, "MONEXB": 1091.1199684143066, "TLEVISACPO": 865.0200119018555, "AXTELCPO": 764.6500039100647, "GCARSOA1": 434.48999786376953, "CYDSASAA": 327.90000915527344, "GFINBURO": 264.240005493164, "AUTLANB": 245.40000915527344}, "pct": {"PSOTRAC15": 0.5812631215339811, "PYPL": 0.11599951314457059, "DLRTRAC15": 0.07561052576886754, "LACOMERUBC": 0.03726749329151111, "TWTR": 0.026792998553420086, "CMOCTEZ": 0.027436190688771435, "M5TRACISHRS": 0.026040262254339967, "CORPTRCISHRS": 0.02485136036838011, "CETETRCISHRS": 0.022923389632843603, "JPM": 0.02168775609384879, "MONEXB": 0.010965632057780653, "TLEVISACPO": 0.008693353112140163, "AXTELCPO": 0.0076846459038265045, "GCARSOA1": 0.004366575250459441, "CYDSASAA": 0.003295357940671788, "GFINBURO": 0.0026555821165979705, "AUTLANB": 0.0024662422879891347}}