{"allocation": {"PSOTRAC15": 3611, "BACHOCOB": 136, "CMOCTEZ": 135, "AUTLANB": 503, "LACOMERUBC": 335, "FRAGUAB": 27, "CORPTRCISHRS": 668, "DANHOS13": 122, "POCHTECB": 555, "TWTR": 7, "MONEXB": 214, "AAL": 3, "NAFTRACISHRS": 36, "PYPL": 1, "UNIFINA": 23, "JPM": 1, "GCARSOA1": 18, "GICSAB": 117, "AXTELCPO": 189}, "qty": {"PSOTRAC15": 23543.71993112564, "BACHOCOB": 13103.599792480469, "CMOCTEZ": 10260.0, "AUTLANB": 9657.600383758545, "LACOMERUBC": 6602.84969329834, "FRAGUAB": 6507.0, "CORPTRCISHRS": 5831.639694213867, "DANHOS13": 4057.719795227051, "POCHTECB": 3885.0, "TWTR": 3990.0, "MONEXB": 3421.859951019287, "AAL": 2406.0, "NAFTRACISHRS": 1738.7999725341797, "PYPL": 1388.8399658203125, "UNIFINA": 1489.6692123413086, "JPM": 2051.0, "GCARSOA1": 1209.5999450683594, "GICSAB": 1159.4699821472168, "AXTELCPO": 801.359956741333}, "pct": {"PSOTRAC15": 0.2283454113058925, "BACHOCOB": 0.12708896015391496, "CMOCTEZ": 0.09950950516112622, "AUTLANB": 0.09366696249821788, "LACOMERUBC": 0.06403960093892902, "FRAGUAB": 0.06310997564166163, "CORPTRCISHRS": 0.0565598031431972, "DANHOS13": 0.03935494043913745, "POCHTECB": 0.037679768767151595, "TWTR": 0.03869814089599353, "MONEXB": 0.033187874313509245, "AAL": 0.023335269923749482, "NAFTRACISHRS": 0.016864242187237435, "PYPL": 0.013470056310601827, "UNIFINA": 0.014447977209926731, "JPM": 0.019892202250045798, "GCARSOA1": 0.011731646391489074, "GICSAB": 0.011245446800453156, "AXTELCPO": 0.007772215667765259}}