{"allocation": {"PYPL": 14, "CYDSASAA": 381, "UNIFINA": 144, "PSOTRAC15": 1351, "BACHOCOB": 85, "CMOCTEZ": 103, "JPM": 3, "NAFTRACISHRS": 111, "SORIANAB": 128, "TWTR": 9, "AAL": 4, "MONEXB": 254, "GCARSOA1": 53, "POCHTECB": 496}, "qty": {"PYPL": 22190.0, "CYDSASAA": 12100.560087203981, "UNIFINA": 9475.728881835938, "PSOTRAC15": 8554.531701087952, "BACHOCOB": 8130.250129699707, "CMOCTEZ": 7681.740188598633, "JPM": 6494.06982421875, "NAFTRACISHRS": 5585.519966125488, "SORIANAB": 5192.9599609375, "TWTR": 4300.559967041016, "AAL": 3953.0400390625, "MONEXB": 3911.599903106689, "GCARSOA1": 3700.4599838256836, "POCHTECB": 3472.0}, "pct": {"PYPL": 0.21185182426430005, "CYDSASAA": 0.11552617075682474, "UNIFINA": 0.09046644659084539, "PSOTRAC15": 0.08167161543948934, "BACHOCOB": 0.077620924817573, "CMOCTEZ": 0.0733389216980175, "JPM": 0.062000024297453105, "NAFTRACISHRS": 0.05332593935504083, "SORIANAB": 0.04957810009265785, "TWTR": 0.041058200737974636, "AAL": 0.03774036699708024, "MONEXB": 0.03734473074651696, "GCARSOA1": 0.03532894088285324, "POCHTECB": 0.03314779332337313}}