{"allocation": {"DLRTRAC15": 1868, "PSOTRAC15": 4904, "FRAGUAB": 24, "CETETRCISHRS": 36, "LIVEPOLC-1": 20, "VALUEGFO": 17, "CORPTRCISHRS": 187, "MONEXB": 98, "LACOMERUBC": 59, "UDITRACISHRS": 10, "CMOCTEZ": 15, "GCARSOA1": 15, "BACHOCOB": 12, "GFINBURO": 29, "AUTLANB": 40, "FSHOP13": 67, "CHDRAUIB": 15, "SITESB-1": 29, "DANHOS13": 14, "NAFTRACISHRS": 8, "SORIANAB": 10, "AXTELCPO": 78, "GICSAB": 32, "TLEVISACPO": 4}, "qty": {"DLRTRAC15": 37509.4398574829, "PSOTRAC15": 31817.15158843994, "FRAGUAB": 6360.0, "CETETRCISHRS": 3740.7601318359375, "LIVEPOLC-1": 2426.000061035156, "VALUEGFO": 2040.0, "CORPTRCISHRS": 1533.3999643325806, "MONEXB": 1303.4000186920166, "LACOMERUBC": 1226.6100540161133, "UDITRACISHRS": 1143.7000274658205, "CMOCTEZ": 1035.0, "GCARSOA1": 979.7999954223633, "BACHOCOB": 850.8000183105469, "GFINBURO": 795.1800022125244, "AUTLANB": 573.1999969482423, "FSHOP13": 548.7299718856812, "CHDRAUIB": 562.8000068664551, "SITESB-1": 368.29999446868896, "DANHOS13": 336.2800064086914, "NAFTRACISHRS": 334.6400146484375, "SORIANAB": 269.50000762939453, "AXTELCPO": 248.04000520706177, "GICSAB": 221.75999450683594, "TLEVISACPO": 222.60000610351562}, "pct": {"DLRTRAC15": 0.38891208834844054, "PSOTRAC15": 0.32989228622379785, "FRAGUAB": 0.0659428904108958, "CETETRCISHRS": 0.03878561877784675, "LIVEPOLC-1": 0.02515368807573393, "VALUEGFO": 0.02115149315066469, "CORPTRCISHRS": 0.015898871981769636, "MONEXB": 0.013514145376441382, "LACOMERUBC": 0.012717957919636404, "UDITRACISHRS": 0.011858315341842314, "CMOCTEZ": 0.010731272260263703, "GCARSOA1": 0.010158937692253633, "BACHOCOB": 0.008821417039157316, "GFINBURO": 0.008244727632521442, "AUTLANB": 0.005943154808535181, "FSHOP13": 0.005689440314659026, "CHDRAUIB": 0.005835323769818561, "SITESB-1": 0.0038186739266638813, "DANHOS13": 0.0034866785550288796, "NAFTRACISHRS": 0.0034696744989091946, "SORIANAB": 0.0027942782183711865, "AXTELCPO": 0.002571772780013726, "GICSAB": 0.00229929166906999, "TLEVISACPO": 0.002308001227664916}}