{"allocation": {"PSOTRAC15": 3416, "VALUEGFO": 173, "CMOCTEZ": 178, "BACHOCOB": 78, "PYPL": 4, "FRAGUAB": 22, "LACOMERUBC": 160, "LIVEPOLC-1": 22, "TWTR": 4, "AUTLANB": 132, "LIVEPOL1": 15, "MONEXB": 138, "GFINBURO": 61, "DANHOS13": 59, "AAL": 3, "NAFTRACISHRS": 20, "GCARSOA1": 10, "JPM": 1, "GICSAB": 52, "UNIFINA": 7}, "qty": {"PSOTRAC15": 22986.26431274414, "VALUEGFO": 19895.0, "CMOCTEZ": 13919.59945678711, "BACHOCOB": 7211.879928588867, "PYPL": 6120.0400390625, "FRAGUAB": 5786.0, "LACOMERUBC": 3340.7998657226562, "LIVEPOLC-1": 3042.8199462890625, "TWTR": 2375.919921875, "AUTLANB": 2255.8800201416016, "LIVEPOL1": 2055.0, "MONEXB": 2056.1999473571773, "GFINBURO": 1872.7000465393066, "DANHOS13": 1808.3499774932864, "AAL": 2184.5099487304688, "NAFTRACISHRS": 991.9999694824218, "GCARSOA1": 775.1000213623047, "JPM": 2139.0, "GICSAB": 474.76000595092773, "UNIFINA": 351.29482269287115}, "pct": {"PSOTRAC15": 0.22614678408965186, "VALUEGFO": 0.19573386124204462, "CMOCTEZ": 0.13694581294896244, "BACHOCOB": 0.07095295829287258, "PYPL": 0.060211061462760326, "FRAGUAB": 0.05692466052508018, "LACOMERUBC": 0.03286793955037948, "LIVEPOLC-1": 0.029936310487633528, "TWTR": 0.023375118387056585, "AUTLANB": 0.022194124495657053, "LIVEPOL1": 0.020217797680442406, "MONEXB": 0.020229603175768242, "GFINBURO": 0.018424267959652935, "DANHOS13": 0.017791169820142016, "AAL": 0.021491961155399628, "NAFTRACISHRS": 0.009759637314842164, "GCARSOA1": 0.007625700931391565, "JPM": 0.021044218607526186, "GICSAB": 0.004670852431669825, "UNIFINA": 0.003456159441066354}}