{"allocation": {"CORPTRCISHRS": 5195, "LIVEPOLC-1": 85, "PYPL": 5, "CETETRCISHRS": 78, "AUTLANB": 428, "VALUEGFO": 58, "LACOMERUBC": 189, "TWTR": 4, "MONEXB": 142, "CMOCTEZ": 20, "BACHOCOB": 15, "DLRTRAC15": 34, "NAFTRACISHRS": 7, "GCARSOA1": 3, "AXTELCPO": 38}, "qty": {"CORPTRCISHRS": 45612.09861278534, "LIVEPOLC-1": 11433.349533081055, "PYPL": 8779.149780273438, "CETETRCISHRS": 8106.540023803711, "AUTLANB": 7186.120391845703, "VALUEGFO": 5684.0, "LACOMERUBC": 4006.8001441955566, "TWTR": 2676.080078125, "MONEXB": 1684.119951248169, "CMOCTEZ": 1563.0000305175781, "BACHOCOB": 1386.1500549316406, "DLRTRAC15": 639.1999740600586, "NAFTRACISHRS": 346.6400032043457, "GCARSOA1": 212.09999084472656, "AXTELCPO": 145.15999746322632}, "pct": {"CORPTRCISHRS": 0.45859506723056825, "LIVEPOLC-1": 0.11495366048174269, "PYPL": 0.08826769445296238, "CETETRCISHRS": 0.08150511334248245, "AUTLANB": 0.07225099183008615, "VALUEGFO": 0.057148310238193896, "LACOMERUBC": 0.04028533738615899, "TWTR": 0.026905956109594942, "MONEXB": 0.01693254916471892, "CMOCTEZ": 0.015714780198157124, "BACHOCOB": 0.013936687786052587, "DLRTRAC15": 0.0064266710805471, "NAFTRACISHRS": 0.0034852024004381555, "GCARSOA1": 0.0021325045880212033, "AXTELCPO": 0.0014594737102751401}}