{"allocation": {"PYPL": 11, "CYDSASAA": 351, "TWTR": 16, "VALUEGFO": 61, "JPM": 3, "PSOTRAC15": 968, "UNIFINA": 78, "CMOCTEZ": 61, "AXTELCPO": 988, "BACHOCOB": 47, "UDITRACISHRS": 35, "NAFTRACISHRS": 76, "FRAGUAB": 15, "AUTLANB": 192, "SORIANAB": 89, "MONEXB": 231, "POCHTECB": 392, "GCARSOA1": 35, "GE": 1}, "qty": {"PYPL": 16610.0, "CYDSASAA": 11583.0, "TWTR": 9635.83984375, "VALUEGFO": 7252.900093078613, "JPM": 6579.0, "PSOTRAC15": 6185.519870758057, "UNIFINA": 5057.960678100586, "CMOCTEZ": 4443.239776611328, "AXTELCPO": 4337.319868087769, "BACHOCOB": 4308.020172119141, "UDITRACISHRS": 4155.200042724609, "NAFTRACISHRS": 3603.1599884033203, "FRAGUAB": 3660.0, "AUTLANB": 3532.7999267578134, "SORIANAB": 3382.0, "MONEXB": 3349.5, "POCHTECB": 2744.0, "GCARSOA1": 2316.6500854492188, "GE": 2134.080078125}, "pct": {"PYPL": 0.15838628625398396, "CYDSASAA": 0.11045083405658616, "TWTR": 0.09188349715772014, "VALUEGFO": 0.06916074113870536, "JPM": 0.06273470061799882, "PSOTRAC15": 0.05898263220226318, "UNIFINA": 0.04823068078404782, "CMOCTEZ": 0.04236894925667969, "AXTELCPO": 0.041358939566649086, "BACHOCOB": 0.04107954943824199, "UDITRACISHRS": 0.0396223180860654, "NAFTRACISHRS": 0.03435828593270017, "FRAGUAB": 0.03490028944548954, "AUTLANB": 0.03368736065487758, "SORIANAB": 0.0322493931433458, "MONEXB": 0.03193948620154842, "POCHTECB": 0.026165681485908008, "GCARSOA1": 0.022090644406037106, "GE": 0.02034973017115176}}