{"allocation": {"VALUEGFO": 155, "PSOTRAC15": 2411, "BACHOCOB": 146, "CMOCTEZ": 170, "PYPL": 4, "FRAGUAB": 23, "POCHTECB": 572, "LIVEPOLC-1": 28, "TWTR": 3, "LACOMERUBC": 122, "MONEXB": 174, "AAL": 3, "LIVEPOL1": 15, "AUTLANB": 97, "DANHOS13": 47, "GFINBURO": 48, "NAFTRACISHRS": 18, "JPM": 1, "GCARSOA1": 10, "GICSAB": 53, "UNIFINA": 9}, "qty": {"VALUEGFO": 17825.0, "PSOTRAC15": 15172.423533439636, "BACHOCOB": 13969.280044555664, "CMOCTEZ": 13334.800415039062, "PYPL": 6660.0, "FRAGUAB": 6095.0, "POCHTECB": 4004.0, "LIVEPOLC-1": 3568.3200683593745, "TWTR": 2654.909912109375, "LACOMERUBC": 2533.940055847168, "MONEXB": 2436.0, "AAL": 2235.0, "LIVEPOL1": 1950.0, "AUTLANB": 1641.2400074005127, "DANHOS13": 1386.9700107574465, "GFINBURO": 1334.3999633789062, "NAFTRACISHRS": 857.5199890136719, "JPM": 2080.02001953125, "GCARSOA1": 670.5000305175781, "GICSAB": 461.63000202178955, "UNIFINA": 465.7738609313965}, "pct": {"VALUEGFO": 0.17589871280746583, "PSOTRAC15": 0.1497228482301113, "BACHOCOB": 0.13785011942128247, "CMOCTEZ": 0.1315890170294436, "PYPL": 0.06572148259734768, "FRAGUAB": 0.06014601147610121, "POCHTECB": 0.03951183428224926, "LIVEPOLC-1": 0.03521250529646353, "TWTR": 0.026198891229162483, "LACOMERUBC": 0.025005149742204483, "MONEXB": 0.02403866840948032, "AAL": 0.02205518222298379, "LIVEPOL1": 0.019242776436160354, "AUTLANB": 0.016195904892559093, "DANHOS13": 0.013686745559315112, "GFINBURO": 0.013167979575241465, "NAFTRACISHRS": 0.008462084840066037, "JPM": 0.02052582575311679, "GCARSOA1": 0.00661655496804536, "GICSAB": 0.004555406628271564, "UNIFINA": 0.00459629860292826}}