{"allocation": {"PSOTRAC15": 7052, "DLRTRAC15": 1224, "MONEXB": 283, "M5TRACISHRS": 47, "PYPL": 2, "CETETRCISHRS": 32, "LACOMERUBC": 141, "TWTR": 4, "CMOCTEZ": 32, "UDITRACISHRS": 14, "AXTELCPO": 116, "CYDSASAA": 11, "GCARSOA1": 6, "CHDRAUIB": 9, "NAFTRACISHRS": 8, "BACHOCOB": 3, "GFINBURO": 7, "AUTLANB": 9}, "qty": {"PSOTRAC15": 45386.671085357666, "DLRTRAC15": 24443.279159545895, "MONEXB": 4046.9000539779663, "M5TRACISHRS": 4025.5500717163086, "PYPL": 3440.0, "CETETRCISHRS": 3321.9199218750005, "LACOMERUBC": 2989.200107574463, "TWTR": 2828.0400390625, "CMOCTEZ": 2368.639892578125, "UDITRACISHRS": 1618.1200256347654, "AXTELCPO": 383.95999336242676, "CYDSASAA": 345.28999328613287, "GCARSOA1": 358.6799926757813, "CHDRAUIB": 323.189998626709, "NAFTRACISHRS": 350.8800048828125, "BACHOCOB": 223.5300064086914, "GFINBURO": 184.30999946594235, "AUTLANB": 125.90999794006348}, "pct": {"PSOTRAC15": 0.4690446663107472, "DLRTRAC15": 0.25260697563317003, "MONEXB": 0.041822342110995156, "M5TRACISHRS": 0.04160170254730417, "PYPL": 0.03555038546613107, "CETETRCISHRS": 0.03433009700880124, "LACOMERUBC": 0.030891632575486223, "TWTR": 0.02922613764602449, "CMOCTEZ": 0.02447850616616501, "UDITRACISHRS": 0.01672232286098308, "AXTELCPO": 0.003968001676630057, "CYDSASAA": 0.003568369871779021, "GCARSOA1": 0.0037067476740154344, "CHDRAUIB": 0.0033399793691796147, "NAFTRACISHRS": 0.0036261393680063767, "BACHOCOB": 0.0023100517125220136, "GFINBURO": 0.0019047359088013552, "AUTLANB": 0.0013012060932584377}}