{"allocation": {"PYPL": 23, "PSOTRAC15": 1679, "CMOCTEZ": 119, "BACHOCOB": 82, "JPM": 3, "UNIFINA": 91, "VALUEGFO": 61, "MONEXB": 294, "AXTELCPO": 1138, "GCARSOA1": 56, "GICSAB": 380, "FRAGUAB": 14, "POCHTECB": 406}, "qty": {"PYPL": 33373.0, "PSOTRAC15": 9956.469711780548, "CMOCTEZ": 8804.809745788574, "BACHOCOB": 7676.8402252197275, "JPM": 6343.259765625, "UNIFINA": 5867.490768432617, "VALUEGFO": 5856.0, "MONEXB": 4674.5998878478995, "AXTELCPO": 4301.639967441559, "GCARSOA1": 3636.0800170898438, "GICSAB": 3499.8000144958496, "FRAGUAB": 3360.0, "POCHTECB": 2842.0}, "pct": {"PYPL": 0.3330904992050893, "PSOTRAC15": 0.09937390904675439, "CMOCTEZ": 0.08787937774939476, "BACHOCOB": 0.07662129694472025, "JPM": 0.06331104671200039, "UNIFINA": 0.05856247353065273, "VALUEGFO": 0.058447786034968474, "MONEXB": 0.046656423163255065, "AXTELCPO": 0.042933970699537735, "GCARSOA1": 0.0362911248027479, "GICSAB": 0.03493093620430891, "FRAGUAB": 0.03353561493809667, "POCHTECB": 0.028365540968473428}}