{"allocation": {"PSOTRAC15": 3923, "BACHOCOB": 145, "CMOCTEZ": 148, "CORPTRCISHRS": 650, "AUTLANB": 307, "FRAGUAB": 22, "LACOMERUBC": 280, "POCHTECB": 651, "TWTR": 8, "AAL": 4, "DANHOS13": 113, "MONEXB": 195, "NAFTRACISHRS": 37, "PYPL": 1, "UNIFINA": 24, "GICSAB": 129, "JPM": 1, "GCARSOA1": 17, "AXTELCPO": 191}, "qty": {"PSOTRAC15": 25978.10685300827, "BACHOCOB": 13818.500442504881, "CMOCTEZ": 10981.599548339844, "CORPTRCISHRS": 5680.999851226807, "AUTLANB": 5670.289789199828, "FRAGUAB": 5367.78012084961, "LACOMERUBC": 5157.600021362305, "POCHTECB": 4557.0, "TWTR": 4178.39990234375, "AAL": 3880.0, "DANHOS13": 3413.72989654541, "MONEXB": 2730.0, "NAFTRACISHRS": 1703.8499717712402, "PYPL": 1381.0, "UNIFINA": 1448.5323486328125, "GICSAB": 1336.4399557113647, "JPM": 1981.0, "GCARSOA1": 1088.5099792480469, "AXTELCPO": 781.1900291442871}, "pct": {"PSOTRAC15": 0.2568668404786688, "BACHOCOB": 0.1366348429045853, "CMOCTEZ": 0.10858407794474761, "CORPTRCISHRS": 0.05617270306883178, "AUTLANB": 0.05606680390497943, "FRAGUAB": 0.053075642802938916, "LACOMERUBC": 0.050997419844188374, "POCHTECB": 0.04505879503400937, "TWTR": 0.04131526547505635, "AAL": 0.038364740998893206, "DANHOS13": 0.03375434621678947, "MONEXB": 0.026993748177056305, "NAFTRACISHRS": 0.016847361563911117, "PYPL": 0.01365507920604936, "UNIFINA": 0.014322826903045446, "GICSAB": 0.013214477515834747, "JPM": 0.019587771113094704, "GCARSOA1": 0.010762990574371634, "AXTELCPO": 0.007724266272948044}}