{"allocation": {"CORPTRCISHRS": 5613, "CETETRCISHRS": 293, "LACOMERUBC": 423, "GCARSOA1": 127, "AXTELCPO": 1645, "CHDRAUIB": 7, "GFINBURO": 6, "FRAGUAB": 1, "LIVEPOLC-1": 1, "SORIANAB": 1, "DLRTRAC15": 1, "UNIFINA": 1, "GFAMSAA": 5}, "qty": {"CORPTRCISHRS": 49506.65828704834, "CETETRCISHRS": 31096.08919525146, "LACOMERUBC": 11099.519903182983, "GCARSOA1": 8178.800193786621, "AXTELCPO": 4803.40012550354, "CHDRAUIB": 186.69000053405762, "GFINBURO": 143.39999771118167, "FRAGUAB": 230.0, "LIVEPOLC-1": 98.0199966430664, "SORIANAB": 24.88999938964844, "DLRTRAC15": 19.0, "UNIFINA": 31.31480407714844, "GFAMSAA": 27.049999237060547}, "pct": {"CORPTRCISHRS": 0.46950293449361696, "CETETRCISHRS": 0.2949038701783132, "LACOMERUBC": 0.10526376342751574, "GCARSOA1": 0.07756473218925329, "AXTELCPO": 0.04555367969687657, "CHDRAUIB": 0.0017704992848262165, "GFINBURO": 0.0013599528237475764, "FRAGUAB": 0.002181235386711256, "LIVEPOLC-1": 0.0009295855881877173, "SORIANAB": 0.0002360475975822728, "DLRTRAC15": 0.00018018901020658203, "UNIFINA": 0.00029697808165654826, "GFAMSAA": 0.00025653224150603887}}