{"allocation": {"PSOTRAC15": 6884, "DLRTRAC15": 1824, "PYPL": 6, "CYDSASAA": 99, "GFINBURO": 25}, "qty": {"PSOTRAC15": 49551.03168487549, "DLRTRAC15": 36133.439025878906, "PYPL": 13134.0, "CYDSASAA": 2425.5, "GFINBURO": 619.2500114440918}, "pct": {"PSOTRAC15": 0.48644674037954416, "DLRTRAC15": 0.3547250790785623, "PYPL": 0.12893760777326158, "CYDSASAA": 0.023811342139031976, "GFINBURO": 0.006079230629599973}}