{"allocation": {"DLRTRAC15": 2041, "PSOTRAC15": 3671, "UDITRACISHRS": 79, "CETETRCISHRS": 48, "GCARSOA1": 67, "LIVEPOLC-1": 24, "PYPL": 1, "VALUEGFO": 24, "CORPTRCISHRS": 189, "LACOMERUBC": 58, "GFINBURO": 21, "CMOCTEZ": 8, "NAFTRACISHRS": 11, "LIVEPOL1": 4, "GFAMSAA": 42, "SORIANAB": 12, "AUTLANB": 21, "AXTELCPO": 91, "CHDRAUIB": 6, "TLEVISACPO": 4, "AAL": 1}, "qty": {"DLRTRAC15": 38268.75, "PSOTRAC15": 26904.758985996246, "UDITRACISHRS": 9650.64028930664, "CETETRCISHRS": 5034.719970703125, "GCARSOA1": 4925.170143127441, "LIVEPOLC-1": 2945.280029296875, "PYPL": 2130.5, "VALUEGFO": 2712.0, "CORPTRCISHRS": 1597.0499639511108, "LACOMERUBC": 1258.6000442504883, "GFINBURO": 609.4200096130371, "CMOCTEZ": 482.7999877929687, "NAFTRACISHRS": 491.15001678466797, "LIVEPOL1": 500.0, "GFAMSAA": 273.0, "SORIANAB": 275.87999725341797, "AUTLANB": 227.21999359130862, "AXTELCPO": 212.93999218940735, "CHDRAUIB": 224.75999450683594, "TLEVISACPO": 154.24000549316406, "AAL": 643.4000244140625}, "pct": {"DLRTRAC15": 0.3845244523352295, "PSOTRAC15": 0.2703390550854562, "UDITRACISHRS": 0.09696964682488812, "CETETRCISHRS": 0.05058887315096161, "GCARSOA1": 0.049488116333663984, "LIVEPOLC-1": 0.02959417776225431, "PYPL": 0.02140726691360984, "VALUEGFO": 0.027250179708852327, "CORPTRCISHRS": 0.016047160221859848, "LACOMERUBC": 0.012646414965853723, "GFINBURO": 0.0061234530900168786, "CMOCTEZ": 0.004851174937606972, "NAFTRACISHRS": 0.004935076040334823, "LIVEPOL1": 0.005024000683785459, "GFAMSAA": 0.0027431043733468605, "SORIANAB": 0.002772042589687805, "AUTLANB": 0.002283106806344924, "AXTELCPO": 0.0021396213327297057, "CHDRAUIB": 0.0022583887321799196, "TLEVISACPO": 0.0015498037861294584, "AAL": 0.006464884325207662}}