{"allocation": {"BACHOCOB": 283, "PYPL": 7, "LACOMERUBC": 563, "JPM": 3, "UDITRACISHRS": 57, "AXTELCPO": 1506, "PSOTRAC15": 548, "GCARSOA1": 59, "CETETRCISHRS": 32, "CMOCTEZ": 48, "AAL": 5, "SORIANAB": 92, "FRAGUAB": 11, "CYDSASAA": 88, "LIVEPOL1": 16, "GFINBURO": 70, "GFAMSAA": 260, "LIVEPOLC-1": 13, "CHDRAUIB": 42, "VALUEGFO": 4}, "qty": {"BACHOCOB": 23967.27069091797, "PYPL": 14768.600341796875, "LACOMERUBC": 14587.329914093018, "JPM": 7743.150146484375, "UDITRACISHRS": 7361.549652099609, "AXTELCPO": 4638.479885101318, "PSOTRAC15": 4148.360094070435, "GCARSOA1": 3856.240036010742, "CETETRCISHRS": 3383.360107421875, "CMOCTEZ": 2784.0, "AAL": 2814.4000244140625, "SORIANAB": 2436.159957885742, "FRAGUAB": 2420.1099395751958, "CYDSASAA": 2110.239959716797, "LIVEPOL1": 1696.0, "GFINBURO": 1624.699935913086, "GFAMSAA": 1351.9999504089355, "LIVEPOLC-1": 1253.5900039672852, "CHDRAUIB": 1136.099967956543, "VALUEGFO": 371.0}, "pct": {"BACHOCOB": 0.2294558620198295, "PYPL": 0.14139039717765872, "LACOMERUBC": 0.1396549654389396, "JPM": 0.07413072662811786, "UDITRACISHRS": 0.07047739156483804, "AXTELCPO": 0.04440749279394892, "PSOTRAC15": 0.03971522471744301, "GCARSOA1": 0.03691855001051574, "CETETRCISHRS": 0.03239133149466904, "CMOCTEZ": 0.02665322756609374, "AAL": 0.026944268790491305, "SORIANAB": 0.023323105511829752, "FRAGUAB": 0.023169447181919205, "CYDSASAA": 0.020202839750501536, "LIVEPOL1": 0.01623702368968929, "GFINBURO": 0.0155544170684301, "GFAMSAA": 0.01294366463634943, "LIVEPOLC-1": 0.0120015156789944, "CHDRAUIB": 0.010876699347621246, "VALUEGFO": 0.0035518489321195324}}