{"allocation": {"PSOTRAC15": 5603, "PYPL": 14, "CETETRCISHRS": 249, "LACOMERUBC": 169, "SORIANAB": 120}, "qty": {"PSOTRAC15": 41338.93278169632, "PYPL": 28616.0, "CETETRCISHRS": 26207.25, "LACOMERUBC": 4377.099935531617, "SORIANAB": 3118.7999725341797}, "pct": {"PSOTRAC15": 0.3988008624992559, "PYPL": 0.276061444100261, "CETETRCISHRS": 0.25282398940790346, "LACOMERUBC": 0.04222632545338334, "SORIANAB": 0.03008737853919626}}