{"allocation": {"PSOTRAC15": 6174, "DLRTRAC15": 1475, "PYPL": 6, "CORPTRCISHRS": 1380, "MONEXB": 168, "LACOMERUBC": 84, "GFINBURO": 5}, "qty": {"PSOTRAC15": 44452.798822402954, "DLRTRAC15": 27965.998649597168, "PYPL": 13128.0, "CORPTRCISHRS": 11799.000263214111, "MONEXB": 2066.400032043457, "LACOMERUBC": 1843.800064086914, "GFINBURO": 138.8000011444092}, "pct": {"PSOTRAC15": 0.438413013021062, "DLRTRAC15": 0.27581295340022144, "PYPL": 0.12947409808625818, "CORPTRCISHRS": 0.11636691936312994, "MONEXB": 0.020379744091578427, "LACOMERUBC": 0.01818436550495416, "GFINBURO": 0.001368906532795855}}