{"allocation": {"PSOTRAC15": 6283, "DLRTRAC15": 2000, "MONEXB": 217, "CETETRCISHRS": 18, "PYPL": 1, "CHDRAUIB": 28, "LACOMERUBC": 54, "UDITRACISHRS": 8, "VALUEGFO": 8, "CORPTRCISHRS": 107, "CMOCTEZ": 11, "GFINBURO": 21, "AUTLANB": 38, "BACHOCOB": 7, "NAFTRACISHRS": 12, "SORIANAB": 17, "DANHOS13": 16, "AXTELCPO": 103, "GICSAB": 43, "TLEVISACPO": 5}, "qty": {"PSOTRAC15": 42309.72329425812, "DLRTRAC15": 38740.0016784668, "MONEXB": 3059.700082778931, "CETETRCISHRS": 1878.6600494384768, "PYPL": 1635.0, "CHDRAUIB": 1103.2000427246094, "LACOMERUBC": 1082.1600494384766, "UDITRACISHRS": 956.8800048828125, "VALUEGFO": 872.0, "CORPTRCISHRS": 876.4369983673096, "CMOCTEZ": 734.8000335693359, "GFINBURO": 594.0900192260742, "AUTLANB": 540.3600101470947, "BACHOCOB": 451.63997650146484, "NAFTRACISHRS": 498.0, "SORIANAB": 471.75, "DANHOS13": 371.67999267578125, "AXTELCPO": 305.9100029468536, "GICSAB": 273.4800057411194, "TLEVISACPO": 246.70000076293945}, "pct": {"PSOTRAC15": 0.43617294660924144, "DLRTRAC15": 0.3993725169560958, "MONEXB": 0.03154259344984514, "CETETRCISHRS": 0.0193671956618976, "PYPL": 0.016855292641511813, "CHDRAUIB": 0.011372941628288457, "LACOMERUBC": 0.011156039338372118, "UDITRACISHRS": 0.009864521409853857, "VALUEGFO": 0.0089894894088063, "CORPTRCISHRS": 0.00903523063567536, "CMOCTEZ": 0.007575088439635389, "GFINBURO": 0.00612450221985129, "AUTLANB": 0.005570597004770382, "BACHOCOB": 0.004655977964854867, "NAFTRACISHRS": 0.005133905648607268, "SORIANAB": 0.004863293152069234, "DANHOS13": 0.003831666694523095, "AXTELCPO": 0.0031536407471773444, "GICSAB": 0.002819318365974861, "TLEVISACPO": 0.0025432420229483375}}