{"allocation": {"PSOTRAC15": 6328, "PYPL": 13, "CORPTRCISHRS": 2196, "TWTR": 7, "VALUEGFO": 21}, "qty": {"PSOTRAC15": 45194.57725524902, "PYPL": 28123.421142578125, "CORPTRCISHRS": 18753.839916229248, "TWTR": 5001.990051269531, "VALUEGFO": 2373.0}, "pct": {"PSOTRAC15": 0.45445971478570546, "PYPL": 0.2827985729144068, "CORPTRCISHRS": 0.18858157896534927, "TWTR": 0.05029813553122396, "VALUEGFO": 0.023861997803314487}}