{"allocation": {"PSOTRAC15": 6604, "DLRTRAC15": 1887, "PYPL": 7, "CYDSASAA": 92, "GFINBURO": 33}, "qty": {"PSOTRAC15": 49358.295848846436, "DLRTRAC15": 35664.29928016663, "PYPL": 14826.0, "CYDSASAA": 2203.4000701904297, "GFINBURO": 776.1600151062012}, "pct": {"PSOTRAC15": 0.48000759856068753, "DLRTRAC15": 0.34683398924970255, "PYPL": 0.14418230074341348, "CYDSASAA": 0.02142798405357176, "GFINBURO": 0.0075481273926247565}}