{"allocation": {"PSOTRAC15": 5504, "DLRTRAC15": 1952, "FRAGUAB": 19, "MONEXB": 162, "CETETRCISHRS": 21, "UDITRACISHRS": 16, "GFINBURO": 49, "PYPL": 1, "LACOMERUBC": 54, "CORPTRCISHRS": 128, "LIVEPOLC-1": 9, "VALUEGFO": 9, "LIVEPOL1": 7, "CMOCTEZ": 10, "SORIANAB": 19, "NAFTRACISHRS": 11, "DANHOS13": 13, "AXTELCPO": 118, "TLEVISACPO": 6, "MFRISCOA-1": 38}, "qty": {"PSOTRAC15": 38770.176818847656, "DLRTRAC15": 36795.200744628906, "FRAGUAB": 4940.0, "MONEXB": 2268.0, "CETETRCISHRS": 2190.090019226074, "UDITRACISHRS": 1870.8800048828125, "GFINBURO": 1357.3000373840332, "PYPL": 1680.0, "LACOMERUBC": 1063.8000411987305, "CORPTRCISHRS": 1064.9599609375, "LIVEPOLC-1": 1126.9800109863281, "VALUEGFO": 981.0, "LIVEPOL1": 854.0, "CMOCTEZ": 650.0, "SORIANAB": 512.4299869537352, "NAFTRACISHRS": 483.450008392334, "DANHOS13": 355.28999900817865, "AXTELCPO": 351.6400022506714, "TLEVISACPO": 286.8600082397461, "MFRISCOA-1": 188.48000144958496}, "pct": {"PSOTRAC15": 0.3964614343346263, "DLRTRAC15": 0.37626545094203345, "FRAGUAB": 0.05051613498602728, "MONEXB": 0.023192427965244913, "CETETRCISHRS": 0.02239572531230272, "UDITRACISHRS": 0.01913150341484201, "GFINBURO": 0.01387966637753678, "PYPL": 0.017179576270551788, "LACOMERUBC": 0.010878353538327216, "CORPTRCISHRS": 0.010890214805958115, "LIVEPOLC-1": 0.011524428008408878, "VALUEGFO": 0.01003164542941149, "LIVEPOL1": 0.008732951270863825, "CMOCTEZ": 0.006646859866582536, "SORIANAB": 0.005240077407255686, "NAFTRACISHRS": 0.004943729935818454, "DANHOS13": 0.0036331735929317106, "AXTELCPO": 0.0035958489514538164, "TLEVISACPO": 0.0029334127324558523, "MFRISCOA-1": 0.0019273848573671763}}