{"allocation": {"DLRTRAC15": 2114, "PSOTRAC15": 5309, "CYDSASAA": 225, "PYPL": 1, "CETETRCISHRS": 14, "GFINBURO": 51, "LIVEPOLC-1": 10, "TWTR": 2, "CORPTRCISHRS": 122, "CHDRAUIB": 23, "LACOMERUBC": 39, "VALUEGFO": 5, "NAFTRACISHRS": 11, "CMOCTEZ": 7, "AAL": 1, "UNIFINA": 8, "SORIANAB": 14, "GFAMSAA": 42, "AXTELCPO": 102, "MFRISCOA-1": 49, "TLEVISACPO": 5}, "qty": {"DLRTRAC15": 40525.3801612854, "PSOTRAC15": 37550.55675697327, "CYDSASAA": 6750.0, "PYPL": 2010.0, "CETETRCISHRS": 1463.979995727539, "GFINBURO": 1371.3899688720705, "LIVEPOLC-1": 1230.999984741211, "TWTR": 1275.0, "CORPTRCISHRS": 1037.0, "CHDRAUIB": 865.7199859619141, "LACOMERUBC": 819.0, "VALUEGFO": 575.0, "NAFTRACISHRS": 475.75, "CMOCTEZ": 417.6899871826172, "AAL": 612.0, "UNIFINA": 321.5090026855469, "SORIANAB": 315.4200096130371, "GFAMSAA": 286.0199975967407, "AXTELCPO": 233.57999610900885, "MFRISCOA-1": 217.06999158859253, "TLEVISACPO": 214.95000839233398}, "pct": {"DLRTRAC15": 0.4111412795840521, "PSOTRAC15": 0.3809608668126526, "CYDSASAA": 0.06848063179536935, "PYPL": 0.02039201035684332, "CETETRCISHRS": 0.014852485191585779, "GFINBURO": 0.013913133556472787, "LIVEPOLC-1": 0.012488838028913802, "TWTR": 0.012935230450236434, "CORPTRCISHRS": 0.010520654099525633, "CHDRAUIB": 0.00878297060689632, "LACOMERUBC": 0.008308983324504816, "VALUEGFO": 0.00583353530108702, "NAFTRACISHRS": 0.004826616381725477, "CMOCTEZ": 0.004237581365461534, "AAL": 0.006208910616113489, "UNIFINA": 0.003261798463971164, "SORIANAB": 0.003200023931733668, "GFAMSAA": 0.0029017526135607158, "AXTELCPO": 0.002369734179008125, "MFRISCOA-1": 0.00220223558041516, "TLEVISACPO": 0.0021807277598706633}}