{"allocation": {"CETETRCISHRS": 835, "GFINBURO": 91, "PYPL": 1, "JPM": 1, "DLRTRAC15": 84, "LIVEPOLC-1": 13, "VALUEGFO": 14}, "qty": {"CETETRCISHRS": 86998.6520385742, "GFINBURO": 2617.1600208282475, "PYPL": 1890.0, "JPM": 2015.0, "DLRTRAC15": 1596.0, "LIVEPOLC-1": 1571.8300476074219, "VALUEGFO": 1435.0}, "pct": {"CETETRCISHRS": 0.8866227360751329, "GFINBURO": 0.026672063578460258, "PYPL": 0.019261413043951615, "JPM": 0.020535316023048946, "DLRTRAC15": 0.016265193237114697, "LIVEPOLC-1": 0.01601887184225433, "VALUEGFO": 0.014624406200037339}}