{"allocation": {"CORPTRCISHRS": 4437, "CMOCTEZ": 465, "M5TRACISHRS": 104, "SITESB-1": 571, "LACOMERUBC": 278, "BACHOCOB": 76, "PSOTRAC15": 460, "FRAGUAB": 7, "TWTR": 2, "DANHOS13": 22, "TLEVISACPO": 16, "CYDSASAA": 19, "GFINBURO": 12, "GCARSOA1": 4, "LIVEPOL1": 2, "CHDRAUIB": 7, "LIVEPOLC-1": 2, "AAL": 1, "GFAMSAA": 37}, "qty": {"CORPTRCISHRS": 40332.33067703247, "CMOCTEZ": 27528.000354766846, "M5TRACISHRS": 9145.76025390625, "SITESB-1": 8467.929956436159, "LACOMERUBC": 6488.520042419434, "BACHOCOB": 5354.199768066406, "PSOTRAC15": 3523.5999298095703, "FRAGUAB": 1680.0, "TWTR": 1280.0, "DANHOS13": 605.6600151062012, "TLEVISACPO": 589.280029296875, "CYDSASAA": 452.3899898529053, "GFINBURO": 253.44001007080078, "GCARSOA1": 216.11999511718753, "LIVEPOL1": 180.0, "CHDRAUIB": 177.30999946594235, "LIVEPOLC-1": 183.61999511718753, "AAL": 377.989990234375, "GFAMSAA": 113.58999752998352}, "pct": {"CORPTRCISHRS": 0.3771148045644898, "CMOCTEZ": 0.2573919309788552, "M5TRACISHRS": 0.08551456196181573, "SITESB-1": 0.07917672242049986, "LACOMERUBC": 0.06066887101823734, "BACHOCOB": 0.05006276516232715, "PSOTRAC15": 0.03294631568738678, "FRAGUAB": 0.015708312934891316, "TWTR": 0.01196823842658386, "DANHOS13": 0.005663033957999529, "TLEVISACPO": 0.0055098780395697825, "CYDSASAA": 0.004229930672155799, "GFINBURO": 0.0023697113026274674, "GCARSOA1": 0.0020207622111833123, "LIVEPOL1": 0.0016830335287383552, "CHDRAUIB": 0.001657881522676449, "LIVEPOLC-1": 0.0017168811573833314, "AAL": 0.0035342768171774254, "GFAMSAA": 0.0010620876354014955}}