{"allocation": {"MONEXB": 3351, "PYPL": 4, "SITESB-1": 1037, "FSHOP13": 1846, "FRAGUAB": 31, "CYDSASAA": 259, "CETETRCISHRS": 36, "CMOCTEZ": 29, "PSOTRAC15": 139, "CORPTRCISHRS": 93, "NAFTRACISHRS": 15, "DANHOS13": 23, "GICSAB": 127, "TLEVISACPO": 20, "CHDRAUIB": 16, "GFINBURO": 20, "TWTR": 1, "SORIANAB": 15, "VALUEGFO": 2, "GCARSOA1": 5, "LIVEPOL1": 4, "MFRISCOA-1": 96, "LIVEPOLC-1": 3, "GFAMSAA": 102}, "qty": {"MONEXB": 42557.69936084747, "PYPL": 15997.83984375, "SITESB-1": 15109.089683532717, "FSHOP13": 11537.5, "FRAGUAB": 6727.0, "CYDSASAA": 5436.4099407196045, "CETETRCISHRS": 3806.6399230957027, "CMOCTEZ": 1403.6000442504883, "PSOTRAC15": 928.5199761390686, "CORPTRCISHRS": 766.3199787139893, "NAFTRACISHRS": 554.850025177002, "DANHOS13": 502.3200035095215, "GICSAB": 481.3299951553345, "TLEVISACPO": 482.59998321533203, "CHDRAUIB": 431.5199890136718, "GFINBURO": 318.99999618530273, "TWTR": 683.7100219726562, "SORIANAB": 270.0, "VALUEGFO": 262.0, "GCARSOA1": 224.0999984741211, "LIVEPOL1": 260.0, "MFRISCOA-1": 153.96047973632812, "LIVEPOLC-1": 169.0800018310547, "GFAMSAA": 121.38000583648682}, "pct": {"MONEXB": 0.38977081732494023, "PYPL": 0.14651851967986085, "SITESB-1": 0.13837877336960203, "FSHOP13": 0.10566785499273633, "FRAGUAB": 0.061610198096306586, "CYDSASAA": 0.049790143211010135, "CETETRCISHRS": 0.034863659839933926, "CMOCTEZ": 0.012855073104542482, "PSOTRAC15": 0.008503983895689888, "CORPTRCISHRS": 0.007018451864683563, "NAFTRACISHRS": 0.0050816738464242285, "DANHOS13": 0.004600570079375507, "GICSAB": 0.00440833006558859, "TLEVISACPO": 0.004419961434097047, "CHDRAUIB": 0.0039521379523782315, "GFINBURO": 0.002921607396714367, "TWTR": 0.006261856681160321, "SORIANAB": 0.002472833876319723, "VALUEGFO": 0.0023995647244287686, "GCARSOA1": 0.002052452103370389, "LIVEPOL1": 0.0023812474364560297, "MFRISCOA-1": 0.001410069221875661, "LIVEPOLC-1": 0.001548543541985307, "GFAMSAA": 0.001111676260519816}}