{"allocation": {"PYPL": 7, "SITESB-1": 1372, "FSHOP13": 3194, "CETETRCISHRS": 177, "FRAGUAB": 73, "CYDSASAA": 73, "GCARSOA1": 11, "CMOCTEZ": 7, "CORPTRCISHRS": 22, "AUTLANB": 16, "CHDRAUIB": 7, "GFINBURO": 10, "NAFTRACISHRS": 4, "PSOTRAC15": 18, "VALUEGFO": 1, "MFRISCOA-1": 55, "GFAMSAA": 180, "GICSAB": 14}, "qty": {"PYPL": 31324.439453125, "SITESB-1": 22665.440628051758, "FSHOP13": 19164.0, "CETETRCISHRS": 18715.979621887203, "FRAGUAB": 15950.5, "CYDSASAA": 1383.35005569458, "GCARSOA1": 475.3099899291992, "CMOCTEZ": 323.4000053405762, "CORPTRCISHRS": 181.2799949645996, "AUTLANB": 173.60000610351565, "CHDRAUIB": 177.16999626159668, "GFINBURO": 160.10000228881836, "NAFTRACISHRS": 147.9600067138672, "PSOTRAC15": 127.87200164794922, "VALUEGFO": 149.8000030517578, "MFRISCOA-1": 101.437491774559, "GFAMSAA": 83.70000064373016, "GICSAB": 44.24000120162964}, "pct": {"PYPL": 0.28131619052061285, "SITESB-1": 0.20355209942371522, "FSHOP13": 0.17210662247299022, "CETETRCISHRS": 0.16808307446234186, "FRAGUAB": 0.1432470612479352, "CYDSASAA": 0.012423487047767537, "GCARSOA1": 0.004268628521936207, "CMOCTEZ": 0.0029043666576348136, "CORPTRCISHRS": 0.0016280258638738214, "AUTLANB": 0.0015590539924737303, "CHDRAUIB": 0.001591115093933193, "GFINBURO": 0.0014378141646757738, "NAFTRACISHRS": 0.0013287881974851094, "PSOTRAC15": 0.0011483833392031506, "VALUEGFO": 0.0013453126994198321, "MFRISCOA-1": 0.0009109822636950051, "GFAMSAA": 0.0007516867257242489, "GICSAB": 0.00039730730458221173}}