{"allocation": {"DLRTRAC15": 1375, "FSHOP13": 1810, "AXTELCPO": 5178, "CYDSASAA": 632, "BACHOCOB": 182, "CMOCTEZ": 224}, "qty": {"DLRTRAC15": 25726.248741149902, "FSHOP13": 18371.49930953979, "AXTELCPO": 16517.820296287537, "CYDSASAA": 14848.840530395508, "BACHOCOB": 13780.129333496094, "CMOCTEZ": 12913.600341796875}, "pct": {"DLRTRAC15": 0.2518276968005561, "FSHOP13": 0.17983392776943277, "AXTELCPO": 0.1616887360156047, "CYDSASAA": 0.14535151815379316, "BACHOCOB": 0.13489017643358886, "CMOCTEZ": 0.12640794482702433}}