{"allocation": {"UDITRACISHRS": 165, "BACHOCOB": 253, "JPM": 4, "PYPL": 5, "LACOMERUBC": 275, "PSOTRAC15": 665, "AXTELCPO": 1315, "FRAGUAB": 14, "GCARSOA1": 47, "CETETRCISHRS": 29, "CMOCTEZ": 43, "CYDSASAA": 85, "SORIANAB": 72, "AAL": 3, "LIVEPOL1": 15, "GFINBURO": 57, "VALUEGFO": 9, "LIVEPOLC-1": 12, "CHDRAUIB": 39, "GFAMSAA": 221}, "qty": {"UDITRACISHRS": 21549.001007080078, "BACHOCOB": 21097.669845581055, "JPM": 10512.0, "PYPL": 10225.0, "LACOMERUBC": 6473.5002517700195, "PSOTRAC15": 5234.21487569809, "AXTELCPO": 4010.7499372959137, "FRAGUAB": 3430.0, "GCARSOA1": 3280.600143432617, "CETETRCISHRS": 3071.9700088500977, "CMOCTEZ": 2502.6000328063965, "CYDSASAA": 2125.0, "SORIANAB": 1789.2000274658203, "AAL": 1602.0, "LIVEPOL1": 1605.0, "GFINBURO": 1313.8499565124512, "VALUEGFO": 1125.0, "LIVEPOLC-1": 1153.3200073242188, "CHDRAUIB": 1065.869997024536, "GFAMSAA": 932.6199536323547}, "pct": {"UDITRACISHRS": 0.20700454985272246, "BACHOCOB": 0.2026689612149979, "JPM": 0.10098063605532653, "PYPL": 0.09822364951157857, "LACOMERUBC": 0.0621858992511466, "PSOTRAC15": 0.05028104522433838, "AXTELCPO": 0.03852816587966157, "FRAGUAB": 0.032949351376500194, "GCARSOA1": 0.03151418275561465, "CETETRCISHRS": 0.02951003476375285, "CMOCTEZ": 0.024040538727632323, "CYDSASAA": 0.020413227893604346, "SORIANAB": 0.01718745783901315, "AAL": 0.015389172275554901, "LIVEPOL1": 0.015417990950228225, "GFINBURO": 0.012621138155430978, "VALUEGFO": 0.010807003002496419, "LIVEPOLC-1": 0.011079051361770688, "CHDRAUIB": 0.010238986896102231, "GFAMSAA": 0.008958957012527047}}