{"allocation": {"LACOMERUBC": 2044, "FRAGUAB": 167, "SITESB-1": 860, "CORPTRCISHRS": 134, "MONEXB": 63}, "qty": {"LACOMERUBC": 51508.80155944824, "FRAGUAB": 38076.0, "SITESB-1": 13631.000328063967, "CORPTRCISHRS": 1128.2800102233887, "MONEXB": 809.5500240325929}, "pct": {"LACOMERUBC": 0.48984329516806013, "FRAGUAB": 0.36209876258318535, "SITESB-1": 0.12962938206647115, "CORPTRCISHRS": 0.010729824444511838, "MONEXB": 0.007698735737771558}}