{"allocation": {"PYPL": 6, "DLRTRAC15": 811, "FSHOP13": 3013, "SITESB-1": 788, "CYDSASAA": 584, "FRAGUAB": 39, "MONEXB": 224, "PSOTRAC15": 368, "CETETRCISHRS": 20, "CMOCTEZ": 40, "NAFTRACISHRS": 30, "CORPTRCISHRS": 123, "AUTLANB": 107, "DANHOS13": 38, "GFINBURO": 44, "VALUEGFO": 4, "SORIANAB": 28, "GICSAB": 135, "TLEVISACPO": 16, "LIVEPOL1": 6, "CHDRAUIB": 13, "GCARSOA1": 7, "AAL": 1, "LIVEPOLC-1": 5, "MFRISCOA-1": 125, "GFAMSAA": 251}, "qty": {"PYPL": 26096.1005859375, "DLRTRAC15": 17720.35030937195, "FSHOP13": 16631.759942531586, "SITESB-1": 13112.319519042969, "CYDSASAA": 11329.599777221682, "FRAGUAB": 8385.0, "MONEXB": 2844.7999572753906, "PSOTRAC15": 2555.7600631713867, "CETETRCISHRS": 2114.79995727539, "CMOCTEZ": 1880.0, "NAFTRACISHRS": 1109.700050354004, "CORPTRCISHRS": 1013.5199718475342, "AUTLANB": 937.3200244903564, "DANHOS13": 813.1999855041505, "GFINBURO": 703.5599899291992, "VALUEGFO": 652.0, "SORIANAB": 454.4399871826172, "GICSAB": 433.3500051498413, "TLEVISACPO": 398.39999389648443, "LIVEPOL1": 348.0, "CHDRAUIB": 340.2100009918213, "GCARSOA1": 307.57999038696283, "AAL": 249.5800018310547, "LIVEPOLC-1": 272.8000068664551, "MFRISCOA-1": 249.9602437019348, "GFAMSAA": 183.23000478744507}, "pct": {"PYPL": 0.23480947536941268, "DLRTRAC15": 0.15944551354726305, "FSHOP13": 0.14965051248615724, "SITESB-1": 0.11798302420713865, "CYDSASAA": 0.10194233314951284, "FRAGUAB": 0.07544718968601391, "MONEXB": 0.025597157065631565, "PSOTRAC15": 0.02299641195921652, "CETETRCISHRS": 0.01902870763560292, "CMOCTEZ": 0.01691600675130664, "NAFTRACISHRS": 0.009984943374315769, "CORPTRCISHRS": 0.009119526960828192, "AUTLANB": 0.008433889288517965, "DANHOS13": 0.0073170725771014205, "GFINBURO": 0.006330545499782746, "VALUEGFO": 0.005866615107368046, "SORIANAB": 0.004088994623002582, "GICSAB": 0.0038992295812731287, "TLEVISACPO": 0.003584753716209284, "LIVEPOL1": 0.0031312608241780373, "CHDRAUIB": 0.003061167379595578, "GCARSOA1": 0.0027675665925280288, "AAL": 0.0022456898914708745, "LIVEPOLC-1": 0.0024546206159092826, "MFRISCOA-1": 0.0022491112606490326, "GFAMSAA": 0.0016486808500140258}}