{"allocation": {"LACOMERUBC": 2093, "FRAGUAB": 148, "SITESB-1": 890, "CORPTRCISHRS": 128}, "qty": {"LACOMERUBC": 47929.69920158387, "FRAGUAB": 35520.0, "SITESB-1": 13590.300407409668, "CORPTRCISHRS": 1031.6800537109375}, "pct": {"LACOMERUBC": 0.48872110038726074, "FRAGUAB": 0.3621840690621703, "SITESB-1": 0.13857517740239034, "CORPTRCISHRS": 0.010519653148178654}}