{"allocation": {"DLRTRAC15": 1169, "PYPL": 5, "SITESB-1": 604, "VALUEGFO": 55, "LACOMERUBC": 170, "AXTELCPO": 824, "FRAGUAB": 20, "CMOCTEZ": 76, "CETETRCISHRS": 32, "TWTR": 4, "CYDSASAA": 148, "CHDRAUIB": 101, "CORPTRCISHRS": 238, "FSHOP13": 308, "JPM": 1, "AUTLANB": 163, "GCARSOA1": 34, "NAFTRACISHRS": 35, "SORIANAB": 77, "GFINBURO": 78, "LIVEPOLC-1": 11, "GFAMSAA": 1145}, "qty": {"DLRTRAC15": 24269.608625411987, "PYPL": 19653.1005859375, "SITESB-1": 11826.319953918455, "VALUEGFO": 6644.549865722657, "LACOMERUBC": 6587.5, "AXTELCPO": 6517.839874267578, "FRAGUAB": 4360.0, "CMOCTEZ": 4180.0, "CETETRCISHRS": 3383.6799316406245, "TWTR": 3502.9599609375, "CYDSASAA": 3103.5598983764644, "CHDRAUIB": 2708.819969177246, "CORPTRCISHRS": 1961.119945526123, "FSHOP13": 1884.9599647521973, "JPM": 2056.909912109375, "AUTLANB": 1613.6999378204343, "GCARSOA1": 1335.519958496094, "NAFTRACISHRS": 1294.650058746338, "SORIANAB": 1246.6300411224365, "GFINBURO": 1225.3800029754639, "LIVEPOLC-1": 627.9900016784668, "GFAMSAA": 435.09999454021454}, "pct": {"DLRTRAC15": 0.21979379585386905, "PYPL": 0.17798513543222716, "SITESB-1": 0.10710315908977562, "VALUEGFO": 0.06017529410005915, "LACOMERUBC": 0.05965863119322484, "AXTELCPO": 0.05902776550063369, "FRAGUAB": 0.03948563673661636, "CMOCTEZ": 0.03785549577042578, "CETETRCISHRS": 0.03064375151691298, "TWTR": 0.031723991862497705, "CYDSASAA": 0.02810688961872089, "CHDRAUIB": 0.0245319911210608, "CORPTRCISHRS": 0.017760566460086554, "FSHOP13": 0.017070835878731754, "JPM": 0.018628072841627586, "AUTLANB": 0.014614213198779378, "GCARSOA1": 0.012094921086164617, "NAFTRACISHRS": 0.011724789431352509, "SORIANAB": 0.011289903887319645, "GFINBURO": 0.01109745634445024, "LIVEPOLC-1": 0.00568729015607868, "GFAMSAA": 0.003940412919385018}}