{"allocation": {"PYPL": 8, "DLRTRAC15": 852, "SITESB-1": 486, "FRAGUAB": 26, "TWTR": 6, "AXTELCPO": 525, "VALUEGFO": 42, "CETETRCISHRS": 33, "CMOCTEZ": 63, "CYDSASAA": 145, "LACOMERUBC": 79, "CHDRAUIB": 102, "CORPTRCISHRS": 287, "FSHOP13": 367, "AUTLANB": 209, "JPM": 1, "BACHOCOB": 30, "GCARSOA1": 40, "GFINBURO": 96, "NAFTRACISHRS": 45, "LIVEPOLC-1": 14, "MFRISCOA-1": 311, "GFAMSAA": 1565}, "qty": {"PYPL": 34766.87890625, "DLRTRAC15": 18428.759284973145, "SITESB-1": 9671.399814605715, "FRAGUAB": 5720.0, "TWTR": 5928.900146484374, "AXTELCPO": 3690.7501101493835, "VALUEGFO": 3633.4200897216797, "CETETRCISHRS": 3489.419929504394, "CMOCTEZ": 3339.0, "CYDSASAA": 3045.0, "LACOMERUBC": 2762.630096435547, "CHDRAUIB": 2468.400077819824, "CORPTRCISHRS": 2364.879934310913, "FSHOP13": 2348.8000349998474, "AUTLANB": 2267.6500797271733, "JPM": 2153.14990234375, "BACHOCOB": 2100.8999633789062, "GCARSOA1": 1817.2000122070312, "GFINBURO": 1654.0799560546875, "NAFTRACISHRS": 1664.5500755310059, "LIVEPOLC-1": 880.0400085449219, "MFRISCOA-1": 626.5770187377929, "GFAMSAA": 469.5000186562537}, "pct": {"PYPL": 0.3015552982536714, "DLRTRAC15": 0.1598443742278564, "SITESB-1": 0.08388621433313762, "FRAGUAB": 0.049613205449423235, "TWTR": 0.051425129555357475, "AXTELCPO": 0.03201222788065084, "VALUEGFO": 0.03151496807612299, "CETETRCISHRS": 0.03026596291290445, "CMOCTEZ": 0.028961274999235, "CYDSASAA": 0.026411225628233174, "LACOMERUBC": 0.02396205149566726, "CHDRAUIB": 0.02141000702661665, "CORPTRCISHRS": 0.020512110846885638, "FSHOP13": 0.020372639632178308, "AUTLANB": 0.019668774351906507, "JPM": 0.018675641340626933, "BACHOCOB": 0.018222444320245355, "GCARSOA1": 0.015761733837119204, "GFINBURO": 0.014346889631033945, "NAFTRACISHRS": 0.014437703650030203, "LIVEPOLC-1": 0.0076331478579810125, "MFRISCOA-1": 0.005434701811280635, "GFAMSAA": 0.004072272881835797}}