{"allocation": {"CETETRCISHRS": 821, "PYPL": 3, "SITESB-1": 166, "AXTELCPO": 598, "MONEXB": 153, "VALUEGFO": 8, "TLEVISACPO": 28, "FSHOP13": 51, "FRAGUAB": 2, "CMOCTEZ": 3, "CHDRAUIB": 4, "PSOTRAC15": 16, "CORPTRCISHRS": 13, "CYDSASAA": 4, "NAFTRACISHRS": 2, "AUTLANB": 8, "SORIANAB": 3, "DANHOS13": 2, "GCARSOA1": 1, "GFINBURO": 3, "GFAMSAA": 18}, "qty": {"CETETRCISHRS": 87190.19749450685, "PYPL": 10319.69970703125, "SITESB-1": 2370.479955673218, "AXTELCPO": 2081.040011405945, "MONEXB": 1964.5200233459473, "VALUEGFO": 877.5999755859376, "TLEVISACPO": 735.5600128173828, "FSHOP13": 349.349995136261, "FRAGUAB": 437.7799987792969, "CMOCTEZ": 156.0, "CHDRAUIB": 110.55999755859376, "PSOTRAC15": 109.44000244140625, "CORPTRCISHRS": 104.0, "CYDSASAA": 81.91999816894531, "NAFTRACISHRS": 72.26000213623047, "AUTLANB": 55.439998626708984, "SORIANAB": 53.96999931335449, "DANHOS13": 40.97999954223633, "GCARSOA1": 49.9900016784668, "GFINBURO": 45.59999942779541, "GFAMSAA": 34.92000102996826}, "pct": {"CETETRCISHRS": 0.813028111946385, "PYPL": 0.09622877582299179, "SITESB-1": 0.022104168795915025, "AXTELCPO": 0.01940520930079158, "MONEXB": 0.018318687780956695, "VALUEGFO": 0.008183413637063744, "TLEVISACPO": 0.0068589243473367815, "FSHOP13": 0.003257606647490477, "FRAGUAB": 0.004082195660559739, "CMOCTEZ": 0.0014546633579035847, "CHDRAUIB": 0.0010309460083230521, "PSOTRAC15": 0.0010205023169255931, "CORPTRCISHRS": 0.0009697755719357232, "CYDSASAA": 0.0007638847411275225, "NAFTRACISHRS": 0.0006738075471128796, "AUTLANB": 0.0005169649651570425, "SORIANAB": 0.0005032575668411437, "DANHOS13": 0.0003821288701345953, "GCARSOA1": 0.0004661450237384894, "GFINBURO": 0.0004252092838976822, "GFAMSAA": 0.0003256208074118607}}