{"allocation": {"CMOCTEZ": 496, "PYPL": 15, "JPM": 5, "NAFTRACISHRS": 185, "MFRISCOA-1": 721, "MONEXB": 312, "MEXTRAC09": 75, "GCARSOA1": 31, "PSOTRAC15": 238, "UNIFINA": 23, "GICSAB": 120, "VALUEGFO": 8, "POCHTECB": 84, "AXTELCPO": 124}, "qty": {"CMOCTEZ": 36203.03894042969, "PYPL": 21132.000732421875, "JPM": 9884.550170898438, "NAFTRACISHRS": 8713.4997177124, "MFRISCOA-1": 8608.73969745636, "MONEXB": 5460.0, "MEXTRAC09": 2265.000057220459, "GCARSOA1": 1839.8499526977537, "PSOTRAC15": 1430.380054473877, "UNIFINA": 1382.3899841308594, "GICSAB": 1208.3999633789065, "VALUEGFO": 768.0, "POCHTECB": 588.0, "AXTELCPO": 500.9599952697754}, "pct": {"CMOCTEZ": 0.3620853928328477, "PYPL": 0.2113521132613566, "JPM": 0.0988605193474201, "NAFTRACISHRS": 0.08714823563370604, "MFRISCOA-1": 0.0861004762688085, "MONEXB": 0.05460829540084691, "MEXTRAC09": 0.022653441796269227, "GCARSOA1": 0.01840129481870937, "PSOTRAC15": 0.014305973727140838, "UNIFINA": 0.01382600011219598, "GICSAB": 0.012085835560909875, "VALUEGFO": 0.007681166825613632, "POCHTECB": 0.005880893350860437, "AXTELCPO": 0.005010361063314792}}