{"allocation": {"PSOTRAC15": 7285, "DLRTRAC15": 724, "PYPL": 7, "AUTLANB": 381, "CMOCTEZ": 72, "CORPTRCISHRS": 418, "M5TRACISHRS": 35, "CETETRCISHRS": 23, "LACOMERUBC": 60, "MONEXB": 106, "JPM": 1, "CYDSASAA": 30, "TWTR": 2, "GFINBURO": 11, "AXTELCPO": 77, "TLEVISACPO": 4, "GCARSOA1": 3}, "qty": {"PSOTRAC15": 50485.04874944687, "DLRTRAC15": 13350.560386657715, "PYPL": 11542.370239257812, "AUTLANB": 6233.160232543945, "CMOCTEZ": 5616.0, "CORPTRCISHRS": 3678.400079727173, "M5TRACISHRS": 3022.950096130371, "CETETRCISHRS": 2384.640007019043, "LACOMERUBC": 1271.400032043457, "MONEXB": 1257.159963607788, "JPM": 2158.010009765625, "CYDSASAA": 983.7000274658203, "TWTR": 1066.4000244140625, "GFINBURO": 322.96000671386713, "AXTELCPO": 287.21000146865845, "TLEVISACPO": 266.1600036621094, "GCARSOA1": 186.20999908447266}, "pct": {"PSOTRAC15": 0.484909366342307, "DLRTRAC15": 0.12823225762419072, "PYPL": 0.11086457431356113, "AUTLANB": 0.059869562445575876, "CMOCTEZ": 0.0539417326284791, "CORPTRCISHRS": 0.03533106723668436, "M5TRACISHRS": 0.029035464001905216, "CETETRCISHRS": 0.02290448961427987, "LACOMERUBC": 0.012211809222280613, "MONEXB": 0.01207503323150994, "JPM": 0.020727706366873027, "CYDSASAA": 0.009448447982227355, "TWTR": 0.010242782227910781, "GFINBURO": 0.0031020338909991518, "AXTELCPO": 0.00275865475559962, "TLEVISACPO": 0.0025564693294046516, "GCARSOA1": 0.001788548786211532}}