{"allocation": {"BACHOCOB": 312, "PSOTRAC15": 4100, "TWTR": 23, "AUTLANB": 367, "CMOCTEZ": 65, "CORPTRCISHRS": 476, "MONEXB": 280, "FRAGUAB": 12, "AAL": 2, "DANHOS13": 53, "LACOMERUBC": 81, "PYPL": 1, "POCHTECB": 129, "NAFTRACISHRS": 18, "GCARSOA1": 10, "UNIFINA": 8, "AXTELCPO": 94, "GICSAB": 36}, "qty": {"BACHOCOB": 29733.600952148434, "PSOTRAC15": 27150.20089149475, "TWTR": 12012.899719238281, "AUTLANB": 6778.489748001098, "CMOCTEZ": 4822.999801635742, "CORPTRCISHRS": 4160.239891052246, "MONEXB": 3920.0, "FRAGUAB": 2927.880065917969, "AAL": 1940.0, "DANHOS13": 1601.1299514770508, "LACOMERUBC": 1492.0200061798096, "PYPL": 1381.0, "POCHTECB": 903.0, "NAFTRACISHRS": 828.8999862670898, "GCARSOA1": 640.2999877929688, "UNIFINA": 482.8441162109375, "AXTELCPO": 384.4600143432617, "GICSAB": 372.95998764038086}, "pct": {"BACHOCOB": 0.2928468860439361, "PSOTRAC15": 0.2674029223482613, "TWTR": 0.11831531205381338, "AUTLANB": 0.06676149377189491, "CMOCTEZ": 0.04750183052407898, "CORPTRCISHRS": 0.040974293670352886, "MONEXB": 0.03860816572939452, "FRAGUAB": 0.02883675480121212, "AAL": 0.01910710242730239, "DANHOS13": 0.015769563908398822, "LACOMERUBC": 0.014694937670959777, "PYPL": 0.013601499202115773, "POCHTECB": 0.00889366674837838, "NAFTRACISHRS": 0.008163854092574654, "GCARSOA1": 0.006306328582969445, "UNIFINA": 0.0047555422602384954, "AXTELCPO": 0.003786555089308684, "GICSAB": 0.0036732910748093765}}