{"allocation": {"CMOCTEZ": 628, "MEXTRAC09": 503, "JPM": 6, "GCARSOA1": 148, "PSOTRAC15": 1277, "PYPL": 4, "MONEXB": 269, "FRAGUAB": 1, "BACHOCOB": 3, "UNIFINA": 1, "POCHTECB": 8, "GICSAB": 6, "AXTELCPO": 8}, "qty": {"CMOCTEZ": 46465.718658447266, "MEXTRAC09": 15190.600383758545, "JPM": 12686.51953125, "GCARSOA1": 9609.640045166016, "PSOTRAC15": 7572.609780788422, "PYPL": 5804.0, "MONEXB": 4277.099897384643, "FRAGUAB": 240.0, "BACHOCOB": 280.86000823974615, "UNIFINA": 64.47792053222656, "POCHTECB": 56.0, "GICSAB": 55.260000228881836, "AXTELCPO": 30.239999771118164}, "pct": {"CMOCTEZ": 0.45406375998326803, "MEXTRAC09": 0.148442794511664, "JPM": 0.12397287561188533, "GCARSOA1": 0.09390555912989453, "PSOTRAC15": 0.07399966618886604, "PYPL": 0.056716782587925944, "MONEXB": 0.04179588990124141, "FRAGUAB": 0.002345283911285704, "BACHOCOB": 0.002744568577701029, "UNIFINA": 0.0006300792902391213, "POCHTECB": 0.000547232912633331, "GICSAB": 0.0005400016228101704, "AXTELCPO": 0.0002955057705853617}}