{"allocation": {"PSOTRAC15": 4728, "BACHOCOB": 282, "TWTR": 19, "AUTLANB": 383, "CMOCTEZ": 64, "CORPTRCISHRS": 525, "MONEXB": 223, "FRAGUAB": 14, "AAL": 3, "DANHOS13": 57, "PYPL": 2, "LACOMERUBC": 76, "POCHTECB": 139, "NAFTRACISHRS": 18, "GCARSOA1": 10, "UNIFINA": 8, "GICSAB": 40, "AXTELCPO": 72}, "qty": {"PSOTRAC15": 30826.559909820557, "BACHOCOB": 27170.69956970215, "TWTR": 10830.0, "AUTLANB": 7353.600292205811, "CMOCTEZ": 4864.0, "CORPTRCISHRS": 4583.249759674072, "MONEXB": 3565.7699489593506, "FRAGUAB": 3374.0, "AAL": 2406.0, "DANHOS13": 1895.8199043273926, "PYPL": 2777.679931640625, "LACOMERUBC": 1497.9599304199219, "POCHTECB": 973.0, "NAFTRACISHRS": 869.3999862670898, "GCARSOA1": 671.9999694824219, "UNIFINA": 518.1458129882812, "GICSAB": 396.3999938964844, "AXTELCPO": 305.2799835205078}, "pct": {"PSOTRAC15": 0.2939234150323377, "BACHOCOB": 0.2590657157239383, "TWTR": 0.10326129785847867, "AUTLANB": 0.0701147100743915, "CMOCTEZ": 0.04637700395047463, "CORPTRCISHRS": 0.04370012175378625, "MONEXB": 0.033998710322650394, "FRAGUAB": 0.032170232592290585, "AAL": 0.022940598582409943, "DANHOS13": 0.018076161018170212, "PYPL": 0.026484472278546743, "LACOMERUBC": 0.01428266727194437, "POCHTECB": 0.00927730773927052, "NAFTRACISHRS": 0.008289507935372411, "GCARSOA1": 0.006407348939022432, "UNIFINA": 0.00494038865458047, "GICSAB": 0.003779573207834164, "AXTELCPO": 0.0029107670645007033}}