{"allocation": {"UDITRACISHRS": 159, "JPM": 6, "PSOTRAC15": 2026, "CMOCTEZ": 152, "PYPL": 5, "SORIANAB": 164, "VALUEGFO": 39, "TWTR": 6, "UNIFINA": 52, "MONEXB": 198, "MEXTRAC09": 90, "NAFTRACISHRS": 56, "CYDSASAA": 77, "BACHOCOB": 24, "FRAGUAB": 8, "AUTLANB": 99, "GCARSOA1": 28, "POCHTECB": 235, "GE": 1, "AXTELCPO": 120}, "qty": {"UDITRACISHRS": 18876.480194091797, "JPM": 13158.0, "PSOTRAC15": 12946.139729499817, "CMOCTEZ": 11071.679443359375, "PYPL": 7550.0, "SORIANAB": 6232.0, "VALUEGFO": 4637.100059509277, "TWTR": 3613.43994140625, "UNIFINA": 3371.9737854003906, "MONEXB": 2871.0, "MEXTRAC09": 2718.000068664551, "NAFTRACISHRS": 2654.959991455078, "CYDSASAA": 2541.0, "BACHOCOB": 2199.840087890625, "FRAGUAB": 1952.0, "AUTLANB": 1821.5999622344975, "GCARSOA1": 1853.320068359375, "POCHTECB": 1645.0, "GE": 2134.080078125, "AXTELCPO": 526.7999839782715}, "pct": {"UDITRACISHRS": 0.1808535212824637, "JPM": 0.12606537916848912, "PSOTRAC15": 0.12403556876179021, "CMOCTEZ": 0.10607656688395396, "PYPL": 0.07233573588099201, "SORIANAB": 0.059708120001369824, "VALUEGFO": 0.0444275556501186, "TWTR": 0.03461997844018407, "UNIFINA": 0.03230651723686775, "MONEXB": 0.0275067414191163, "MEXTRAC09": 0.02604086557502478, "NAFTRACISHRS": 0.025436885392913288, "CYDSASAA": 0.02434504700312592, "BACHOCOB": 0.02107643067259265, "FRAGUAB": 0.018701901515191577, "AUTLANB": 0.017452552814439685, "GCARSOA1": 0.017756459730832556, "POCHTECB": 0.015760567619103556, "GE": 0.020446391109951893, "AXTELCPO": 0.005047213841478552}}