{"allocation": {"CORPTRCISHRS": 6193, "PYPL": 6, "CETETRCISHRS": 101, "VALUEGFO": 73, "CMOCTEZ": 87, "AUTLANB": 401, "LIVEPOLC-1": 32, "MONEXB": 116, "LACOMERUBC": 25, "BACHOCOB": 6, "NAFTRACISHRS": 7, "TWTR": 1, "DLRTRAC15": 14, "GCARSOA1": 3, "AXTELCPO": 20}, "qty": {"CORPTRCISHRS": 54374.53834629059, "PYPL": 10534.979736328125, "CETETRCISHRS": 10496.930030822754, "VALUEGFO": 7154.0, "CMOCTEZ": 6799.050132751465, "AUTLANB": 6732.790367126465, "LIVEPOLC-1": 4304.31982421875, "MONEXB": 1375.7599601745605, "LACOMERUBC": 530.0000190734863, "BACHOCOB": 554.4600219726562, "NAFTRACISHRS": 346.6400032043457, "TWTR": 669.02001953125, "DLRTRAC15": 263.19998931884766, "GCARSOA1": 212.09999084472656, "AXTELCPO": 76.39999866485596}, "pct": {"CORPTRCISHRS": 0.5207082684426603, "PYPL": 0.10088639321672808, "CETETRCISHRS": 0.10052201685839884, "VALUEGFO": 0.06850903135424818, "CMOCTEZ": 0.06510991595244274, "AUTLANB": 0.06447539088105216, "LIVEPOLC-1": 0.04121956692704981, "MONEXB": 0.013174724943740312, "LACOMERUBC": 0.005075452603362819, "BACHOCOB": 0.00530968954850459, "NAFTRACISHRS": 0.0033195374403359253, "TWTR": 0.006406753354023782, "DLRTRAC15": 0.0025204887224884987, "GCARSOA1": 0.0020311385131418958, "AXTELCPO": 0.0007316312418220765}}