{"allocation": {"BACHOCOB": 238, "PSOTRAC15": 3355, "VALUEGFO": 174, "CMOCTEZ": 124, "PYPL": 4, "TWTR": 6, "AUTLANB": 251, "MONEXB": 246, "FRAGUAB": 11, "AAL": 3, "POCHTECB": 228, "LACOMERUBC": 61, "DANHOS13": 31, "LIVEPOLC-1": 7, "LIVEPOL1": 5, "GFINBURO": 20, "NAFTRACISHRS": 11, "GCARSOA1": 6, "GICSAB": 33, "UNIFINA": 3}, "qty": {"BACHOCOB": 22771.840072631836, "PSOTRAC15": 21113.01574230194, "VALUEGFO": 20010.0, "CMOCTEZ": 9726.560302734375, "PYPL": 6660.0, "TWTR": 5309.81982421875, "AUTLANB": 4246.92001914978, "MONEXB": 3444.0, "FRAGUAB": 2915.0, "AAL": 2235.0, "POCHTECB": 1596.0, "LACOMERUBC": 1266.970027923584, "DANHOS13": 914.810007095337, "LIVEPOLC-1": 892.0800170898436, "LIVEPOL1": 650.0, "GFINBURO": 555.9999847412109, "NAFTRACISHRS": 524.0399932861328, "GCARSOA1": 402.3000183105469, "GICSAB": 287.4300012588501, "UNIFINA": 155.25795364379883}, "pct": {"BACHOCOB": 0.21548521058467654, "PSOTRAC15": 0.19978809919604865, "VALUEGFO": 0.1893504894662225, "CMOCTEZ": 0.0920404274935274, "PYPL": 0.06302220189130643, "TWTR": 0.050245726271527826, "AUTLANB": 0.040187725354818085, "MONEXB": 0.032589859356405314, "FRAGUAB": 0.02758404181879253, "AAL": 0.02114934252658707, "POCHTECB": 0.01510261775052929, "LACOMERUBC": 0.011989075208713854, "DANHOS13": 0.008656657801704175, "LIVEPOLC-1": 0.00844156860964508, "LIVEPOL1": 0.00615081549990228, "GFINBURO": 0.005261312806294879, "NAFTRACISHRS": 0.00495888202042005, "GCARSOA1": 0.0038068818280545887, "GICSAB": 0.002719890625969026, "UNIFINA": 0.0014691738888544424}}