{"allocation": {"BACHOCOB": 275, "VALUEGFO": 133, "PSOTRAC15": 2485, "CMOCTEZ": 95, "CORPTRCISHRS": 703, "PYPL": 3, "TWTR": 7, "AAL": 4, "MONEXB": 207, "DLRTRAC15": 150, "AUTLANB": 165, "CETETRCISHRS": 21, "FRAGUAB": 9, "UDITRACISHRS": 16, "LACOMERUBC": 57, "POCHTECB": 136, "DANHOS13": 30, "NAFTRACISHRS": 11, "GFAMSAA": 39, "GFINBURO": 16, "GCARSOA1": 7, "SORIANAB": 11, "GICSAB": 30, "UNIFINA": 4, "AXTELCPO": 53}, "qty": {"BACHOCOB": 25052.4995803833, "VALUEGFO": 16226.0, "PSOTRAC15": 15426.88045501709, "CMOCTEZ": 7170.600318908691, "CORPTRCISHRS": 6102.040214538574, "PYPL": 4932.0, "TWTR": 4833.150085449219, "AAL": 3440.0, "MONEXB": 3105.0, "DLRTRAC15": 2952.000045776367, "AUTLANB": 2907.3001384735107, "CETETRCISHRS": 2178.3300704956055, "FRAGUAB": 2159.910049438477, "UDITRACISHRS": 1886.8800048828125, "LACOMERUBC": 1109.2199478149414, "POCHTECB": 952.0, "DANHOS13": 913.5000228881836, "NAFTRACISHRS": 492.14001846313477, "GFAMSAA": 476.19000148773193, "GFINBURO": 450.7200012207031, "GCARSOA1": 435.1899871826172, "SORIANAB": 353.9800033569336, "GICSAB": 273.59999656677246, "UNIFINA": 219.2423553466797, "AXTELCPO": 218.89000606536865}, "pct": {"BACHOCOB": 0.24027195868178758, "VALUEGFO": 0.155619314115204, "PSOTRAC15": 0.14795516796172845, "CMOCTEZ": 0.06877134866404744, "CORPTRCISHRS": 0.05852306871008783, "PYPL": 0.047301519611499206, "TWTR": 0.046353475983819, "AAL": 0.0329921385773636, "MONEXB": 0.029779241361254063, "DLRTRAC15": 0.02831185889262721, "AUTLANB": 0.027883153794914666, "CETETRCISHRS": 0.020891792893322454, "FRAGUAB": 0.02071513129817282, "UDITRACISHRS": 0.018096571686032053, "LACOMERUBC": 0.010638237857874003, "POCHTECB": 0.009130382536526207, "DANHOS13": 0.008761139344637143, "NAFTRACISHRS": 0.00471998595598896, "GFAMSAA": 0.004567013522743672, "GFINBURO": 0.004322737424378758, "GCARSOA1": 0.004173793129247092, "SORIANAB": 0.003394929454758019, "GICSAB": 0.002624025872528245, "UNIFINA": 0.0021026959795422237, "AXTELCPO": 0.002099316689915291}}