{"allocation": {"PSOTRAC15": 6129, "DLRTRAC15": 1936, "FRAGUAB": 14, "VALUEGFO": 20, "MONEXB": 157, "PYPL": 1, "LACOMERUBC": 99, "CMOCTEZ": 29, "BACHOCOB": 20, "CORPTRCISHRS": 158, "CETETRCISHRS": 11, "GFINBURO": 28, "UDITRACISHRS": 7, "LIVEPOLC-1": 6, "AUTLANB": 31, "GCARSOA1": 5, "FSHOP13": 39, "DANHOS13": 10, "CHDRAUIB": 6, "NAFTRACISHRS": 5, "SITESB-1": 15, "AXTELCPO": 57, "TLEVISACPO": 3, "GICSAB": 19, "SORIANAB": 5}, "qty": {"PSOTRAC15": 39764.95148563385, "DLRTRAC15": 38874.879852294915, "FRAGUAB": 3710.0, "VALUEGFO": 2400.0, "MONEXB": 2088.1000299453735, "PYPL": 1733.2900390625, "LACOMERUBC": 2058.210090637207, "CMOCTEZ": 2001.0, "BACHOCOB": 1418.0000305175781, "CORPTRCISHRS": 1295.5999698638916, "CETETRCISHRS": 1143.0100402832031, "GFINBURO": 767.7600021362305, "UDITRACISHRS": 800.5900192260743, "LIVEPOLC-1": 727.8000183105468, "AUTLANB": 444.22999763488775, "GCARSOA1": 326.5999984741211, "FSHOP13": 319.40998363494873, "DANHOS13": 240.20000457763672, "CHDRAUIB": 225.12000274658203, "NAFTRACISHRS": 209.15000915527344, "SITESB-1": 190.49999713897705, "AXTELCPO": 181.26000380516052, "TLEVISACPO": 166.95000457763672, "GICSAB": 131.66999673843384, "SORIANAB": 134.75000381469727}, "pct": {"PSOTRAC15": 0.39234101699428975, "DLRTRAC15": 0.3835591224671927, "FRAGUAB": 0.03660472649073101, "VALUEGFO": 0.023679607433356988, "MONEXB": 0.020602245412786425, "PYPL": 0.017101511538811665, "LACOMERUBC": 0.02030733623402632, "CMOCTEZ": 0.01974287269756139, "BACHOCOB": 0.013990701692976866, "CORPTRCISHRS": 0.012783041115435875, "CETETRCISHRS": 0.011277512102621587, "GFINBURO": 0.007575106439008025, "UDITRACISHRS": 0.007899023904307152, "LIVEPOLC-1": 0.007180841134826573, "AUTLANB": 0.004382996647548019, "GCARSOA1": 0.0032223998965009077, "FSHOP13": 0.0031514595928210693, "DANHOS13": 0.002369934089120412, "CHDRAUIB": 0.0022211472043480456, "NAFTRACISHRS": 0.002063579213116623, "SITESB-1": 0.001879568811794419, "AXTELCPO": 0.0017884023889479146, "TLEVISACPO": 0.0016472127372481624, "GICSAB": 0.0012991224306322952, "SORIANAB": 0.001329511329989745}}