{"allocation": {"CMOCTEZ": 341, "JPM": 9, "SORIANAB": 445, "PSOTRAC15": 2183, "TWTR": 14, "PYPL": 3, "MEXTRAC09": 92, "NAFTRACISHRS": 52, "MONEXB": 168, "GCARSOA1": 30, "POCHTECB": 230, "UNIFINA": 24, "BACHOCOB": 16, "CYDSASAA": 43}, "qty": {"CMOCTEZ": 25431.78062438965, "JPM": 19482.20947265625, "SORIANAB": 18053.649864196777, "PSOTRAC15": 13822.75551700592, "TWTR": 6689.759948730469, "PYPL": 4755.0, "MEXTRAC09": 2778.4000701904297, "NAFTRACISHRS": 2616.6399841308594, "MONEXB": 2587.1999359130855, "GCARSOA1": 2094.5999908447266, "POCHTECB": 1610.0, "UNIFINA": 1579.2881469726562, "BACHOCOB": 1530.4000244140625, "CYDSASAA": 1365.6800098419192}, "pct": {"CMOCTEZ": 0.24360558303408578, "JPM": 0.18661591445260886, "SORIANAB": 0.17293204774042237, "PSOTRAC15": 0.13240521639403166, "TWTR": 0.06407977863357622, "PYPL": 0.04554712721201281, "MEXTRAC09": 0.02661369956736673, "NAFTRACISHRS": 0.025064234327076218, "MONEXB": 0.024782234406718125, "GCARSOA1": 0.020063724971879204, "POCHTECB": 0.015421845386191508, "UNIFINA": 0.015127663119787077, "BACHOCOB": 0.014659374258097753, "CYDSASAA": 0.013081556496145699}}