{"allocation": {"PSOTRAC15": 4633, "VALUEGFO": 143, "BACHOCOB": 143, "PYPL": 7, "CMOCTEZ": 95, "AUTLANB": 309, "TWTR": 6, "FRAGUAB": 14, "MONEXB": 198, "AAL": 3, "POCHTECB": 230, "LIVEPOLC-1": 11, "LACOMERUBC": 67, "DANHOS13": 35, "LIVEPOL1": 6, "GFINBURO": 19, "GCARSOA1": 7, "NAFTRACISHRS": 10, "GICSAB": 27, "UNIFINA": 4}, "qty": {"PSOTRAC15": 31175.45742416382, "VALUEGFO": 16445.0, "BACHOCOB": 13221.77986907959, "PYPL": 10710.070068359375, "CMOCTEZ": 7428.999710083008, "AUTLANB": 5280.810047149658, "TWTR": 3563.8798828125, "FRAGUAB": 3682.0, "MONEXB": 2950.1999244689937, "AAL": 2184.5099487304688, "POCHTECB": 1690.4999780654907, "LIVEPOLC-1": 1521.4099731445312, "LACOMERUBC": 1398.9599437713623, "DANHOS13": 1072.7499866485598, "LIVEPOL1": 822.0, "GFINBURO": 583.3000144958496, "GCARSOA1": 542.5700149536133, "NAFTRACISHRS": 495.9999847412109, "GICSAB": 246.51000308990479, "UNIFINA": 200.73989868164065}, "pct": {"PSOTRAC15": 0.29629551381548447, "VALUEGFO": 0.15629537229881826, "BACHOCOB": 0.12566147808396563, "PYPL": 0.10178986857285853, "CMOCTEZ": 0.0706061584369253, "AUTLANB": 0.05018949056604414, "TWTR": 0.03387156783900568, "FRAGUAB": 0.03499419646118874, "MONEXB": 0.02803907543635311, "AAL": 0.020761860488130193, "POCHTECB": 0.016066726873997565, "LIVEPOLC-1": 0.014459673953892345, "LACOMERUBC": 0.013295893295401576, "DANHOS13": 0.010195552359184491, "LIVEPOL1": 0.007812392583133391, "GFINBURO": 0.005543757551081478, "GCARSOA1": 0.0051566544533505855, "NAFTRACISHRS": 0.0047140469611028114, "GICSAB": 0.0023428624328561574, "UNIFINA": 0.0019078575372255446}}