{"allocation": {"PSOTRAC15": 6324, "DLRTRAC15": 1838, "M5TRACISHRS": 58, "CMOCTEZ": 67, "LACOMERUBC": 107, "CETETRCISHRS": 14, "MONEXB": 98, "PYPL": 1, "GFINBURO": 51, "TWTR": 2, "CYDSASAA": 37, "UDITRACISHRS": 9, "AUTLANB": 58, "BACHOCOB": 7, "NAFTRACISHRS": 8, "AXTELCPO": 90, "GCARSOA1": 4, "CHDRAUIB": 6}, "qty": {"PSOTRAC15": 40701.26317977905, "DLRTRAC15": 36704.85873794555, "M5TRACISHRS": 4967.700088500977, "CMOCTEZ": 4959.339775085449, "LACOMERUBC": 2268.4000816345215, "CETETRCISHRS": 1453.3399658203127, "MONEXB": 1401.4000186920166, "PYPL": 1720.0, "GFINBURO": 1342.8299961090086, "TWTR": 1414.02001953125, "CYDSASAA": 1161.4299774169924, "UDITRACISHRS": 1040.220016479492, "AUTLANB": 811.4199867248535, "BACHOCOB": 521.5700149536133, "NAFTRACISHRS": 350.8800048828125, "AXTELCPO": 297.8999948501587, "GCARSOA1": 239.11999511718753, "CHDRAUIB": 215.45999908447266}, "pct": {"PSOTRAC15": 0.4007167629529456, "DLRTRAC15": 0.3613709017616422, "M5TRACISHRS": 0.04890857293525353, "CMOCTEZ": 0.0488262630149362, "LACOMERUBC": 0.022333113686908365, "CETETRCISHRS": 0.014308589981624785, "MONEXB": 0.01379722483334265, "PYPL": 0.01693394205567278, "GFINBURO": 0.013220584502749566, "TWTR": 0.013921472718781091, "CYDSASAA": 0.011434644150756217, "UDITRACISHRS": 0.010241293886171336, "AUTLANB": 0.007988685487217118, "BACHOCOB": 0.005135021169302832, "NAFTRACISHRS": 0.003454524227430075, "AXTELCPO": 0.00293291933208012, "GCARSOA1": 0.0023542117102716346, "CHDRAUIB": 0.0021212715929138197}}