{"allocation": {"CETETRCISHRS": 378, "LACOMERUBC": 853, "FRAGUAB": 63, "CORPTRCISHRS": 1571, "GFINBURO": 438, "DLRTRAC15": 263, "TWTR": 4, "VALUEGFO": 18, "AXTELCPO": 261, "GCARSOA1": 7}, "qty": {"CETETRCISHRS": 40117.138961791985, "LACOMERUBC": 22382.719804763794, "FRAGUAB": 14490.0, "CORPTRCISHRS": 13856.219520568848, "GFINBURO": 10468.199832916262, "DLRTRAC15": 4997.0, "TWTR": 2299.080078125, "VALUEGFO": 1530.0, "AXTELCPO": 762.1200199127197, "GCARSOA1": 450.80001068115234}, "pct": {"CETETRCISHRS": 0.36026904281503885, "LACOMERUBC": 0.20100638401306534, "FRAGUAB": 0.13012638900699733, "CORPTRCISHRS": 0.12443476959971649, "GFINBURO": 0.09400890570469606, "DLRTRAC15": 0.044875194331812675, "TWTR": 0.020646721090706113, "VALUEGFO": 0.013740053497633258, "AXTELCPO": 0.006844163297528166, "GCARSOA1": 0.004048376642805672}}