{"allocation": {"PSOTRAC15": 5590, "DLRTRAC15": 1923, "CETETRCISHRS": 127, "CYDSASAA": 127, "VALUEGFO": 26, "LIVEPOLC-1": 13, "LACOMERUBC": 71, "TWTR": 2, "CORPTRCISHRS": 107, "GFINBURO": 18, "CMOCTEZ": 5, "CHDRAUIB": 6, "NAFTRACISHRS": 3, "GFAMSAA": 19, "SORIANAB": 4, "AAL": 1, "UNIFINA": 1, "TLEVISACPO": 1, "AXTELCPO": 26, "MFRISCOA-1": 13}, "qty": {"PSOTRAC15": 39538.06974411011, "DLRTRAC15": 36863.91014671326, "CETETRCISHRS": 13280.389961242676, "CYDSASAA": 3810.0, "VALUEGFO": 2990.0, "LIVEPOLC-1": 1600.2999801635742, "LACOMERUBC": 1491.0, "TWTR": 1275.0, "CORPTRCISHRS": 909.5, "GFINBURO": 484.01998901367193, "CMOCTEZ": 298.34999084472656, "CHDRAUIB": 225.83999633789062, "NAFTRACISHRS": 129.75, "GFAMSAA": 129.38999891281128, "SORIANAB": 90.12000274658203, "AAL": 612.0, "UNIFINA": 40.18862533569336, "TLEVISACPO": 42.9900016784668, "AXTELCPO": 59.539999008178725, "MFRISCOA-1": 57.5899977684021}, "pct": {"PSOTRAC15": 0.3804373158512422, "DLRTRAC15": 0.35470641634158545, "CETETRCISHRS": 0.12778458693132289, "CYDSASAA": 0.03666001357107617, "VALUEGFO": 0.028769931910109646, "LIVEPOLC-1": 0.0153981677140655, "LACOMERUBC": 0.014346477751830596, "TWTR": 0.01226811477772234, "CORPTRCISHRS": 0.008751255208108603, "GFINBURO": 0.004657264925436575, "CMOCTEZ": 0.0028707387698945217, "CHDRAUIB": 0.002173043918802851, "NAFTRACISHRS": 0.0012484610920858617, "GFAMSAA": 0.0012449971433346962, "SORIANAB": 0.000867139245069585, "AAL": 0.005888695093306724, "UNIFINA": 0.00038669699480562054, "TLEVISACPO": 0.00041365198030267195, "AXTELCPO": 0.0005728968954492635, "MFRISCOA-1": 0.0005541338844482592}}