{"allocation": {"PSOTRAC15": 6740, "PYPL": 11, "CORPTRCISHRS": 2349, "TWTR": 10, "VALUEGFO": 53}, "qty": {"PSOTRAC15": 48137.0813369751, "PYPL": 23796.740966796875, "CORPTRCISHRS": 20060.45991039276, "TWTR": 7145.7000732421875, "VALUEGFO": 5989.0}, "pct": {"PSOTRAC15": 0.45788592536143374, "PYPL": 0.22635756999663653, "CORPTRCISHRS": 0.19081759828655492, "TWTR": 0.0679707909062309, "VALUEGFO": 0.05696811544914388}}