{"allocation": {"PSOTRAC15": 6574, "DLRTRAC15": 1957, "LACOMERUBC": 511, "PYPL": 1, "CETETRCISHRS": 35, "CYDSASAA": 106}, "qty": {"PSOTRAC15": 47319.65169906616, "DLRTRAC15": 38768.16895484924, "LACOMERUBC": 12386.639883041382, "PYPL": 2189.0, "CETETRCISHRS": 3672.9000854492183, "CYDSASAA": 2597.0}, "pct": {"PSOTRAC15": 0.44251533313497265, "DLRTRAC15": 0.3625451283790108, "LACOMERUBC": 0.11583513144022502, "PYPL": 0.020470693030303338, "CETETRCISHRS": 0.034347560612245705, "CYDSASAA": 0.024286153403242472}}