{"allocation": {"PSOTRAC15": 6494, "DLRTRAC15": 2013, "LACOMERUBC": 485, "PYPL": 2, "CETETRCISHRS": 36, "CYDSASAA": 103}, "qty": {"PSOTRAC15": 47912.73058795929, "DLRTRAC15": 39253.5, "LACOMERUBC": 12561.499814987184, "PYPL": 4088.0, "CETETRCISHRS": 3789.0, "CYDSASAA": 2636.800039291382}, "pct": {"PSOTRAC15": 0.4346159781686235, "DLRTRAC15": 0.3560681699767155, "LACOMERUBC": 0.11394525969111892, "PYPL": 0.037082213786409184, "CETETRCISHRS": 0.03436998728882201, "CYDSASAA": 0.023918391088310946}}