{"allocation": {"CETETRCISHRS": 640, "PYPL": 3, "LIVEPOLC-1": 52, "DLRTRAC15": 328, "FRAGUAB": 22, "VALUEGFO": 36, "CMOCTEZ": 48, "GFINBURO": 85, "NAFTRACISHRS": 34}, "qty": {"CETETRCISHRS": 66681.60156249999, "PYPL": 5670.0, "LIVEPOLC-1": 6287.3201904296875, "DLRTRAC15": 6232.0, "FRAGUAB": 5720.0, "VALUEGFO": 3690.0, "CMOCTEZ": 2928.0, "GFINBURO": 2444.6000194549565, "NAFTRACISHRS": 1459.2799377441406}, "pct": {"CETETRCISHRS": 0.659477340501982, "PYPL": 0.05607598547466635, "LIVEPOLC-1": 0.06218124791412904, "DLRTRAC15": 0.06163413429949219, "FRAGUAB": 0.05657048270107434, "VALUEGFO": 0.03649389530890985, "CMOCTEZ": 0.028957757578452044, "GFINBURO": 0.02417695858594801, "NAFTRACISHRS": 0.014432197635346112}}