{"allocation": {"PSOTRAC15": 6537, "DLRTRAC15": 2053, "PYPL": 2, "CETETRCISHRS": 22, "MONEXB": 120, "GFINBURO": 60, "LACOMERUBC": 84, "UDITRACISHRS": 11, "CORPTRCISHRS": 143, "CMOCTEZ": 15, "VALUEGFO": 6, "AUTLANB": 32, "BACHOCOB": 7, "DANHOS13": 12, "NAFTRACISHRS": 7, "AXTELCPO": 73, "CHDRAUIB": 6, "SORIANAB": 6, "GICSAB": 25, "TLEVISACPO": 3}, "qty": {"PSOTRAC15": 44020.159346580505, "DLRTRAC15": 39766.61172294617, "PYPL": 3270.0, "CETETRCISHRS": 2296.140060424805, "MONEXB": 1692.0000457763674, "GFINBURO": 1697.4000549316406, "LACOMERUBC": 1683.3600769042969, "UDITRACISHRS": 1315.7100067138672, "CORPTRCISHRS": 1171.3129978179932, "CMOCTEZ": 1002.0000457763672, "VALUEGFO": 654.0, "AUTLANB": 455.0400085449219, "BACHOCOB": 451.63997650146484, "DANHOS13": 278.75999450683594, "NAFTRACISHRS": 290.5, "AXTELCPO": 216.81000208854672, "CHDRAUIB": 236.40000915527344, "SORIANAB": 166.5, "GICSAB": 159.0000033378601, "TLEVISACPO": 148.02000045776367}, "pct": {"PSOTRAC15": 0.43596676769581544, "DLRTRAC15": 0.39384049109340846, "PYPL": 0.03238541957881527, "CETETRCISHRS": 0.02274050742158519, "MONEXB": 0.016757226730838626, "GFINBURO": 0.01681070733090681, "LACOMERUBC": 0.01667165822408942, "UDITRACISHRS": 0.013030526180879036, "CORPTRCISHRS": 0.01160044736772344, "CMOCTEZ": 0.009923606085767511, "VALUEGFO": 0.006477083915763055, "AUTLANB": 0.004506624343081034, "BACHOCOB": 0.0044729511124055685, "DANHOS13": 0.002760782686205542, "NAFTRACISHRS": 0.002877053329555302, "AXTELCPO": 0.0021472424729423244, "CHDRAUIB": 0.0023412579464615604, "SORIANAB": 0.0016489823730497684, "GICSAB": 0.0015747039208347487, "TLEVISACPO": 0.0014659601898718976}}