{"allocation": {"CETETRCISHRS": 640, "UDITRACISHRS": 138, "LACOMERUBC": 501, "LIVEPOL1": 45, "JPM": 1, "PYPL": 1, "VALUEGFO": 2}, "qty": {"CETETRCISHRS": 67667.2021484375, "UDITRACISHRS": 17822.699157714844, "LACOMERUBC": 12980.909923553467, "LIVEPOL1": 4770.0, "JPM": 2581.050048828125, "PYPL": 2109.800048828125, "VALUEGFO": 185.5}, "pct": {"CETETRCISHRS": 0.6258692081597635, "UDITRACISHRS": 0.16484616261566898, "LACOMERUBC": 0.12006336241338483, "LIVEPOL1": 0.04411880539072957, "JPM": 0.023872713796222453, "PYPL": 0.019514016303480042, "VALUEGFO": 0.0017157313207505943}}