{"allocation": {"DLRTRAC15": 2017, "PSOTRAC15": 4520, "CETETRCISHRS": 139, "UDITRACISHRS": 52, "GCARSOA1": 32, "LIVEPOLC-1": 15, "VALUEGFO": 15, "PYPL": 1, "LACOMERUBC": 65, "CORPTRCISHRS": 148, "LIVEPOL1": 8, "CMOCTEZ": 4, "GFINBURO": 7, "CHDRAUIB": 5, "NAFTRACISHRS": 3, "GFAMSAA": 22, "SORIANAB": 5, "AUTLANB": 9, "AXTELCPO": 30, "TLEVISACPO": 1}, "qty": {"DLRTRAC15": 37818.75, "PSOTRAC15": 33127.07998275757, "CETETRCISHRS": 14579.709915161133, "UDITRACISHRS": 6352.3201904296875, "GCARSOA1": 2352.320068359375, "LIVEPOLC-1": 1840.8000183105469, "VALUEGFO": 1695.0, "PYPL": 2130.5, "LACOMERUBC": 1410.5000495910645, "CORPTRCISHRS": 1250.5999717712402, "LIVEPOL1": 1000.0, "CMOCTEZ": 241.39999389648435, "GFINBURO": 203.1400032043457, "CHDRAUIB": 187.29999542236328, "NAFTRACISHRS": 133.95000457763672, "GFAMSAA": 143.0, "SORIANAB": 114.94999885559082, "AUTLANB": 97.37999725341798, "AXTELCPO": 70.19999742507935, "TLEVISACPO": 38.560001373291016}, "pct": {"DLRTRAC15": 0.36090911958366734, "PSOTRAC15": 0.3161359185841616, "CETETRCISHRS": 0.13913601769667347, "UDITRACISHRS": 0.06062099586161712, "GCARSOA1": 0.02244848824592495, "LIVEPOLC-1": 0.01756698764337949, "VALUEGFO": 0.016175599608509433, "PYPL": 0.020331631248335896, "LACOMERUBC": 0.013460580560452955, "CORPTRCISHRS": 0.011934633872439399, "LIVEPOL1": 0.00954312661268993, "CMOCTEZ": 0.0023037107060567266, "GFINBURO": 0.0019385907706813092, "CHDRAUIB": 0.0017874275708718572, "NAFTRACISHRS": 0.0012783018534547829, "GFAMSAA": 0.00136466710561466, "SORIANAB": 0.0010969823932074658, "AUTLANB": 0.0009293096433327655, "AXTELCPO": 0.0006699274636380393, "TLEVISACPO": 0.00036798297529081375}}