{"allocation": {"PSOTRAC15": 6122, "DLRTRAC15": 1549, "LACOMERUBC": 466, "PYPL": 4, "CORPTRCISHRS": 952, "CETETRCISHRS": 47, "MONEXB": 154}, "qty": {"PSOTRAC15": 44078.39883232117, "DLRTRAC15": 29369.038581848145, "LACOMERUBC": 10228.700355529785, "PYPL": 8752.0, "CORPTRCISHRS": 8139.60018157959, "CETETRCISHRS": 4924.659942626953, "MONEXB": 1894.200029373169}, "pct": {"PSOTRAC15": 0.4104646174172731, "DLRTRAC15": 0.2734888631338385, "LACOMERUBC": 0.09525118174278666, "PYPL": 0.08149992801013001, "CORPTRCISHRS": 0.07579716965607607, "CETETRCISHRS": 0.04585916713876459, "MONEXB": 0.017639072901131106}}