{"allocation": {"PSOTRAC15": 5750, "DLRTRAC15": 1803, "FRAGUAB": 37, "PYPL": 2, "MONEXB": 179, "CETETRCISHRS": 23, "VALUEGFO": 14, "LACOMERUBC": 68, "CORPTRCISHRS": 123, "UDITRACISHRS": 8, "CMOCTEZ": 14, "LIVEPOL1": 7, "GFINBURO": 28, "LIVEPOLC-1": 5, "DANHOS13": 14, "NAFTRACISHRS": 8, "AXTELCPO": 79, "SORIANAB": 8, "MFRISCOA-1": 35, "TLEVISACPO": 4}, "qty": {"PSOTRAC15": 40503.00085544586, "DLRTRAC15": 33986.55068778992, "FRAGUAB": 9620.0, "PYPL": 3360.0, "MONEXB": 2506.0, "CETETRCISHRS": 2398.670021057129, "VALUEGFO": 1526.0, "LACOMERUBC": 1339.6000518798828, "CORPTRCISHRS": 1023.3599624633789, "UDITRACISHRS": 935.4400024414062, "CMOCTEZ": 910.0, "LIVEPOL1": 854.0, "GFINBURO": 775.6000213623047, "LIVEPOLC-1": 626.1000061035156, "DANHOS13": 382.6199989318847, "NAFTRACISHRS": 351.6000061035156, "AXTELCPO": 235.42000150680542, "SORIANAB": 215.7599945068359, "MFRISCOA-1": 173.60000133514404, "TLEVISACPO": 191.24000549316406}, "pct": {"PSOTRAC15": 0.3974211360285134, "DLRTRAC15": 0.33348081126724793, "FRAGUAB": 0.09439279183878665, "PYPL": 0.032968792159908854, "MONEXB": 0.024589224152598687, "CETETRCISHRS": 0.023536087316796628, "VALUEGFO": 0.014973326439291938, "LACOMERUBC": 0.013144343954711599, "CORPTRCISHRS": 0.010041351758103353, "UDITRACISHRS": 0.009178668755522427, "CMOCTEZ": 0.00892904787664198, "LIVEPOL1": 0.008379568007310167, "GFINBURO": 0.007610296399855563, "LIVEPOLC-1": 0.006143381241828711, "DANHOS13": 0.003754321196729123, "NAFTRACISHRS": 0.0034499486680504435, "AXTELCPO": 0.0023099741368938385, "SORIANAB": 0.002117067385511592, "MFRISCOA-1": 0.001703387608029245, "TLEVISACPO": 0.0018764738076678432}}