{"allocation": {"PSOTRAC15": 6420, "DLRTRAC15": 2028, "LACOMERUBC": 520, "PYPL": 2, "CETETRCISHRS": 28, "CYDSASAA": 94}, "qty": {"PSOTRAC15": 47983.07985305786, "DLRTRAC15": 38329.1992263794, "LACOMERUBC": 11960.0, "PYPL": 4236.0, "CETETRCISHRS": 2942.5198974609375, "CYDSASAA": 2251.3000717163086}, "pct": {"PSOTRAC15": 0.44551666380614635, "DLRTRAC15": 0.3558816361515702, "LACOMERUBC": 0.11104704648886651, "PYPL": 0.039330709776491515, "CETETRCISHRS": 0.02732091503743808, "CYDSASAA": 0.02090302873948741}}