{"allocation": {"CETETRCISHRS": 705, "PYPL": 3, "CMOCTEZ": 303, "PSOTRAC15": 989, "FRAGUAB": 7, "GFINBURO": 83, "CHDRAUIB": 23}, "qty": {"CETETRCISHRS": 74546.6984939575, "PYPL": 13424.759765625, "CMOCTEZ": 13998.600231170654, "PSOTRAC15": 7025.856090545654, "FRAGUAB": 1529.5, "GFINBURO": 1328.8300189971924, "CHDRAUIB": 582.1299877166748}, "pct": {"CETETRCISHRS": 0.663012292659828, "PYPL": 0.11939872496614873, "CMOCTEZ": 0.1245024155435825, "PSOTRAC15": 0.062487394460108384, "FRAGUAB": 0.013603248998416802, "GFINBURO": 0.011818506456351578, "CHDRAUIB": 0.005177416915564068}}