{"allocation": {"DLRTRAC15": 2800, "CYDSASAA": 682, "FSHOP13": 1255, "GFINBURO": 528, "BACHOCOB": 136, "LACOMERUBC": 300, "TWTR": 1}, "qty": {"DLRTRAC15": 52387.99743652344, "CYDSASAA": 16023.590572357178, "FSHOP13": 12738.249521255491, "GFINBURO": 11312.399597167969, "BACHOCOB": 10297.239501953125, "LACOMERUBC": 7128.000068664552, "TWTR": 613.2349853515625}, "pct": {"DLRTRAC15": 0.474096470859685, "CYDSASAA": 0.14500893549251861, "FSHOP13": 0.11527753375713057, "GFINBURO": 0.10237399764078033, "BACHOCOB": 0.0931870876222767, "LACOMERUBC": 0.0645063724937396, "TWTR": 0.005549602133869233}}