{"allocation": {"CETETRCISHRS": 697, "CMOCTEZ": 258, "PYPL": 3, "PSOTRAC15": 879, "FRAGUAB": 13, "CYDSASAA": 114, "GFINBURO": 50}, "qty": {"CETETRCISHRS": 74021.39787292482, "CMOCTEZ": 13416.0, "PYPL": 10319.69970703125, "PSOTRAC15": 6012.360134124756, "FRAGUAB": 2845.5699920654297, "CYDSASAA": 2334.7199478149414, "GFINBURO": 759.9999904632568}, "pct": {"CETETRCISHRS": 0.6747021068067023, "CMOCTEZ": 0.12228630808159381, "PYPL": 0.09406365367349112, "PSOTRAC15": 0.054802424244116923, "FRAGUAB": 0.025937257656339564, "CYDSASAA": 0.021280879757210835, "GFINBURO": 0.006927369780545482}}