{"allocation": {"LACOMERUBC": 2049, "FRAGUAB": 137, "MONEXB": 785, "SITESB-1": 412, "BACHOCOB": 64, "GCARSOA1": 82, "CHDRAUIB": 62, "DANHOS13": 11}, "qty": {"LACOMERUBC": 51634.80156326294, "FRAGUAB": 31236.0, "MONEXB": 10087.250299453737, "SITESB-1": 6530.200157165528, "BACHOCOB": 4475.52001953125, "GCARSOA1": 3956.5, "CHDRAUIB": 1791.7999763488772, "DANHOS13": 204.82000923156738}, "pct": {"LACOMERUBC": 0.46976220498958204, "FRAGUAB": 0.28417834078584825, "MONEXB": 0.09177161138399006, "SITESB-1": 0.059410342094467446, "BACHOCOB": 0.04071730866001529, "GCARSOA1": 0.035995377299244735, "CHDRAUIB": 0.016301406847834102, "DANHOS13": 0.001863407939018086}}