{"allocation": {"DLRTRAC15": 1956, "PSOTRAC15": 5709, "CORPTRCISHRS": 1729, "PYPL": 1, "GFINBURO": 322, "CYDSASAA": 204, "CMOCTEZ": 25}, "qty": {"DLRTRAC15": 42738.600746154785, "PSOTRAC15": 39649.0059800148, "CORPTRCISHRS": 14246.959604263306, "PYPL": 4349.35009765625, "GFINBURO": 5148.779926300049, "CYDSASAA": 3957.5999221801767, "CMOCTEZ": 1175.0}, "pct": {"DLRTRAC15": 0.38411438405664705, "PSOTRAC15": 0.35634656363526196, "CORPTRCISHRS": 0.12804495274833938, "PYPL": 0.039089907124726285, "GFINBURO": 0.04627480534003932, "CYDSASAA": 0.03556904133291363, "CMOCTEZ": 0.010560345762072406}}