{"allocation": {"CETETRCISHRS": 513, "LACOMERUBC": 548, "DLRTRAC15": 782, "GCARSOA1": 237, "FRAGUAB": 42, "AXTELCPO": 873}, "qty": {"CETETRCISHRS": 54244.61890411376, "LACOMERUBC": 19163.560668945312, "DLRTRAC15": 16914.659343719482, "GCARSOA1": 10766.91007232666, "FRAGUAB": 9240.0, "AXTELCPO": 6137.190183162689}, "pct": {"CETETRCISHRS": 0.46575121909814915, "LACOMERUBC": 0.16454077702342823, "DLRTRAC15": 0.14523142330288913, "GCARSOA1": 0.09244606365417717, "FRAGUAB": 0.07933581895144495, "AXTELCPO": 0.0526946979699113}}