{"allocation": {"CETETRCISHRS": 636, "UDITRACISHRS": 139, "LACOMERUBC": 494, "LIVEPOL1": 47, "JPM": 1, "PYPL": 1, "FRAGUAB": 3, "VALUEGFO": 1}, "qty": {"CETETRCISHRS": 67371.4801940918, "UDITRACISHRS": 18153.400848388672, "LACOMERUBC": 11628.760452270508, "LIVEPOL1": 5029.0, "JPM": 2628.0, "PYPL": 2045.0, "FRAGUAB": 735.0, "VALUEGFO": 125.0}, "pct": {"CETETRCISHRS": 0.6254567977239854, "UDITRACISHRS": 0.16853077785618809, "LACOMERUBC": 0.10795795569612962, "LIVEPOL1": 0.04668774126221088, "JPM": 0.024397570896219963, "PYPL": 0.018985172177614088, "FRAGUAB": 0.006823521540609465, "VALUEGFO": 0.0011604628470424261}}