{"allocation": {"CETETRCISHRS": 518, "LACOMERUBC": 499, "DLRTRAC15": 822, "GCARSOA1": 276, "FRAGUAB": 42, "AXTELCPO": 782}, "qty": {"CETETRCISHRS": 54773.31889343261, "LACOMERUBC": 19336.25, "DLRTRAC15": 17065.541736602783, "GCARSOA1": 10841.27966308594, "FRAGUAB": 9156.0, "AXTELCPO": 6185.6198806762695}, "pct": {"CETETRCISHRS": 0.46671990103034133, "LACOMERUBC": 0.1647629332788158, "DLRTRAC15": 0.14541437530621143, "GCARSOA1": 0.09237784150422192, "FRAGUAB": 0.07801768269963603, "AXTELCPO": 0.052707266180773454}}