{"allocation": {"M5TRACISHRS": 451, "LACOMERUBC": 1486, "FRAGUAB": 60, "SITESB-1": 472, "GCARSOA1": 102, "TWTR": 3, "BACHOCOB": 3}, "qty": {"M5TRACISHRS": 39814.27944946289, "LACOMERUBC": 34029.39943313599, "FRAGUAB": 14400.0, "SITESB-1": 7207.440216064453, "GCARSOA1": 4750.13996887207, "TWTR": 1753.2299194335938, "BACHOCOB": 202.44001007080078}, "pct": {"M5TRACISHRS": 0.3897364558660195, "LACOMERUBC": 0.3331090682465804, "FRAGUAB": 0.14095960148153308, "SITESB-1": 0.0705526319832236, "GCARSOA1": 0.0464984609023409, "TWTR": 0.0171621243575597, "BACHOCOB": 0.0019816571627428903}}