{"allocation": {"FRAGUAB": 125, "M5TRACISHRS": 236, "CORPTRCISHRS": 1957, "LACOMERUBC": 753, "PSOTRAC15": 1032, "SITESB-1": 322, "JPM": 2, "TWTR": 6, "GFINBURO": 146, "GCARSOA1": 29}, "qty": {"FRAGUAB": 30000.0, "M5TRACISHRS": 20753.840576171875, "CORPTRCISHRS": 17789.130298614502, "LACOMERUBC": 17575.02011489868, "PSOTRAC15": 7905.119842529297, "SITESB-1": 4775.2599754333505, "JPM": 4491.7001953125, "TWTR": 3840.0, "GFINBURO": 3083.520122528076, "GCARSOA1": 1566.8699645996096}, "pct": {"FRAGUAB": 0.2683832192803528, "M5TRACISHRS": 0.18566608487547398, "CORPTRCISHRS": 0.15914346859132744, "LACOMERUBC": 0.15722801591178212, "PSOTRAC15": 0.07072005040450027, "SITESB-1": 0.042719988170247365, "JPM": 0.04018323194867194, "TWTR": 0.03435305206788516, "GFINBURO": 0.0275855019066611, "GCARSOA1": 0.014017386843097853}}