{"allocation": {"CETETRCISHRS": 521, "PYPL": 5, "CMOCTEZ": 362, "PSOTRAC15": 1693, "FRAGUAB": 22, "CYDSASAA": 108, "VALUEGFO": 4}, "qty": {"CETETRCISHRS": 55090.53888702392, "PYPL": 19997.2998046875, "CMOCTEZ": 17520.800552368164, "PSOTRAC15": 11309.239709377289, "FRAGUAB": 4774.0, "CYDSASAA": 2266.9199752807617, "VALUEGFO": 524.0}, "pct": {"CETETRCISHRS": 0.49416178474527767, "PYPL": 0.17937565253874038, "CMOCTEZ": 0.15716146993732963, "PSOTRAC15": 0.10144380853414359, "FRAGUAB": 0.042822749750404544, "CYDSASAA": 0.020334257814336263, "VALUEGFO": 0.004700276679767906}}