{"allocation": {"PYPL": 23, "CMOCTEZ": 251, "JPM": 7, "PSOTRAC15": 2094, "VALUEGFO": 84, "GICSAB": 579, "MONEXB": 243, "POCHTECB": 566, "AXTELCPO": 126, "UNIFINA": 1, "GCARSOA1": 1, "MFRISCOA-1": 1}, "qty": {"PYPL": 32402.401123046875, "CMOCTEZ": 18320.489463806152, "JPM": 13838.370239257812, "PSOTRAC15": 12584.940479278564, "VALUEGFO": 8064.0, "GICSAB": 5830.529823303224, "MONEXB": 4252.5, "POCHTECB": 3962.0, "AXTELCPO": 509.03999519348145, "UNIFINA": 60.103912353515625, "GCARSOA1": 59.34999847412109, "MFRISCOA-1": 11.9399995803833}, "pct": {"PYPL": 0.3243624346654397, "CMOCTEZ": 0.18339624104325986, "JPM": 0.138528235779872, "PSOTRAC15": 0.12598084686615943, "VALUEGFO": 0.080724223591, "GICSAB": 0.058366194582133324, "MONEXB": 0.0425694147843164, "POCHTECB": 0.039661380687939236, "AXTELCPO": 0.005095716566066488, "UNIFINA": 0.0006016668724602011, "GCARSOA1": 0.0005941198594928645, "MFRISCOA-1": 0.00011952470186052924}}