{"allocation": {"PSOTRAC15": 9438, "PYPL": 8, "DLRTRAC15": 756, "LACOMERUBC": 220, "TWTR": 2, "M5TRACISHRS": 17, "JPM": 1, "CYDSASAA": 22, "MONEXB": 37, "TLEVISACPO": 4, "CORPTRCISHRS": 19, "CMOCTEZ": 3, "CETETRCISHRS": 1}, "qty": {"PSOTRAC15": 65405.338379859924, "PYPL": 13191.2802734375, "DLRTRAC15": 13940.640403747559, "LACOMERUBC": 4661.800117492676, "TWTR": 1066.4000244140625, "M5TRACISHRS": 1468.2900466918945, "JPM": 2158.010009765625, "CYDSASAA": 721.3800201416016, "MONEXB": 438.8199872970581, "TLEVISACPO": 266.1600036621094, "CORPTRCISHRS": 167.2000036239624, "CMOCTEZ": 234.0, "CETETRCISHRS": 103.68000030517578}, "pct": {"PSOTRAC15": 0.6299696487238966, "PYPL": 0.1270554729311636, "DLRTRAC15": 0.13427314276902022, "LACOMERUBC": 0.04490142020795965, "TWTR": 0.01027132746990186, "M5TRACISHRS": 0.014142242634190123, "JPM": 0.020785471667452215, "CYDSASAA": 0.00694817164993032, "MONEXB": 0.004226616360350134, "TLEVISACPO": 0.0025635938619805545, "CORPTRCISHRS": 0.0016104331872405094, "CMOCTEZ": 0.002253835871091284, "CETETRCISHRS": 0.000998622665822908}}