{"allocation": {"DLRTRAC15": 1566, "PSOTRAC15": 4761, "CETETRCISHRS": 165, "FRAGUAB": 52, "LIVEPOLC-1": 18, "MONEXB": 95, "CORPTRCISHRS": 134, "BACHOCOB": 16, "VALUEGFO": 6, "CMOCTEZ": 9, "FSHOP13": 59, "TLEVISACPO": 6, "LACOMERUBC": 8, "GFINBURO": 4, "DANHOS13": 2, "GCARSOA1": 1}, "qty": {"DLRTRAC15": 31445.279880523674, "PSOTRAC15": 30889.36760044098, "CETETRCISHRS": 17145.150604248047, "FRAGUAB": 13780.0, "LIVEPOLC-1": 2183.40005493164, "MONEXB": 1263.500018119812, "CORPTRCISHRS": 1098.7999744415283, "BACHOCOB": 1134.4000244140625, "VALUEGFO": 720.0, "CMOCTEZ": 621.0, "FSHOP13": 483.20997524261475, "TLEVISACPO": 333.90000915527344, "LACOMERUBC": 166.32000732421875, "GFINBURO": 109.68000030517578, "DANHOS13": 48.040000915527344, "GCARSOA1": 65.31999969482422}, "pct": {"DLRTRAC15": 0.3098442737634324, "PSOTRAC15": 0.3043666237837583, "CETETRCISHRS": 0.16893876466427052, "FRAGUAB": 0.13578044490882724, "LIVEPOLC-1": 0.021514008045905364, "MONEXB": 0.01244982544286062, "CORPTRCISHRS": 0.010826962945970879, "BACHOCOB": 0.011177746010125245, "VALUEGFO": 0.007094478979271089, "CMOCTEZ": 0.006118988119621314, "FSHOP13": 0.004761281961017824, "TLEVISACPO": 0.0032900647168479327, "LACOMERUBC": 0.0016388247163803937, "GFINBURO": 0.0010807256341826613, "DANHOS13": 0.00047335941202690643, "GCARSOA1": 0.0006436268955012838}}