{"allocation": {"CYDSASAA": 651, "PSOTRAC15": 3114, "CMOCTEZ": 165, "PYPL": 7, "BACHOCOB": 98, "MONEXB": 494, "NAFTRACISHRS": 108, "UNIFINA": 80, "POCHTECB": 648, "SORIANAB": 91, "AAL": 3, "JPM": 1, "TWTR": 5}, "qty": {"CYDSASAA": 20675.76014900208, "PSOTRAC15": 19717.847311019897, "CMOCTEZ": 12305.700302124023, "PYPL": 11095.0, "BACHOCOB": 9373.700149536133, "MONEXB": 7607.599811553954, "NAFTRACISHRS": 5434.559967041016, "UNIFINA": 5264.2938232421875, "POCHTECB": 4536.0, "SORIANAB": 3691.869972229004, "AAL": 2964.780029296875, "JPM": 2164.68994140625, "TWTR": 2389.199981689453}, "pct": {"CYDSASAA": 0.1928331191807658, "PSOTRAC15": 0.18389911534631334, "CMOCTEZ": 0.11476949606018709, "PYPL": 0.10347786209030188, "BACHOCOB": 0.08742410557454187, "MONEXB": 0.07095251592052156, "NAFTRACISHRS": 0.05068559232004918, "UNIFINA": 0.049097599841756025, "POCHTECB": 0.04230514487982058, "SORIANAB": 0.03443233995868765, "AAL": 0.027651113023854274, "JPM": 0.020189047969815195, "TWTR": 0.02228294783338558}}