{"allocation": {"CMOCTEZ": 320, "VALUEGFO": 193, "BACHOCOB": 212, "PSOTRAC15": 2882, "PYPL": 4, "POCHTECB": 818, "MONEXB": 194, "FRAGUAB": 10, "TWTR": 2, "DANHOS13": 6, "LIVEPOL1": 1, "LACOMERUBC": 2, "AUTLANB": 2, "LIVEPOLC-1": 1, "GFINBURO": 1}, "qty": {"CMOCTEZ": 25100.80078125, "VALUEGFO": 22195.0, "BACHOCOB": 20284.160064697266, "PSOTRAC15": 18136.426637649536, "PYPL": 6660.0, "POCHTECB": 5726.0, "MONEXB": 2716.0, "FRAGUAB": 2650.0, "TWTR": 1769.93994140625, "DANHOS13": 177.06000137329104, "LIVEPOL1": 130.0, "LACOMERUBC": 41.540000915527344, "AUTLANB": 33.84000015258789, "LIVEPOLC-1": 127.44000244140624, "GFINBURO": 27.799999237060547}, "pct": {"CMOCTEZ": 0.2373014579706956, "VALUEGFO": 0.20983019249305804, "BACHOCOB": 0.19176522689504066, "PSOTRAC15": 0.17146068450165478, "PYPL": 0.06296323865752496, "POCHTECB": 0.054133258941890076, "MONEXB": 0.025676900329405075, "FRAGUAB": 0.025052940306672846, "TWTR": 0.016732905546583705, "DANHOS13": 0.0016739145830582914, "LIVEPOL1": 0.0012290121659877245, "LACOMERUBC": 0.00039271666538711014, "AUTLANB": 0.0003199213221888998, "LIVEPOLC-1": 0.001204810103338412, "GFINBURO": 0.00026281951751382207}}