{"allocation": {"PSOTRAC15": 4261, "PYPL": 15, "JPM": 8, "CMOCTEZ": 152, "AXTELCPO": 2026, "BACHOCOB": 77, "VALUEGFO": 56, "GICSAB": 445, "UNIFINA": 30, "MONEXB": 22, "POCHTECB": 3}, "qty": {"PSOTRAC15": 25267.729268550873, "PYPL": 21765.0, "JPM": 16915.359375, "CMOCTEZ": 11246.479675292969, "AXTELCPO": 7658.279942035675, "BACHOCOB": 7208.740211486817, "VALUEGFO": 5376.0, "GICSAB": 4098.450016975403, "UNIFINA": 1934.3376159667969, "MONEXB": 349.79999160766596, "POCHTECB": 21.0}, "pct": {"PSOTRAC15": 0.24810916602637303, "PYPL": 0.21371512814509863, "JPM": 0.1660954834113724, "CMOCTEZ": 0.11043155731617202, "AXTELCPO": 0.07519826690481014, "BACHOCOB": 0.07078414142258813, "VALUEGFO": 0.05278807851633587, "GICSAB": 0.040243545627116004, "UNIFINA": 0.018993669261301565, "MONEXB": 0.0034347599371278084, "POCHTECB": 0.000206203431704437}}