{"allocation": {"VALUEGFO": 180, "PSOTRAC15": 3271, "CMOCTEZ": 254, "GFAMSAA": 924, "CORPTRCISHRS": 1234, "BACHOCOB": 106, "PYPL": 4, "AAL": 3, "FRAGUAB": 7, "TWTR": 2, "DANHOS13": 3, "AUTLANB": 3}, "qty": {"VALUEGFO": 21960.0, "PSOTRAC15": 20306.36859893799, "CMOCTEZ": 19171.920852661133, "GFAMSAA": 11282.040035247803, "CORPTRCISHRS": 10711.120376586914, "BACHOCOB": 9656.599838256836, "PYPL": 6576.0, "AAL": 2580.0, "FRAGUAB": 1679.9300384521487, "TWTR": 1380.9000244140625, "DANHOS13": 91.35000228881836, "AUTLANB": 52.860002517700195}, "pct": {"VALUEGFO": 0.20825215322418208, "PSOTRAC15": 0.19257035450331303, "CMOCTEZ": 0.18181210378006732, "GFAMSAA": 0.1069903975456185, "CORPTRCISHRS": 0.10157622412876308, "BACHOCOB": 0.09157594303922016, "PYPL": 0.06236184697642174, "AAL": 0.024466783029070575, "FRAGUAB": 0.01593119525380888, "TWTR": 0.01309541910161904, "DANHOS13": 0.0008662948394207826, "AUTLANB": 0.000501284578494843}}