{"allocation": {"PSOTRAC15": 7743, "CMOCTEZ": 217, "AUTLANB": 778, "PYPL": 6, "TWTR": 9, "FRAGUAB": 17, "BACHOCOB": 35, "AAL": 3, "GCARSOA1": 1, "UNIFINA": 1, "DANHOS13": 1}, "qty": {"PSOTRAC15": 50484.359852313995, "CMOCTEZ": 16492.0, "AUTLANB": 14937.600593566895, "PYPL": 8333.039794921875, "TWTR": 5130.0, "FRAGUAB": 4097.0, "BACHOCOB": 3372.2499465942383, "AAL": 2406.0, "GCARSOA1": 67.19999694824219, "UNIFINA": 64.76822662353516, "DANHOS13": 33.2599983215332}, "pct": {"PSOTRAC15": 0.47889933068124757, "CMOCTEZ": 0.1564446451277152, "AUTLANB": 0.14169946785836288, "PYPL": 0.07904799014987153, "TWTR": 0.04866365689456578, "FRAGUAB": 0.0388645228649193, "BACHOCOB": 0.0319894764841676, "AAL": 0.02282353966634021, "GCARSOA1": 0.0006374654180906677, "UNIFINA": 0.0006143974187284982, "DANHOS13": 0.0003155074359908237}}