{"allocation": {"PSOTRAC15": 6352, "DLRTRAC15": 1906, "M5TRACISHRS": 157, "CETETRCISHRS": 43, "MONEXB": 213, "CYDSASAA": 54}, "qty": {"PSOTRAC15": 40881.47117614746, "DLRTRAC15": 38062.818691253655, "M5TRACISHRS": 13447.050239562988, "CETETRCISHRS": 4463.829895019532, "MONEXB": 3045.900040626526, "CYDSASAA": 1695.0599670410159}, "pct": {"PSOTRAC15": 0.40239201209990877, "DLRTRAC15": 0.37464831276189214, "M5TRACISHRS": 0.1323578982613371, "CETETRCISHRS": 0.04393700719304454, "MONEXB": 0.02998047307842512, "CYDSASAA": 0.01668429660539228}}