{"allocation": {"PSOTRAC15": 5999, "CMOCTEZ": 207, "AUTLANB": 670, "BACHOCOB": 87, "TWTR": 15, "PYPL": 4, "FRAGUAB": 16, "AAL": 3, "CORPTRCISHRS": 334, "MONEXB": 108, "JPM": 1, "UNIFINA": 12, "AXTELCPO": 114, "LACOMERUBC": 20}, "qty": {"PSOTRAC15": 39725.37930440903, "CMOCTEZ": 15359.399368286133, "AUTLANB": 12374.899539947508, "BACHOCOB": 8291.100265502928, "TWTR": 7834.499816894531, "PYPL": 5524.0, "FRAGUAB": 3903.8400878906255, "AAL": 2910.0, "CORPTRCISHRS": 2919.159923553467, "MONEXB": 1512.0, "JPM": 1981.0, "UNIFINA": 724.2661743164062, "AXTELCPO": 466.26001739501953, "LACOMERUBC": 368.4000015258789}, "pct": {"PSOTRAC15": 0.38236376606084416, "CMOCTEZ": 0.14783692162855244, "AUTLANB": 0.11911058561481817, "BACHOCOB": 0.07980329899465327, "TWTR": 0.0754084393313347, "PYPL": 0.05316947202781466, "FRAGUAB": 0.03757514778315752, "AAL": 0.028009262056651097, "CORPTRCISHRS": 0.028097427932674446, "MONEXB": 0.014553266058301189, "JPM": 0.019067473585644614, "UNIFINA": 0.006971189372919714, "AXTELCPO": 0.004487834712630859, "LACOMERUBC": 0.003545914840003095}}