{"allocation": {"CYDSASAA": 886, "PSOTRAC15": 4129, "PYPL": 15, "JPM": 7, "TWTR": 8, "CMOCTEZ": 51, "AXTELCPO": 578, "UNIFINA": 25, "SORIANAB": 5, "MONEXB": 6}, "qty": {"CYDSASAA": 29238.0, "PSOTRAC15": 26384.309448719025, "PYPL": 22650.0, "JPM": 15351.0, "TWTR": 4817.919921875, "CMOCTEZ": 3714.839813232422, "AXTELCPO": 2537.4199228286743, "UNIFINA": 1621.141242980957, "SORIANAB": 190.0, "MONEXB": 87.0}, "pct": {"CYDSASAA": 0.27429921002329266, "PSOTRAC15": 0.24752702779922445, "PYPL": 0.21249323165153491, "JPM": 0.14401693594184162, "TWTR": 0.045199795763246335, "CMOCTEZ": 0.03485113982258463, "AXTELCPO": 0.023805057812752908, "UNIFINA": 0.01520889808762074, "SORIANAB": 0.0017825039299687257, "MONEXB": 0.0008161991679330481}}