{"allocation": {"CORPTRCISHRS": 4625, "CETETRCISHRS": 362, "AUTLANB": 524, "PYPL": 3, "VALUEGFO": 47, "LIVEPOLC-1": 31, "TWTR": 1, "MONEXB": 45, "BACHOCOB": 4, "GCARSOA1": 2, "LACOMERUBC": 3, "NAFTRACISHRS": 1}, "qty": {"CORPTRCISHRS": 40607.49876499176, "CETETRCISHRS": 37622.66011047363, "AUTLANB": 8797.960479736328, "PYPL": 5267.4898681640625, "VALUEGFO": 4606.0, "LIVEPOLC-1": 4169.809829711914, "TWTR": 669.02001953125, "MONEXB": 533.6999845504761, "BACHOCOB": 369.6400146484375, "GCARSOA1": 141.39999389648438, "LACOMERUBC": 63.60000228881836, "NAFTRACISHRS": 49.52000045776367}, "pct": {"CORPTRCISHRS": 0.39463722075695806, "CETETRCISHRS": 0.3656295628895279, "AUTLANB": 0.0855015151794071, "PYPL": 0.05119122391576148, "VALUEGFO": 0.04476264468605021, "LIVEPOLC-1": 0.040523603086364296, "TWTR": 0.006501759752959556, "MONEXB": 0.005186674506596493, "BACHOCOB": 0.0035922849842497614, "GCARSOA1": 0.0013741723155445069, "LACOMERUBC": 0.0006180860409219184, "NAFTRACISHRS": 0.00048125188565868845}}