{"allocation": {"CMOCTEZ": 311, "VALUEGFO": 176, "PSOTRAC15": 2961, "BACHOCOB": 123, "PYPL": 6, "JPM": 2, "GFINBURO": 154, "MONEXB": 240, "GCARSOA1": 34, "DANHOS13": 79, "FRAGUAB": 8, "AAL": 1, "LIVEPOLC-1": 1, "GICSAB": 2, "LIVEPOL1": 1}, "qty": {"CMOCTEZ": 24320.19905090332, "VALUEGFO": 20240.0, "PSOTRAC15": 19924.569271087646, "BACHOCOB": 11372.579887390137, "PYPL": 9180.06005859375, "JPM": 4278.0, "GFINBURO": 4727.800117492676, "MONEXB": 3575.999908447265, "GCARSOA1": 2635.340072631836, "DANHOS13": 2421.349969863892, "FRAGUAB": 2104.0, "AAL": 728.1699829101562, "LIVEPOLC-1": 138.30999755859375, "GICSAB": 18.260000228881836, "LIVEPOL1": 137.0}, "pct": {"CMOCTEZ": 0.2298659967628378, "VALUEGFO": 0.19130138551670411, "PSOTRAC15": 0.18832004483115683, "BACHOCOB": 0.10748963880223003, "PYPL": 0.086766709898001, "JPM": 0.04043415648421246, "GFINBURO": 0.04468550953173841, "MONEXB": 0.03379909768248858, "GCARSOA1": 0.024908310632517878, "DANHOS13": 0.022885751188527287, "FRAGUAB": 0.01988627051023446, "AAL": 0.006882407441817571, "LIVEPOLC-1": 0.0013072576167871021, "GICSAB": 0.00017258712170555482, "LIVEPOL1": 0.001294875979040932}}