{"allocation": {"CETETRCISHRS": 891, "GFINBURO": 96, "PYPL": 1, "JPM": 1, "VALUEGFO": 17, "DLRTRAC15": 55, "LIVEPOLC-1": 7}, "qty": {"CETETRCISHRS": 92833.29217529295, "GFINBURO": 2760.9600219726567, "PYPL": 1890.0, "JPM": 2015.0, "VALUEGFO": 1742.5, "DLRTRAC15": 1045.0, "LIVEPOLC-1": 846.3700256347656}, "pct": {"CETETRCISHRS": 0.9001307259432472, "GFINBURO": 0.026770837171063502, "PYPL": 0.01832582936755435, "JPM": 0.01953785511937673, "VALUEGFO": 0.016895638980403947, "DLRTRAC15": 0.010132535285235078, "LIVEPOLC-1": 0.008206578133119216}}