{"allocation": {"PSOTRAC15": 7174, "DLRTRAC15": 1945, "PYPL": 7, "CYDSASAA": 123, "GFINBURO": 25}, "qty": {"PSOTRAC15": 51638.45167160034, "DLRTRAC15": 38530.448961257935, "PYPL": 15323.0, "CYDSASAA": 3013.5, "GFINBURO": 619.2500114440918}, "pct": {"PSOTRAC15": 0.4732061121544264, "DLRTRAC15": 0.3530865733247568, "PYPL": 0.14041740257154306, "CYDSASAA": 0.02761520868298277, "GFINBURO": 0.0056747032662910445}}