{"allocation": {"PSOTRAC15": 6832, "DLRTRAC15": 2024, "PYPL": 6, "CYDSASAA": 121, "LACOMERUBC": 41, "GFINBURO": 31}, "qty": {"PSOTRAC15": 51062.36784362793, "DLRTRAC15": 38253.59922790528, "PYPL": 12708.0, "CYDSASAA": 2897.950092315674, "LACOMERUBC": 943.0, "GFINBURO": 729.1200141906738}, "pct": {"PSOTRAC15": 0.4790358747585533, "DLRTRAC15": 0.35887184912615605, "PYPL": 0.11921867617017226, "CYDSASAA": 0.027186793642831535, "LACOMERUBC": 0.008846648695976742, "GFINBURO": 0.006840157606310147}}