{"allocation": {"PSOTRAC15": 6037, "DLRTRAC15": 2072, "CETETRCISHRS": 100, "FRAGUAB": 8, "LIVEPOLC-1": 14, "LIVEPOL1": 14, "VALUEGFO": 15, "CMOCTEZ": 18, "CORPTRCISHRS": 132, "MONEXB": 55, "UDITRACISHRS": 1, "GFINBURO": 3, "SORIANAB": 3}, "qty": {"PSOTRAC15": 42524.62889814377, "DLRTRAC15": 39057.20079040527, "CETETRCISHRS": 10429.000091552734, "FRAGUAB": 2080.0, "LIVEPOLC-1": 1753.0800170898438, "LIVEPOL1": 1708.0, "VALUEGFO": 1635.0, "CMOCTEZ": 1170.0, "CORPTRCISHRS": 1098.2399597167969, "MONEXB": 770.0, "UDITRACISHRS": 116.93000030517578, "GFINBURO": 83.10000228881836, "SORIANAB": 80.90999794006346}, "pct": {"PSOTRAC15": 0.4148497811083098, "DLRTRAC15": 0.38102322391601634, "CETETRCISHRS": 0.10174029773480395, "FRAGUAB": 0.020291477364143443, "LIVEPOLC-1": 0.01710220359822633, "LIVEPOL1": 0.016662424681710097, "VALUEGFO": 0.01595027187037237, "CMOCTEZ": 0.011413956017330687, "CORPTRCISHRS": 0.010713899655284227, "MONEXB": 0.007511748831918486, "UDITRACISHRS": 0.0011407127184527694, "GFINBURO": 0.0008106835650979933, "SORIANAB": 0.000789318938333505}}