{"allocation": {"PSOTRAC15": 5895, "PYPL": 14, "CETETRCISHRS": 262, "LACOMERUBC": 172, "SORIANAB": 131}, "qty": {"PSOTRAC15": 43493.3087182045, "PYPL": 28616.0, "CETETRCISHRS": 27575.5, "LACOMERUBC": 4454.799934387208, "SORIANAB": 3404.6899700164795}, "pct": {"PSOTRAC15": 0.4044222638973187, "PYPL": 0.26608570018591654, "CETETRCISHRS": 0.2564106173286533, "LACOMERUBC": 0.041422929820016614, "SORIANAB": 0.03165848876809485}}