{"allocation": {"DLRTRAC15": 2112, "PSOTRAC15": 5345, "CETETRCISHRS": 93, "CYDSASAA": 308, "VALUEGFO": 23, "PYPL": 1, "AAL": 1, "UNIFINA": 18, "CHDRAUIB": 1, "LIVEPOLC-1": 1, "GFINBURO": 1, "SORIANAB": 2, "CORPTRCISHRS": 2}, "qty": {"DLRTRAC15": 40487.04016113281, "PSOTRAC15": 37805.18475532532, "CETETRCISHRS": 9725.009971618652, "CYDSASAA": 9240.0, "VALUEGFO": 2645.0, "PYPL": 2010.0, "AAL": 612.0, "UNIFINA": 723.3952560424805, "CHDRAUIB": 37.63999938964844, "LIVEPOLC-1": 123.0999984741211, "GFINBURO": 26.88999938964844, "SORIANAB": 45.060001373291016, "CORPTRCISHRS": 17.0}, "pct": {"DLRTRAC15": 0.3911892607972083, "PSOTRAC15": 0.36527694343373823, "CETETRCISHRS": 0.0939638819459836, "CYDSASAA": 0.08927767392678353, "VALUEGFO": 0.025556217265837927, "PYPL": 0.019420792704852263, "AAL": 0.005913196584760987, "UNIFINA": 0.006989507120037084, "CHDRAUIB": 0.0003636809082373771, "LIVEPOLC-1": 0.0011894027623549927, "GFINBURO": 0.0002598134845671474, "SORIANAB": 0.00043537360495076767, "CORPTRCISHRS": 0.0001642554606878052}}