{"allocation": {"PSOTRAC15": 6403, "DLRTRAC15": 1532, "PYPL": 6, "CORPTRCISHRS": 1102, "LACOMERUBC": 209, "CETETRCISHRS": 25, "MONEXB": 174}, "qty": {"PSOTRAC15": 46101.59877872467, "DLRTRAC15": 29046.71859741211, "PYPL": 13128.0, "CORPTRCISHRS": 9422.10021018982, "LACOMERUBC": 4587.550159454346, "CETETRCISHRS": 2619.499969482422, "MONEXB": 2140.200033187866}, "pct": {"PSOTRAC15": 0.43067225183797014, "DLRTRAC15": 0.2713488477242216, "PYPL": 0.12263924618462609, "CORPTRCISHRS": 0.08801944448915955, "LACOMERUBC": 0.04285600955131339, "CETETRCISHRS": 0.02447086392732901, "MONEXB": 0.01999333628538023}}