{"allocation": {"PYPL": 11, "LACOMERUBC": 867, "BACHOCOB": 246, "UDITRACISHRS": 137, "CYDSASAA": 331, "AXTELCPO": 2379, "JPM": 1, "GCARSOA1": 36, "CETETRCISHRS": 16, "VALUEGFO": 16, "SORIANAB": 42, "CMOCTEZ": 9, "FRAGUAB": 1}, "qty": {"PYPL": 23207.800537109375, "LACOMERUBC": 22463.9698677063, "BACHOCOB": 20833.740600585938, "UDITRACISHRS": 17693.54916381836, "CYDSASAA": 7937.379848480225, "AXTELCPO": 7327.319818496704, "JPM": 2581.050048828125, "GCARSOA1": 2352.9600219726562, "CETETRCISHRS": 1691.6800537109375, "VALUEGFO": 1484.0, "SORIANAB": 1112.1599807739258, "CMOCTEZ": 522.0, "FRAGUAB": 220.00999450683597}, "pct": {"PYPL": 0.21208357223418525, "LACOMERUBC": 0.20528610492348084, "BACHOCOB": 0.1903883188976678, "UDITRACISHRS": 0.16169180298509966, "CYDSASAA": 0.07253543349588762, "AXTELCPO": 0.06696042391110107, "JPM": 0.023586824335007306, "GCARSOA1": 0.021502432597446972, "CETETRCISHRS": 0.01545935162165183, "VALUEGFO": 0.01356147562076264, "SORIANAB": 0.01016343023292011, "CMOCTEZ": 0.004770276464985242, "FRAGUAB": 0.0020105526798036245}}