{"allocation": {"PSOTRAC15": 7327, "PYPL": 14, "CORPTRCISHRS": 1529, "TWTR": 7, "VALUEGFO": 34}, "qty": {"PSOTRAC15": 52329.43545341492, "PYPL": 30286.76123046875, "CORPTRCISHRS": 13057.659941673279, "TWTR": 5001.990051269531, "VALUEGFO": 3842.0}, "pct": {"PSOTRAC15": 0.500674641864941, "PYPL": 0.2897759779161608, "CORPTRCISHRS": 0.12493234750662349, "TWTR": 0.04785776028026957, "VALUEGFO": 0.036759272432005066}}