{"allocation": {"DLRTRAC15": 1680, "PSOTRAC15": 4710, "CETETRCISHRS": 224, "UDITRACISHRS": 83, "MONEXB": 315, "DANHOS13": 2, "LACOMERUBC": 1}, "qty": {"DLRTRAC15": 32541.60140991211, "PSOTRAC15": 31717.140970230103, "CETETRCISHRS": 23378.88061523438, "UDITRACISHRS": 9927.63005065918, "MONEXB": 4441.500120162965, "DANHOS13": 46.459999084472656, "LACOMERUBC": 20.040000915527344}, "pct": {"DLRTRAC15": 0.3188063513262078, "PSOTRAC15": 0.31072920658840275, "CETETRCISHRS": 0.22904022248774794, "UDITRACISHRS": 0.09725985743292334, "MONEXB": 0.04351286926195231, "DANHOS13": 0.0004551633032487472, "LACOMERUBC": 0.0001963295995170999}}