{"allocation": {"CORPTRCISHRS": 5427, "CETETRCISHRS": 322, "LACOMERUBC": 507, "GCARSOA1": 156, "AXTELCPO": 1900}, "qty": {"CORPTRCISHRS": 47866.138343811035, "CETETRCISHRS": 34173.85911560058, "LACOMERUBC": 13303.67988395691, "GCARSOA1": 10046.40023803711, "AXTELCPO": 5548.000144958496}, "pct": {"CORPTRCISHRS": 0.431467169116414, "CETETRCISHRS": 0.30804444980462514, "LACOMERUBC": 0.11991987022500324, "GCARSOA1": 0.09055862913739318, "AXTELCPO": 0.05000988171656438}}