{"allocation": {"DLRTRAC15": 2272, "PSOTRAC15": 4238, "CETETRCISHRS": 106, "UDITRACISHRS": 76, "VALUEGFO": 36, "GCARSOA1": 54, "LIVEPOLC-1": 18}, "qty": {"DLRTRAC15": 42600.0, "PSOTRAC15": 31060.301983833313, "CETETRCISHRS": 11118.339935302734, "UDITRACISHRS": 9284.160278320312, "VALUEGFO": 4068.0, "GCARSOA1": 3969.5401153564453, "LIVEPOLC-1": 2208.9600219726562}, "pct": {"DLRTRAC15": 0.4084007758317984, "PSOTRAC15": 0.29777116027623174, "CETETRCISHRS": 0.10659010928496018, "UDITRACISHRS": 0.08900606245569907, "VALUEGFO": 0.038999398030135114, "GCARSOA1": 0.03805547565274692, "LIVEPOLC-1": 0.02117701846842862}}