{"allocation": {"CETETRCISHRS": 496, "PYPL": 4, "SITESB-1": 1090, "FSHOP13": 2171, "FRAGUAB": 54}, "qty": {"CETETRCISHRS": 52447.03894042968, "PYPL": 17899.6796875, "SITESB-1": 18006.800498962402, "FSHOP13": 13026.0, "FRAGUAB": 11799.0}, "pct": {"CETETRCISHRS": 0.463400999986824, "PYPL": 0.15815439029937703, "SITESB-1": 0.15910086682415203, "FSHOP13": 0.11509251137484552, "FRAGUAB": 0.10425123151480135}}