{"allocation": {"DLRTRAC15": 1625, "FSHOP13": 1894, "AXTELCPO": 5266, "CYDSASAA": 681, "CMOCTEZ": 224, "BACHOCOB": 168}, "qty": {"DLRTRAC15": 30403.748512268066, "FSHOP13": 19224.099277496334, "AXTELCPO": 16798.540301322937, "CYDSASAA": 16000.095571517944, "CMOCTEZ": 12913.600341796875, "BACHOCOB": 12720.119384765625}, "pct": {"DLRTRAC15": 0.28135934931356804, "FSHOP13": 0.1779017499001247, "AXTELCPO": 0.1554553829667034, "CYDSASAA": 0.1480664950619724, "CMOCTEZ": 0.11950375750534045, "BACHOCOB": 0.11771326525229102}}