{"allocation": {"LACOMERUBC": 2062, "FRAGUAB": 176, "SITESB-1": 991, "JPM": 1}, "qty": {"LACOMERUBC": 51962.40157318115, "FRAGUAB": 40128.0, "SITESB-1": 15707.3503780365, "JPM": 2314.72998046875}, "pct": {"LACOMERUBC": 0.4719029183759434, "FRAGUAB": 0.36442735007004334, "SITESB-1": 0.14264822754409726, "JPM": 0.021021504009916012}}