{"allocation": {"CETETRCISHRS": 961, "PYPL": 2, "AXTELCPO": 558, "TLEVISACPO": 7, "VALUEGFO": 2, "MONEXB": 6, "FRAGUAB": 1}, "qty": {"CETETRCISHRS": 102058.19706726076, "PYPL": 6879.7998046875, "AXTELCPO": 1941.8400106430054, "TLEVISACPO": 183.8900032043457, "VALUEGFO": 219.3999938964844, "MONEXB": 77.04000091552734, "FRAGUAB": 218.88999938964844}, "pct": {"CETETRCISHRS": 0.9146716231615387, "PYPL": 0.06165852263912475, "AXTELCPO": 0.01740326603344071, "TLEVISACPO": 0.0016480691659019713, "VALUEGFO": 0.001966318770129488, "MONEXB": 0.0006904521607346394, "FRAGUAB": 0.0019617480691297073}}