{"allocation": {"PYPL": 6, "SITESB-1": 1020, "TWTR": 14, "FRAGUAB": 65, "CYDSASAA": 567, "DLRTRAC15": 548, "CMOCTEZ": 194, "AXTELCPO": 790, "LACOMERUBC": 123, "GFINBURO": 13, "GCARSOA1": 2, "MFRISCOA-1": 31, "GFAMSAA": 75, "VALUEGFO": 1, "LIVEPOLC-1": 1, "AUTLANB": 1, "CORPTRCISHRS": 1, "FSHOP13": 2, "NAFTRACISHRS": 1}, "qty": {"PYPL": 26075.1591796875, "SITESB-1": 20297.999610900883, "TWTR": 13834.100341796873, "FRAGUAB": 14300.0, "CYDSASAA": 11907.0, "DLRTRAC15": 11853.239540100098, "CMOCTEZ": 10282.0, "AXTELCPO": 5553.700165748596, "LACOMERUBC": 4301.310150146484, "GFINBURO": 223.98999404907227, "GCARSOA1": 90.86000061035156, "MFRISCOA-1": 62.456230163574205, "GFAMSAA": 22.500000894069668, "VALUEGFO": 86.51000213623047, "LIVEPOLC-1": 62.86000061035156, "AUTLANB": 10.850000381469728, "CORPTRCISHRS": 8.239999771118164, "FSHOP13": 12.800000190734863, "NAFTRACISHRS": 36.9900016784668}, "pct": {"PYPL": 0.21907744243067628, "SITESB-1": 0.1705390870510621, "TWTR": 0.11623090391605907, "FRAGUAB": 0.12014528483489074, "CYDSASAA": 0.10003985360342965, "DLRTRAC15": 0.09958817068262346, "CMOCTEZ": 0.08638698032673753, "AXTELCPO": 0.04666090127982133, "LACOMERUBC": 0.03613861070996895, "GFINBURO": 0.0018819120024609279, "GCARSOA1": 0.0007633846610789535, "MFRISCOA-1": 0.0005247427666235047, "GFAMSAA": 0.00018903979134288787, "VALUEGFO": 0.0007268369823583508, "LIVEPOLC-1": 0.0005281351523113353, "AUTLANB": 9.115918785247229e-05, "CORPTRCISHRS": 6.923056780002981e-05, "FSHOP13": 0.00010754263418199272, "NAFTRACISHRS": 0.00031078141872045316}}