{"allocation": {"PYPL": 4, "DLRTRAC15": 891, "FSHOP13": 3081, "CYDSASAA": 866, "SITESB-1": 973, "PSOTRAC15": 1796, "MONEXB": 471, "CETETRCISHRS": 39, "GCARSOA1": 26, "TLEVISACPO": 17, "VALUEGFO": 3, "FRAGUAB": 2, "GE": 1, "GICSAB": 80, "CHDRAUIB": 5, "JPM": 1}, "qty": {"PYPL": 17397.400390625, "DLRTRAC15": 19468.350339889526, "FSHOP13": 17007.11994123459, "CYDSASAA": 16800.39966964722, "SITESB-1": 16190.71940612793, "PSOTRAC15": 12473.220308303833, "MONEXB": 5981.699910163879, "CETETRCISHRS": 4123.859916687011, "GCARSOA1": 1142.4399642944334, "TLEVISACPO": 423.2999935150147, "VALUEGFO": 489.0, "FRAGUAB": 430.0, "GE": 1087.9200439453125, "GICSAB": 256.8000030517578, "CHDRAUIB": 130.85000038146973, "JPM": 2130.159912109375}, "pct": {"PYPL": 0.15058350670980286, "DLRTRAC15": 0.1685086506151411, "FSHOP13": 0.1472054273789877, "CYDSASAA": 0.14541615641294134, "SITESB-1": 0.14013905811140634, "PSOTRAC15": 0.10796217893567965, "MONEXB": 0.05177470934356247, "CETETRCISHRS": 0.0356941424288515, "GCARSOA1": 0.009888409312093636, "TLEVISACPO": 0.0036638805788522634, "VALUEGFO": 0.004232548146720457, "FRAGUAB": 0.0037218726034556164, "GE": 0.009416511177465788, "GICSAB": 0.0022227369672689675, "CHDRAUIB": 0.0011325744920510446, "JPM": 0.018437636785719316}}