{"allocation": {"PYPL": 5, "SITESB-1": 1063, "DLRTRAC15": 810, "VALUEGFO": 102, "LACOMERUBC": 256, "CMOCTEZ": 169, "FSHOP13": 977, "AXTELCPO": 584, "FRAGUAB": 18, "CYDSASAA": 148, "TWTR": 4, "AUTLANB": 236, "CETETRCISHRS": 11, "CHDRAUIB": 15, "LIVEPOLC-1": 2, "GCARSOA1": 1, "GFAMSAA": 34}, "qty": {"PYPL": 19653.1005859375, "SITESB-1": 20813.539918899532, "DLRTRAC15": 16816.409740447998, "VALUEGFO": 12322.619750976564, "LACOMERUBC": 9920.0, "CMOCTEZ": 9295.0, "FSHOP13": 5979.239888191223, "AXTELCPO": 4619.439910888672, "FRAGUAB": 3924.0, "CYDSASAA": 3103.5598983764644, "TWTR": 3502.9599609375, "AUTLANB": 2336.399909973144, "CETETRCISHRS": 1163.1399765014646, "CHDRAUIB": 402.2999954223633, "LIVEPOLC-1": 114.18000030517578, "GCARSOA1": 39.27999877929688, "GFAMSAA": 12.919999837875366}, "pct": {"PYPL": 0.17236826775476513, "SITESB-1": 0.18254594515393766, "DLRTRAC15": 0.14748896257567848, "VALUEGFO": 0.10807600619498708, "LACOMERUBC": 0.08700373809467805, "CMOCTEZ": 0.08152215177318876, "FSHOP13": 0.052441151334419484, "AXTELCPO": 0.0405149738055505, "FRAGUAB": 0.03441559156083838, "CYDSASAA": 0.027219890378981003, "TWTR": 0.030722843850559466, "AUTLANB": 0.020491484460860163, "CETETRCISHRS": 0.01020136349626849, "CHDRAUIB": 0.0035283874432678907, "LIVEPOLC-1": 0.0010014200445767917, "GCARSOA1": 0.00034450672642673583, "GFAMSAA": 0.00011331535101590637}}