{"allocation": {"M5TRACISHRS": 371, "LACOMERUBC": 1400, "FRAGUAB": 97, "SITESB-1": 776, "CORPTRCISHRS": 321, "TWTR": 2}, "qty": {"M5TRACISHRS": 32751.87954711914, "LACOMERUBC": 32059.999465942386, "FRAGUAB": 23280.0, "SITESB-1": 11849.52035522461, "CORPTRCISHRS": 2587.2601346969604, "TWTR": 1168.8199462890625}, "pct": {"M5TRACISHRS": 0.31584065226137975, "LACOMERUBC": 0.30916855102178104, "FRAGUAB": 0.22449918863638688, "SITESB-1": 0.11427009044150668, "CORPTRCISHRS": 0.024950077363863257, "TWTR": 0.011271440275082466}}