{"allocation": {"BACHOCOB": 244, "UDITRACISHRS": 141, "PYPL": 7, "PSOTRAC15": 1189, "AXTELCPO": 2384, "FRAGUAB": 30, "JPM": 3, "LACOMERUBC": 286, "GCARSOA1": 72, "CETETRCISHRS": 38, "VALUEGFO": 20, "SORIANAB": 70, "CYDSASAA": 66, "CMOCTEZ": 28, "AAL": 3, "CHDRAUIB": 5}, "qty": {"BACHOCOB": 20347.15985107422, "UDITRACISHRS": 18414.600860595703, "PYPL": 14315.0, "PSOTRAC15": 9358.618777751923, "AXTELCPO": 7271.1998863220215, "FRAGUAB": 7350.0, "JPM": 7884.0, "LACOMERUBC": 6732.44026184082, "GCARSOA1": 5025.6002197265625, "CETETRCISHRS": 4025.3400115966797, "VALUEGFO": 2500.0, "SORIANAB": 1739.5000267028809, "CYDSASAA": 1650.0, "CMOCTEZ": 1629.6000213623047, "AAL": 1602.0, "CHDRAUIB": 136.64999961853025}, "pct": {"BACHOCOB": 0.18500494188083796, "UDITRACISHRS": 0.16743330208778387, "PYPL": 0.13015800546160144, "PSOTRAC15": 0.0850925011517765, "AXTELCPO": 0.06611280995573157, "FRAGUAB": 0.06682929375779047, "JPM": 0.07168464652876463, "LACOMERUBC": 0.06121418067555591, "GCARSOA1": 0.04569487257052011, "CETETRCISHRS": 0.036600085729249277, "VALUEGFO": 0.022731052298568186, "SORIANAB": 0.015816266432137578, "CYDSASAA": 0.015002494517055003, "CMOCTEZ": 0.014817009324533753, "AAL": 0.014566058312922493, "CHDRAUIB": 0.0012424793151712536}}