{"allocation": {"CORPTRCISHRS": 4841, "CMOCTEZ": 467, "M5TRACISHRS": 143, "SITESB-1": 590, "PSOTRAC15": 929, "LACOMERUBC": 304, "BACHOCOB": 61, "TWTR": 2, "DANHOS13": 3, "CYDSASAA": 3, "FRAGUAB": 1, "GCARSOA1": 1, "TLEVISACPO": 2}, "qty": {"CORPTRCISHRS": 44004.69073867798, "CMOCTEZ": 27646.400356292725, "M5TRACISHRS": 12575.420349121094, "SITESB-1": 8749.699954986574, "PSOTRAC15": 7116.13985824585, "LACOMERUBC": 7095.360046386719, "BACHOCOB": 4297.449813842773, "TWTR": 1280.0, "DANHOS13": 82.59000205993652, "CYDSASAA": 71.42999839782715, "FRAGUAB": 240.0, "GCARSOA1": 54.02999877929688, "TLEVISACPO": 73.66000366210938}, "pct": {"CORPTRCISHRS": 0.3884359264533818, "CMOCTEZ": 0.2440388730208423, "M5TRACISHRS": 0.11100509904409143, "SITESB-1": 0.07723489817000426, "PSOTRAC15": 0.06281522110959861, "LACOMERUBC": 0.06263179463084066, "BACHOCOB": 0.03793422637009267, "TWTR": 0.011298749690412344, "DANHOS13": 0.0007290341876608302, "CYDSASAA": 0.0006305231814715653, "FRAGUAB": 0.002118515566952314, "GCARSOA1": 0.00047693080623481245, "TLEVISACPO": 0.00065020776841643}}