{"allocation": {"MONEXB": 2014, "PYPL": 6, "CETETRCISHRS": 171, "SITESB-1": 1042, "FRAGUAB": 58, "FSHOP13": 1762, "CYDSASAA": 332, "TLEVISACPO": 1, "GCARSOA1": 1, "GICSAB": 8, "DANHOS13": 1, "MFRISCOA-1": 13, "PSOTRAC15": 3}, "qty": {"MONEXB": 25577.799615859985, "PYPL": 23996.759765625, "CETETRCISHRS": 18081.539634704586, "SITESB-1": 15181.939682006838, "FRAGUAB": 12586.0, "FSHOP13": 11012.5, "CYDSASAA": 6968.6799240112305, "TLEVISACPO": 24.1299991607666, "GCARSOA1": 44.81999969482422, "GICSAB": 30.31999969482422, "DANHOS13": 21.84000015258789, "MFRISCOA-1": 20.848814964294434, "PSOTRAC15": 20.03999948501587}, "pct": {"MONEXB": 0.2252216809874586, "PYPL": 0.21130005918550787, "CETETRCISHRS": 0.1592144286267841, "SITESB-1": 0.13368241315455381, "FRAGUAB": 0.11082423505853424, "FSHOP13": 0.09696900433673195, "CYDSASAA": 0.061361721114437405, "TLEVISACPO": 0.00021247327975171078, "GCARSOA1": 0.00039465614027511776, "GICSAB": 0.0002669784501155161, "DANHOS13": 0.0001923090187977772, "MFRISCOA-1": 0.00018358127842800354, "PSOTRAC15": 0.00017645936862389192}}