{"allocation": {"CMOCTEZ": 655, "JPM": 10, "MONEXB": 749, "AXTELCPO": 3184, "MFRISCOA-1": 358, "MEXTRAC09": 17}, "qty": {"CMOCTEZ": 47808.44860076904, "JPM": 19769.100341796875, "MONEXB": 13107.5, "AXTELCPO": 12863.359878540039, "MFRISCOA-1": 4274.519849777222, "MEXTRAC09": 513.4000129699707}, "pct": {"CMOCTEZ": 0.4861728034861973, "JPM": 0.20103557460797258, "MONEXB": 0.13329254991957265, "AXTELCPO": 0.13080984464953088, "MFRISCOA-1": 0.04346836928923399, "MEXTRAC09": 0.0052208580474925855}}