{"allocation": {"CETETRCISHRS": 629, "M5TRACISHRS": 249, "CMOCTEZ": 166, "JPM": 1, "MONEXB": 137, "AXTELCPO": 160, "GCARSOA1": 9}, "qty": {"CETETRCISHRS": 65214.72019195557, "M5TRACISHRS": 21506.130683898926, "CMOCTEZ": 12948.0, "JPM": 2158.010009765625, "MONEXB": 1624.8199529647827, "AXTELCPO": 596.8000030517578, "GCARSOA1": 558.629997253418}, "pct": {"CETETRCISHRS": 0.6234253070271253, "M5TRACISHRS": 0.20558956758705865, "CMOCTEZ": 0.12377743631541238, "JPM": 0.020629668408386398, "MONEXB": 0.01553259563269306, "AXTELCPO": 0.005705157118533894, "GCARSOA1": 0.005340267910790387}}