{"allocation": {"CETETRCISHRS": 647, "M5TRACISHRS": 197, "CMOCTEZ": 168, "JPM": 1, "MONEXB": 180, "AXTELCPO": 263, "TWTR": 1}, "qty": {"CETETRCISHRS": 67165.06842041017, "M5TRACISHRS": 16873.050300598145, "CMOCTEZ": 12435.359436035156, "JPM": 2231.0, "MONEXB": 2574.0000343322754, "AXTELCPO": 870.5299849510193, "TWTR": 707.010009765625}, "pct": {"CETETRCISHRS": 0.6530008608625281, "M5TRACISHRS": 0.16404533831039964, "CMOCTEZ": 0.1209006498145443, "JPM": 0.021690514948416145, "MONEXB": 0.025025273967686192, "AXTELCPO": 0.008463578508123966, "TWTR": 0.006873783588301719}}