{"allocation": {"CORPTRCISHRS": 5914, "NAFTRACISHRS": 215, "GCARSOA1": 119, "CMOCTEZ": 143, "GE": 1, "MONEXB": 283, "BACHOCOB": 51, "PSOTRAC15": 370, "TWTR": 3, "POCHTECB": 144, "AAL": 2, "MEXTRAC09": 7}, "qty": {"CORPTRCISHRS": 57247.52180480956, "NAFTRACISHRS": 9397.649803161621, "GCARSOA1": 7543.409927368164, "CMOCTEZ": 6578.0, "GE": 3076.800048828125, "MONEXB": 3477.6926832199097, "BACHOCOB": 3232.8899688720703, "PSOTRAC15": 2450.1400804519653, "TWTR": 2298.0, "POCHTECB": 2086.5599670410156, "AAL": 1940.0, "MEXTRAC09": 213.6400032043457}, "pct": {"CORPTRCISHRS": 0.5751074602390013, "NAFTRACISHRS": 0.09440860215643021, "GCARSOA1": 0.0757809454121366, "CMOCTEZ": 0.06608245657079818, "GE": 0.03090947181570604, "MONEXB": 0.03493683121092464, "BACHOCOB": 0.032477548033772834, "PSOTRAC15": 0.02461405829413788, "TWTR": 0.02308566208569386, "POCHTECB": 0.020961539739184253, "AAL": 0.019489201238575324, "MEXTRAC09": 0.0021462232036388506}}