{"allocation": {"CETETRCISHRS": 560, "MEXTRAC09": 774, "UDITRACISHRS": 71, "CMOCTEZ": 63, "VALUEGFO": 34, "MONEXB": 127, "AXTELCPO": 372, "FRAGUAB": 3, "LIVEPOLC-1": 3, "GCARSOA1": 4}, "qty": {"CETETRCISHRS": 58189.60205078125, "MEXTRAC09": 23374.800590515137, "UDITRACISHRS": 8120.270195007325, "CMOCTEZ": 4347.0, "VALUEGFO": 4080.0, "MONEXB": 1689.1000242233276, "AXTELCPO": 1182.9600248336792, "FRAGUAB": 795.0, "LIVEPOLC-1": 363.9000091552734, "GCARSOA1": 261.2799987792969}, "pct": {"CETETRCISHRS": 0.5682361191746131, "MEXTRAC09": 0.2282608147490579, "UDITRACISHRS": 0.07929648355789523, "CMOCTEZ": 0.0424495497992305, "VALUEGFO": 0.03984222755483331, "MONEXB": 0.016494487139210853, "AXTELCPO": 0.01155190257296439, "FRAGUAB": 0.0077633752220814915, "LIVEPOLC-1": 0.0035535752382280217, "GCARSOA1": 0.002551464991885127}}