{"allocation": {"CETETRCISHRS": 661, "CMOCTEZ": 241, "JPM": 2, "MONEXB": 341, "LIVEPOLC-1": 27, "VALUEGFO": 23, "AXTELCPO": 463, "MEXTRAC09": 5}, "qty": {"CETETRCISHRS": 68697.73020172119, "CMOCTEZ": 18834.150367736816, "JPM": 4410.0, "MONEXB": 4044.259882926941, "LIVEPOLC-1": 3631.7698516845703, "VALUEGFO": 2254.0, "AXTELCPO": 1768.6599690914154, "MEXTRAC09": 151.00000381469727}, "pct": {"CETETRCISHRS": 0.6618815961488599, "CMOCTEZ": 0.18146127202311774, "JPM": 0.04248899971579178, "MONEXB": 0.038965205672623786, "LIVEPOLC-1": 0.03499099052064555, "VALUEGFO": 0.02171659985473802, "AXTELCPO": 0.01704049726169103, "MEXTRAC09": 0.0014548388025322516}}