{"allocation": {"PSOTRAC15": 2429, "CMOCTEZ": 329, "GFINBURO": 364, "GE": 4, "FRAGUAB": 39, "LIVEPOLC-1": 42, "VALUEGFO": 66, "MONEXB": 530, "GCARSOA1": 64, "TWTR": 5, "DANHOS13": 81, "JPM": 3, "BACHOCOB": 32, "AAL": 1, "MEXTRAC09": 10}, "qty": {"PSOTRAC15": 16344.741222381592, "CMOCTEZ": 15134.0, "GFINBURO": 14021.280166625977, "GE": 12307.2001953125, "FRAGUAB": 8814.0, "LIVEPOLC-1": 7560.419769287109, "VALUEGFO": 6831.0, "MONEXB": 6512.993364334106, "GCARSOA1": 4056.9599609375, "TWTR": 3830.0, "DANHOS13": 2954.8799629211426, "JPM": 2790.0, "BACHOCOB": 2028.47998046875, "AAL": 728.1699829101562, "MEXTRAC09": 305.2000045776367}, "pct": {"PSOTRAC15": 0.15683023550175149, "CMOCTEZ": 0.14521299247206246, "GFINBURO": 0.13453627932370402, "GE": 0.1180894257508973, "FRAGUAB": 0.08457164765751014, "LIVEPOLC-1": 0.07254335793862304, "VALUEGFO": 0.06554446620699475, "MONEXB": 0.06249314499706894, "GCARSOA1": 0.038927137324373993, "TWTR": 0.03674942256957838, "DANHOS13": 0.0283525149868849, "JPM": 0.026770467093765973, "BACHOCOB": 0.019463568662186997, "AAL": 0.006986899844503394, "MEXTRAC09": 0.002928439670094211}}