{"allocation": {"PSOTRAC15": 9016, "GCARSOA1": 282, "SORIANAB": 217, "AAL": 7, "CMOCTEZ": 120, "MONEXB": 268, "POCHTECB": 153, "JPM": 2, "MEXTRAC09": 12}, "qty": {"PSOTRAC15": 57089.31000518799, "GCARSOA1": 17875.97982788086, "SORIANAB": 8432.620132446289, "AAL": 6917.820068359375, "CMOCTEZ": 5520.0, "MONEXB": 3293.3626823425293, "POCHTECB": 2216.969964981079, "JPM": 1860.0, "MEXTRAC09": 366.24000549316406}, "pct": {"PSOTRAC15": 0.5512024790825065, "GCARSOA1": 0.17259421065452343, "SORIANAB": 0.08141771413497649, "AAL": 0.0667921817793889, "CMOCTEZ": 0.05329610191923736, "MONEXB": 0.031797716154916736, "POCHTECB": 0.02140504659520284, "JPM": 0.017958469124960415, "MEXTRAC09": 0.0035360805542872685}}