{"allocation": {"CMOCTEZ": 625, "JPM": 11, "MONEXB": 837, "AXTELCPO": 2737, "BACHOCOB": 69, "MEXTRAC09": 13}, "qty": {"CMOCTEZ": 46243.74866485596, "JPM": 23258.619140625, "MONEXB": 13308.299680709837, "AXTELCPO": 10345.859921693802, "BACHOCOB": 6459.780189514161, "MEXTRAC09": 392.6000099182129}, "pct": {"CMOCTEZ": 0.4623962982020675, "JPM": 0.2325654753869477, "MONEXB": 0.13307114335219636, "AXTELCPO": 0.10344938435200812, "BACHOCOB": 0.06459204828912203, "MEXTRAC09": 0.003925650417658287}}