{"allocation": {"CORPTRCISHRS": 6943, "NAFTRACISHRS": 293, "GCARSOA1": 120, "BACHOCOB": 83, "MONEXB": 226, "AAL": 3, "TWTR": 2, "JPM": 2, "POCHTECB": 42, "PSOTRAC15": 81, "MEXTRAC09": 5}, "qty": {"CORPTRCISHRS": 67208.24211883543, "NAFTRACISHRS": 12807.029731750488, "GCARSOA1": 7606.7999267578125, "BACHOCOB": 5261.36994934082, "MONEXB": 2777.2386798858643, "AAL": 2406.0, "TWTR": 1532.0, "JPM": 1860.0, "POCHTECB": 608.5799903869629, "PSOTRAC15": 528.1199984550476, "MEXTRAC09": 152.60000228881836}, "pct": {"CORPTRCISHRS": 0.6541076706198603, "NAFTRACISHRS": 0.12464507508740305, "GCARSOA1": 0.07403357124212631, "BACHOCOB": 0.051206553442470694, "MONEXB": 0.02702961818943936, "AAL": 0.023416518657468705, "TWTR": 0.01491026873783959, "JPM": 0.01810254559554937, "POCHTECB": 0.005923036034687632, "PSOTRAC15": 0.005139955027932238, "MEXTRAC09": 0.0014851873652227273}}