{"allocation": {"UDITRACISHRS": 583, "JPM": 3, "MONEXB": 428, "CMOCTEZ": 84, "AXTELCPO": 983, "CYDSASAA": 122, "VALUEGFO": 25, "MEXTRAC09": 19, "BACHOCOB": 2}, "qty": {"UDITRACISHRS": 69213.76071166992, "JPM": 6579.0, "MONEXB": 6206.0, "CMOCTEZ": 6118.5596923828125, "AXTELCPO": 4315.369868755341, "CYDSASAA": 4026.0, "VALUEGFO": 2972.5000381469727, "MEXTRAC09": 573.8000144958496, "BACHOCOB": 183.32000732421875}, "pct": {"UDITRACISHRS": 0.6908366902463637, "JPM": 0.06566634349005263, "MONEXB": 0.06194335426345442, "CMOCTEZ": 0.06107059468375141, "AXTELCPO": 0.04307258855271493, "CYDSASAA": 0.04018432875679463, "VALUEGFO": 0.029669130343388608, "MEXTRAC09": 0.005727215206943553, "BACHOCOB": 0.001829754456536117}}