{"allocation": {"DLRTRAC15": 2132, "PSOTRAC15": 5312, "UDITRACISHRS": 61, "CORPTRCISHRS": 653, "CETETRCISHRS": 31, "DANHOS13": 60, "CMOCTEZ": 46, "MONEXB": 139, "AAL": 1, "GFINBURO": 25, "AUTLANB": 54, "AXTELCPO": 122, "BACHOCOB": 9, "GCARSOA1": 7, "VALUEGFO": 1, "MEXTRAC09": 2}, "qty": {"DLRTRAC15": 41957.760650634766, "PSOTRAC15": 32976.89697265625, "UDITRACISHRS": 7214.469795227051, "CORPTRCISHRS": 6321.040199279784, "CETETRCISHRS": 3193.0, "DANHOS13": 2188.7999725341797, "CMOCTEZ": 2116.0, "MONEXB": 1708.124674797058, "AAL": 860.0, "GFINBURO": 963.0000114440918, "AUTLANB": 781.1287021636963, "AXTELCPO": 594.139986038208, "BACHOCOB": 570.5099945068359, "GCARSOA1": 443.72999572753906, "VALUEGFO": 103.5, "MEXTRAC09": 61.040000915527344}, "pct": {"DLRTRAC15": 0.41113639675975877, "PSOTRAC15": 0.32313456169760035, "UDITRACISHRS": 0.07069326556389732, "CORPTRCISHRS": 0.06193871291046038, "CETETRCISHRS": 0.031287621038327496, "DANHOS13": 0.021447649254416237, "CMOCTEZ": 0.0207342956834015, "MONEXB": 0.01673760022275814, "AAL": 0.008426982177563935, "GFINBURO": 0.009436260387713055, "AUTLANB": 0.00765413680408967, "AXTELCPO": 0.005821868689909377, "BACHOCOB": 0.00559032273933861, "GCARSOA1": 0.004348028797263364, "VALUEGFO": 0.0010141775062533342, "MEXTRAC09": 0.0005981197672484131}}