{"allocation": {"CMOCTEZ": 379, "GE": 4, "GFINBURO": 316, "PSOTRAC15": 1866, "LIVEPOLC-1": 47, "FRAGUAB": 31, "MONEXB": 566, "VALUEGFO": 66, "DANHOS13": 166, "GCARSOA1": 70, "JPM": 4, "TWTR": 4, "POCHTECB": 45, "MEXTRAC09": 19, "AAL": 1}, "qty": {"CMOCTEZ": 17434.0, "GE": 12307.2001953125, "GFINBURO": 12172.32014465332, "PSOTRAC15": 11742.738412857056, "LIVEPOLC-1": 8460.469741821289, "FRAGUAB": 7006.0, "MONEXB": 6955.385366439819, "VALUEGFO": 6831.0, "DANHOS13": 6055.6799240112305, "GCARSOA1": 4437.299957275391, "JPM": 3720.0, "TWTR": 3064.0, "POCHTECB": 652.0499897003174, "MEXTRAC09": 579.8800086975098, "AAL": 745.0}, "pct": {"CMOCTEZ": 0.17064882539339832, "GE": 0.12046628755371576, "GFINBURO": 0.11914604422378625, "PSOTRAC15": 0.11494117913594099, "LIVEPOLC-1": 0.08281342340932608, "FRAGUAB": 0.06857667033991904, "MONEXB": 0.06808124027425642, "VALUEGFO": 0.066863721823007, "DANHOS13": 0.0592746739698807, "GCARSOA1": 0.04343352217662166, "JPM": 0.036412391330930466, "TWTR": 0.02999128146182015, "POCHTECB": 0.006382446073198155, "MEXTRAC09": 0.005676026290773411, "AAL": 0.0072922665434255905}}