{"allocation": {"CETETRCISHRS": 551, "MEXTRAC09": 889, "UDITRACISHRS": 69, "VALUEGFO": 35, "CMOCTEZ": 55, "AXTELCPO": 508, "MONEXB": 75}, "qty": {"CETETRCISHRS": 57507.87151336671, "MEXTRAC09": 26847.800678253174, "UDITRACISHRS": 8253.090042114258, "VALUEGFO": 3815.0, "CMOCTEZ": 3674.0001678466797, "AXTELCPO": 1508.7600145339964, "MONEXB": 1057.5000286102297}, "pct": {"CETETRCISHRS": 0.5601560326971341, "MEXTRAC09": 0.2615112873909475, "UDITRACISHRS": 0.08038931112949305, "VALUEGFO": 0.03716004798130738, "CMOCTEZ": 0.035786637620056086, "AXTELCPO": 0.01469609293115631, "MONEXB": 0.010300590249905652}}