{"allocation": {"DLRTRAC15": 2436, "PSOTRAC15": 5717, "CYDSASAA": 234, "CMOCTEZ": 93, "PYPL": 1, "CETETRCISHRS": 13, "LIVEPOL1": 10, "MONEXB": 70}, "qty": {"DLRTRAC15": 46040.39907073975, "PSOTRAC15": 42728.857869148254, "CYDSASAA": 5604.300178527832, "CMOCTEZ": 5552.100070953369, "PYPL": 2118.0, "CETETRCISHRS": 1366.1699523925781, "LIVEPOL1": 1035.0, "MONEXB": 840.0}, "pct": {"DLRTRAC15": 0.4372937708179756, "PSOTRAC15": 0.4058406042839921, "CYDSASAA": 0.053229893904673156, "CMOCTEZ": 0.05273409494682164, "PYPL": 0.020116858786767045, "CETETRCISHRS": 0.012975943347972498, "LIVEPOL1": 0.009830476319312508, "MONEXB": 0.007978357592485514}}