{"allocation": {"PSOTRAC15": 4374, "JPM": 10, "CORPTRCISHRS": 2201, "CHDRAUIB": 520, "VALUEGFO": 61, "GFINBURO": 224, "TWTR": 5, "CMOCTEZ": 25}, "qty": {"PSOTRAC15": 31239.108867645264, "JPM": 20875.0, "CORPTRCISHRS": 18796.539916038513, "CHDRAUIB": 17180.80047607422, "VALUEGFO": 6893.0, "GFINBURO": 5824.0, "TWTR": 3572.8500366210938, "CMOCTEZ": 1481.25}, "pct": {"PSOTRAC15": 0.2950912204105948, "JPM": 0.1971896590318934, "CORPTRCISHRS": 0.17755608608493456, "CHDRAUIB": 0.1622934700729134, "VALUEGFO": 0.06511273387817204, "GFINBURO": 0.05501473409349687, "TWTR": 0.033749896071540185, "CMOCTEZ": 0.013992200356454711}}