{"allocation": {"CETETRCISHRS": 752, "DLRTRAC15": 459, "CORPTRCISHRS": 659, "GFINBURO": 192, "PYPL": 1, "AXTELCPO": 904, "TWTR": 4, "LIVEPOL1": 5}, "qty": {"CETETRCISHRS": 79809.7579345703, "DLRTRAC15": 8721.0, "CORPTRCISHRS": 5812.37979888916, "GFINBURO": 4588.799926757813, "PYPL": 1996.0, "AXTELCPO": 2639.6800689697266, "TWTR": 2299.080078125, "LIVEPOL1": 560.0}, "pct": {"CETETRCISHRS": 0.7499035446826295, "DLRTRAC15": 0.08194372445708663, "CORPTRCISHRS": 0.05461392600391124, "GFINBURO": 0.043116999975569496, "PYPL": 0.018754692583000217, "AXTELCPO": 0.02480279970490984, "TWTR": 0.021602474994456163, "LIVEPOL1": 0.0052618375984369355}}