{"allocation": {"PSOTRAC15": 6407, "DLRTRAC15": 2062, "PYPL": 4, "CYDSASAA": 151, "CMOCTEZ": 62, "CETETRCISHRS": 24, "NAFTRACISHRS": 37}, "qty": {"PSOTRAC15": 47270.84460687637, "DLRTRAC15": 40209.0, "PYPL": 8176.0, "CYDSASAA": 3865.6000576019287, "CMOCTEZ": 3596.0, "CETETRCISHRS": 2526.0, "NAFTRACISHRS": 1589.8900451660156}, "pct": {"PSOTRAC15": 0.4408222940643563, "DLRTRAC15": 0.37496735608263887, "PYPL": 0.07624494773139485, "CYDSASAA": 0.036048492458700586, "CMOCTEZ": 0.033534348341743625, "CETETRCISHRS": 0.02355610787298231, "NAFTRACISHRS": 0.014826453448183447}}