{"allocation": {"CETETRCISHRS": 518, "MEXTRAC09": 895, "UDITRACISHRS": 96, "CMOCTEZ": 48, "VALUEGFO": 28, "MONEXB": 146, "LIVEPOLC-1": 13, "AXTELCPO": 270}, "qty": {"CETETRCISHRS": 54022.220474243164, "MEXTRAC09": 27029.00068283081, "UDITRACISHRS": 11225.280029296875, "CMOCTEZ": 3120.0, "VALUEGFO": 3052.0, "MONEXB": 2044.0, "LIVEPOLC-1": 1627.8600158691406, "AXTELCPO": 804.6000051498413}, "pct": {"CETETRCISHRS": 0.5248699619656934, "MEXTRAC09": 0.26260880126414055, "UDITRACISHRS": 0.10906275696017381, "CMOCTEZ": 0.03031334637778799, "VALUEGFO": 0.02965267087981056, "MONEXB": 0.019859128203909823, "LIVEPOLC-1": 0.015815988626792538, "AXTELCPO": 0.00781734572169139}}