{"allocation": {"CETETRCISHRS": 489, "MEXTRAC09": 967, "UDITRACISHRS": 153, "JPM": 1, "AXTELCPO": 565, "VALUEGFO": 13, "GFINBURO": 3}, "qty": {"CETETRCISHRS": 50948.91119384765, "MEXTRAC09": 29203.40073776245, "UDITRACISHRS": 17930.070373535153, "JPM": 2015.0, "AXTELCPO": 1570.6999838352203, "VALUEGFO": 1332.5, "GFINBURO": 86.28000068664552}, "pct": {"CETETRCISHRS": 0.4942328252331965, "MEXTRAC09": 0.28328925809869804, "UDITRACISHRS": 0.17393167252634836, "JPM": 0.019546622675719685, "AXTELCPO": 0.015236664973094819, "VALUEGFO": 0.012925992414588824, "GFINBURO": 0.000836964078353695}}