{"allocation": {"CETETRCISHRS": 617, "UDITRACISHRS": 132, "PSOTRAC15": 1098, "PYPL": 3, "JPM": 2, "FRAGUAB": 12, "VALUEGFO": 11, "AAL": 2, "GFAMSAA": 85}, "qty": {"CETETRCISHRS": 65235.41207122803, "UDITRACISHRS": 17047.799194335938, "PSOTRAC15": 8311.860188484192, "PYPL": 6329.400146484375, "JPM": 5162.10009765625, "FRAGUAB": 2640.1199340820317, "VALUEGFO": 1020.25, "AAL": 1125.760009765625, "GFAMSAA": 441.9999837875366}, "pct": {"CETETRCISHRS": 0.6078888640876575, "UDITRACISHRS": 0.15885800301413308, "PSOTRAC15": 0.07745313608069562, "PYPL": 0.058979804729394895, "JPM": 0.0481024502649696, "FRAGUAB": 0.024601661227064524, "VALUEGFO": 0.009507085092192898, "AAL": 0.010490268273687531, "GFAMSAA": 0.004118727230204354}}