{"allocation": {"DLRTRAC15": 2417, "PSOTRAC15": 5468, "NAFTRACISHRS": 137, "CETETRCISHRS": 47, "CYDSASAA": 155, "LIVEPOLC-1": 16, "VALUEGFO": 7, "GFAMSAA": 118, "GFINBURO": 28, "CORPTRCISHRS": 7}, "qty": {"DLRTRAC15": 46333.890184402466, "PSOTRAC15": 38675.163749694824, "NAFTRACISHRS": 5925.25, "CETETRCISHRS": 4914.789985656738, "CYDSASAA": 4650.0, "LIVEPOLC-1": 1969.5999755859375, "VALUEGFO": 805.0, "GFAMSAA": 803.5799932479858, "GFINBURO": 752.9199829101564, "CORPTRCISHRS": 59.5}, "pct": {"DLRTRAC15": 0.44173920691547436, "PSOTRAC15": 0.36872224831808864, "NAFTRACISHRS": 0.0564902973905054, "CETETRCISHRS": 0.04685674830625323, "CYDSASAA": 0.04433228688508504, "LIVEPOLC-1": 0.0187778217562435, "VALUEGFO": 0.007674729234944829, "GFAMSAA": 0.007661191138878367, "GFINBURO": 0.007178207458900296, "CORPTRCISHRS": 0.000567262595626357}}