{"allocation": {"DLRTRAC15": 2142, "PSOTRAC15": 4076, "CETETRCISHRS": 113, "UDITRACISHRS": 72, "GCARSOA1": 50, "CORPTRCISHRS": 430, "NAFTRACISHRS": 52, "GFAMSAA": 170, "GFINBURO": 36, "LIVEPOL1": 7, "AAL": 2, "VALUEGFO": 5, "LIVEPOLC-1": 3}, "qty": {"DLRTRAC15": 40162.5, "PSOTRAC15": 29873.003984451294, "CETETRCISHRS": 11852.569931030273, "UDITRACISHRS": 8795.520263671875, "GCARSOA1": 3675.5001068115234, "CORPTRCISHRS": 3633.499917984009, "NAFTRACISHRS": 2321.800079345703, "GFAMSAA": 1105.0, "GFINBURO": 1044.7200164794922, "LIVEPOL1": 875.0, "AAL": 1286.800048828125, "VALUEGFO": 565.0, "LIVEPOLC-1": 368.1600036621094}, "pct": {"DLRTRAC15": 0.380474158630574, "PSOTRAC15": 0.2829979721569098, "CETETRCISHRS": 0.11228376152178733, "UDITRACISHRS": 0.08332320378558906, "GCARSOA1": 0.034819366590369105, "CORPTRCISHRS": 0.03442148332845877, "NAFTRACISHRS": 0.021995267518143947, "GFAMSAA": 0.010468072089306796, "GFINBURO": 0.009897017597872497, "LIVEPOL1": 0.008289197355785925, "AAL": 0.012190330928195764, "VALUEGFO": 0.005352453149736054, "LIVEPOLC-1": 0.0034877153472709643}}