{"allocation": {"PSOTRAC15": 6530, "DLRTRAC15": 2018, "PYPL": 3, "CYDSASAA": 156, "CMOCTEZ": 63, "CETETRCISHRS": 24, "NAFTRACISHRS": 37}, "qty": {"PSOTRAC15": 47002.93970108032, "DLRTRAC15": 39976.57892227173, "PYPL": 6567.0, "CYDSASAA": 3822.0, "CMOCTEZ": 3559.5, "CETETRCISHRS": 2518.5600585937495, "NAFTRACISHRS": 1578.419994354248}, "pct": {"PSOTRAC15": 0.4475404931539124, "DLRTRAC15": 0.38063869960602864, "PYPL": 0.06252797031914564, "CYDSASAA": 0.03639133585499842, "CMOCTEZ": 0.03389193091990238, "CETETRCISHRS": 0.02398057691346668, "NAFTRACISHRS": 0.015028993232545829}}