{"allocation": {"DLRTRAC15": 2219, "PSOTRAC15": 4935, "CORPTRCISHRS": 1774, "CETETRCISHRS": 60, "GFINBURO": 110, "NAFTRACISHRS": 63, "LIVEPOL1": 12, "MONEXB": 8}, "qty": {"DLRTRAC15": 42072.237968444824, "PSOTRAC15": 35531.99905872345, "CORPTRCISHRS": 15167.700338363647, "CETETRCISHRS": 6286.7999267578125, "GFINBURO": 3053.6000251770024, "NAFTRACISHRS": 2716.5599327087402, "LIVEPOL1": 1284.0, "MONEXB": 98.4000015258789}, "pct": {"DLRTRAC15": 0.3961182949186781, "PSOTRAC15": 0.3345406748447777, "CORPTRCISHRS": 0.1428068457013473, "CETETRCISHRS": 0.059191442807249084, "GFINBURO": 0.02875023753773131, "NAFTRACISHRS": 0.025576939581775277, "LIVEPOL1": 0.012089109475399352, "MONEXB": 0.0009264551330419107}}