{"allocation": {"M5TRACISHRS": 962, "FRAGUAB": 30, "JPM": 3, "CMOCTEZ": 13}, "qty": {"M5TRACISHRS": 84925.3588256836, "FRAGUAB": 7200.0, "JPM": 6376.94970703125, "CMOCTEZ": 724.6200218200684}, "pct": {"M5TRACISHRS": 0.8558700754201899, "FRAGUAB": 0.07256094796930951, "JPM": 0.06426632165205529, "CMOCTEZ": 0.0073026549584452646}}