{"allocation": {"CETETRCISHRS": 796, "PYPL": 2, "JPM": 2, "PSOTRAC15": 492, "TWTR": 4, "CMOCTEZ": 19}, "qty": {"CETETRCISHRS": 84169.03829956053, "PYPL": 7998.919921875, "JPM": 4329.0, "PSOTRAC15": 3286.5599155426025, "TWTR": 2734.840087890625, "CMOCTEZ": 919.6000289916992}, "pct": {"CETETRCISHRS": 0.813715194309911, "PYPL": 0.07733060529137492, "JPM": 0.04185117410550237, "PSOTRAC15": 0.03177324814819557, "TWTR": 0.026439424501967648, "CMOCTEZ": 0.008890353643048425}}