{"allocation": {"CETETRCISHRS": 774, "PYPL": 2, "PSOTRAC15": 686, "JPM": 2, "TWTR": 3, "CMOCTEZ": 21}, "qty": {"CETETRCISHRS": 81842.7583465576, "PYPL": 8949.83984375, "PSOTRAC15": 4873.344062805176, "JPM": 4387.740234375, "TWTR": 2674.7400512695312, "CMOCTEZ": 970.2000160217285}, "pct": {"CETETRCISHRS": 0.7892366969804635, "PYPL": 0.08630625579449935, "PSOTRAC15": 0.04699526322281494, "JPM": 0.042312425433203474, "TWTR": 0.025793400002556387, "CMOCTEZ": 0.009355958566462328}}