{"allocation": {"M5TRACISHRS": 443, "PSOTRAC15": 3712, "CORPTRCISHRS": 2242, "FRAGUAB": 46, "TWTR": 9, "JPM": 2}, "qty": {"M5TRACISHRS": 38957.42108154297, "PSOTRAC15": 28433.91943359375, "CORPTRCISHRS": 20379.78034210205, "FRAGUAB": 11040.0, "TWTR": 5760.0, "JPM": 4491.7001953125}, "pct": {"M5TRACISHRS": 0.35720166327598996, "PSOTRAC15": 0.26071138779633285, "CORPTRCISHRS": 0.18686276538071736, "FRAGUAB": 0.10122606304746548, "TWTR": 0.05281359811172112, "JPM": 0.0411845223877732}}