{"allocation": {"CETETRCISHRS": 688, "LACOMERUBC": 267, "DLRTRAC15": 397, "CORPTRCISHRS": 645, "PYPL": 1, "GCARSOA1": 37, "TWTR": 1, "GFAMSAA": 4122, "AXTELCPO": 86}, "qty": {"CETETRCISHRS": 72749.11853027342, "LACOMERUBC": 9336.990325927734, "DLRTRAC15": 8587.10966682434, "CORPTRCISHRS": 5314.799852371216, "PYPL": 4345.85986328125, "GCARSOA1": 1680.910011291504, "TWTR": 988.1500244140624, "GFAMSAA": 1236.600049138069, "AXTELCPO": 604.5800180435181}, "pct": {"CETETRCISHRS": 0.693878871614606, "LACOMERUBC": 0.08905592868366097, "DLRTRAC15": 0.08190358984992302, "CORPTRCISHRS": 0.05069239873863463, "PYPL": 0.041450678703054605, "GCARSOA1": 0.016032468371905917, "TWTR": 0.009424944766046198, "GFAMSAA": 0.011794653517037805, "AXTELCPO": 0.005766465755130817}}