{"allocation": {"CETETRCISHRS": 765, "PYPL": 2, "PSOTRAC15": 1118, "CMOCTEZ": 51, "AXTELCPO": 673, "DANHOS13": 8}, "qty": {"CETETRCISHRS": 81242.99766540529, "PYPL": 6879.7998046875, "PSOTRAC15": 7647.120170593262, "CMOCTEZ": 2652.0, "AXTELCPO": 2342.0400128364563, "DANHOS13": 163.9199981689453}, "pct": {"CETETRCISHRS": 0.804960924134163, "PYPL": 0.06816550555467071, "PSOTRAC15": 0.075768165828117, "CMOCTEZ": 0.026276189113499656, "AXTELCPO": 0.023205085327554255, "DANHOS13": 0.001624130041995371}}