{"allocation": {"CETETRCISHRS": 691, "LACOMERUBC": 242, "DLRTRAC15": 411, "CORPTRCISHRS": 656, "PYPL": 1, "GCARSOA1": 44, "TWTR": 2, "GFAMSAA": 3223, "AXTELCPO": 85}, "qty": {"CETETRCISHRS": 73066.33852386473, "LACOMERUBC": 9377.5, "DLRTRAC15": 8532.770868301392, "CORPTRCISHRS": 5405.439849853516, "PYPL": 3930.6201171875, "GCARSOA1": 1728.3199462890627, "TWTR": 1751.47998046875, "GFAMSAA": 1224.7399846315384, "AXTELCPO": 672.3499870300293}, "pct": {"CETETRCISHRS": 0.6913297683999216, "LACOMERUBC": 0.08872683419127157, "DLRTRAC15": 0.0807342837668771, "CORPTRCISHRS": 0.051144501763673134, "PYPL": 0.03719024040592608, "GCARSOA1": 0.016352797366447035, "TWTR": 0.01657193002574059, "GFAMSAA": 0.01158808867436129, "AXTELCPO": 0.006361555405781605}}