{"allocation": {"FRAGUAB": 137, "CORPTRCISHRS": 3004, "LACOMERUBC": 899, "MONEXB": 810, "PSOTRAC15": 1320, "BACHOCOB": 35}, "qty": {"FRAGUAB": 31236.0, "CORPTRCISHRS": 25293.68022918701, "LACOMERUBC": 22654.80068588257, "MONEXB": 10408.50030899048, "PSOTRAC15": 8342.400226593018, "BACHOCOB": 2447.5500106811523}, "pct": {"FRAGUAB": 0.31116843815257145, "CORPTRCISHRS": 0.25197192252678635, "LACOMERUBC": 0.22568379261377525, "MONEXB": 0.10368794931038305, "PSOTRAC15": 0.08310576414882212, "BACHOCOB": 0.024382133247661794}}