{"allocation": {"CETETRCISHRS": 624, "UDITRACISHRS": 132, "PSOTRAC15": 1070, "PYPL": 3, "JPM": 2, "FRAGUAB": 11, "VALUEGFO": 9, "AAL": 2, "GFAMSAA": 106}, "qty": {"CETETRCISHRS": 66100.32019042969, "UDITRACISHRS": 17239.200805664062, "PSOTRAC15": 8421.969799995422, "PYPL": 6135.0, "JPM": 5256.0, "FRAGUAB": 2695.0, "VALUEGFO": 1125.0, "AAL": 1068.0, "GFAMSAA": 447.31997776031494}, "pct": {"CETETRCISHRS": 0.6092879902261138, "UDITRACISHRS": 0.1589044951934775, "PSOTRAC15": 0.07763056273254157, "PYPL": 0.05655013181885329, "JPM": 0.04844783909370707, "FRAGUAB": 0.024841500448542723, "VALUEGFO": 0.010369828573139355, "AAL": 0.009844423925433629, "GFAMSAA": 0.004123227988191089}}