{"allocation": {"DLRTRAC15": 2706, "GFINBURO": 880, "LACOMERUBC": 646, "CMOCTEZ": 176, "FSHOP13": 652, "TWTR": 7, "JPM": 1}, "qty": {"DLRTRAC15": 50629.25752258301, "GFINBURO": 18853.99932861328, "LACOMERUBC": 15348.960147857668, "CMOCTEZ": 10146.400268554688, "FSHOP13": 6617.799751281737, "TWTR": 4292.6448974609375, "JPM": 2498.4951171875}, "pct": {"DLRTRAC15": 0.4671131900031346, "GFINBURO": 0.17394985037608338, "LACOMERUBC": 0.14161182858940324, "CMOCTEZ": 0.09361222400662693, "FSHOP13": 0.06105682176445737, "TWTR": 0.03960459129208573, "JPM": 0.02305149396820873}}