{"allocation": {"PSOTRAC15": 6275, "DLRTRAC15": 1959, "CYDSASAA": 292, "CMOCTEZ": 102, "CORPTRCISHRS": 281, "GCARSOA1": 28, "SITESB-1": 51, "MONEXB": 51, "LIVEPOL1": 4, "FSHOP13": 20}, "qty": {"PSOTRAC15": 43579.87607717514, "DLRTRAC15": 42804.150747299194, "CYDSASAA": 5664.799888610841, "CMOCTEZ": 4794.0, "CORPTRCISHRS": 2315.439935684204, "GCARSOA1": 1230.3199615478513, "SITESB-1": 848.6399688720703, "MONEXB": 647.699990272522, "LIVEPOL1": 232.0, "FSHOP13": 110.39999961853027}, "pct": {"PSOTRAC15": 0.42630358769801086, "DLRTRAC15": 0.41871534925032194, "CYDSASAA": 0.05541375362861357, "CMOCTEZ": 0.046895484415905596, "CORPTRCISHRS": 0.022649911852282864, "GCARSOA1": 0.01203513779377239, "SITESB-1": 0.008301498213382308, "MONEXB": 0.006335879182312737, "LIVEPOL1": 0.0022694518949708175, "FSHOP13": 0.0010799460704269443}}