{"allocation": {"NAFTRACISHRS": 1044, "CMOCTEZ": 227, "JPM": 8, "VALUEGFO": 79, "MONEXB": 258, "GCARSOA1": 61, "MFRISCOA-1": 131, "AXTELCPO": 287}, "qty": {"NAFTRACISHRS": 49172.398406982415, "CMOCTEZ": 16568.729515075684, "JPM": 15815.2802734375, "VALUEGFO": 7584.0, "MONEXB": 4515.0, "GCARSOA1": 3620.3499069213863, "MFRISCOA-1": 1564.1399450302124, "AXTELCPO": 1159.4799890518188}, "pct": {"NAFTRACISHRS": 0.4917270424325525, "CMOCTEZ": 0.16568832567166789, "JPM": 0.15815378639320177, "VALUEGFO": 0.07584047170005294, "MONEXB": 0.04515028081826728, "GCARSOA1": 0.03620372424316465, "MFRISCOA-1": 0.01564149673470282, "AXTELCPO": 0.011594872006390053}}