{"allocation": {"PSOTRAC15": 5808, "GE": 5, "FRAGUAB": 66, "DANHOS13": 229, "BACHOCOB": 103, "MONEXB": 470, "AAL": 5, "TWTR": 4, "LIVEPOLC-1": 17, "VALUEGFO": 25, "POCHTECB": 124, "GCARSOA1": 24, "JPM": 2, "MEXTRAC09": 11}, "qty": {"PSOTRAC15": 36549.74528503418, "GE": 15384.000244140625, "FRAGUAB": 14916.0, "DANHOS13": 8353.91989517212, "BACHOCOB": 6529.169937133789, "MONEXB": 5775.673360824585, "AAL": 3725.0, "TWTR": 3064.0, "LIVEPOLC-1": 3060.169906616211, "VALUEGFO": 2587.5, "POCHTECB": 1796.7599716186523, "GCARSOA1": 1521.3599853515625, "JPM": 1860.0, "MEXTRAC09": 335.7200050354004}, "pct": {"PSOTRAC15": 0.3465777111657915, "GE": 0.14587657319109687, "FRAGUAB": 0.1414388280803066, "DANHOS13": 0.07921484579310152, "BACHOCOB": 0.06191191634790643, "MONEXB": 0.05476699326425819, "AAL": 0.03532177759447185, "TWTR": 0.029053940013278323, "LIVEPOLC-1": 0.029017621702763355, "VALUEGFO": 0.024535597188106287, "POCHTECB": 0.017037518418298953, "GCARSOA1": 0.014426077595628682, "JPM": 0.017637182906232923, "MEXTRAC09": 0.003183416738758492}}