{"allocation": {"UDITRACISHRS": 618, "JPM": 3, "AXTELCPO": 1058, "VALUEGFO": 31, "MONEXB": 229, "POCHTECB": 450, "FRAGUAB": 11, "BACHOCOB": 25, "CMOCTEZ": 28, "GE": 1, "TWTR": 2, "SORIANAB": 8, "MEXTRAC09": 6, "GCARSOA1": 2}, "qty": {"UDITRACISHRS": 73368.96075439453, "JPM": 6579.0, "AXTELCPO": 4644.61985874176, "VALUEGFO": 3685.900047302246, "MONEXB": 3320.5, "POCHTECB": 3150.0, "FRAGUAB": 2684.0, "BACHOCOB": 2291.5000915527344, "CMOCTEZ": 2039.5198974609375, "GE": 2134.080078125, "TWTR": 1204.47998046875, "SORIANAB": 304.0, "MEXTRAC09": 181.20000457763672, "GCARSOA1": 132.3800048828125}, "pct": {"UDITRACISHRS": 0.6939922729619032, "JPM": 0.062230337146255525, "AXTELCPO": 0.0439331600130253, "VALUEGFO": 0.034864691082386066, "MONEXB": 0.031408395575944895, "POCHTECB": 0.02979564706045066, "FRAGUAB": 0.025387783082618912, "BACHOCOB": 0.021675151735522428, "CMOCTEZ": 0.019291687313496068, "GE": 0.020186125970333802, "TWTR": 0.011393098536325518, "SORIANAB": 0.0028755164147228575, "MEXTRAC09": 0.0017139591694435897, "GCARSOA1": 0.0012521739375711163}}