{"allocation": {"CORPTRCISHRS": 7947, "PSOTRAC15": 1428, "GCARSOA1": 84, "JPM": 6, "CMOCTEZ": 70, "AAL": 3, "MONEXB": 148, "TWTR": 1, "FRAGUAB": 2, "MEXTRAC09": 1}, "qty": {"CORPTRCISHRS": 76926.96242523192, "PSOTRAC15": 9310.559972763062, "GCARSOA1": 5324.759948730469, "JPM": 5580.0, "CMOCTEZ": 3220.0, "AAL": 2406.0, "MONEXB": 1818.7226753234863, "TWTR": 766.0, "FRAGUAB": 452.0, "MEXTRAC09": 30.520000457763672}, "pct": {"CORPTRCISHRS": 0.7268538839758468, "PSOTRAC15": 0.0879719732177178, "GCARSOA1": 0.05031165053131375, "JPM": 0.05272331760827352, "CMOCTEZ": 0.0304245667918711, "AAL": 0.02273338748485772, "MONEXB": 0.017184425314058976, "TWTR": 0.007237645392103497, "FRAGUAB": 0.004270777698734701, "MEXTRAC09": 0.00028837198522210165}}