{"allocation": {"FRAGUAB": 101, "BACHOCOB": 159, "POCHTECB": 1908, "GCARSOA1": 188, "JPM": 5, "CMOCTEZ": 152, "MONEXB": 523, "VALUEGFO": 62, "AXTELCPO": 349}, "qty": {"FRAGUAB": 24240.0, "BACHOCOB": 14885.580436706545, "POCHTECB": 13356.0, "GCARSOA1": 12206.840057373047, "JPM": 10572.099609375, "CMOCTEZ": 11246.479675292969, "MONEXB": 8315.699800491331, "VALUEGFO": 5952.0, "AXTELCPO": 1319.21999001503}, "pct": {"FRAGUAB": 0.237428439443518, "BACHOCOB": 0.14580281077962853, "POCHTECB": 0.13082071935675024, "GCARSOA1": 0.11956480962700933, "JPM": 0.10355268613429588, "CMOCTEZ": 0.11015817320701536, "MONEXB": 0.08145146974057056, "VALUEGFO": 0.05829926037821036, "AXTELCPO": 0.01292163133300173}}