{"allocation": {"CETETRCISHRS": 708, "UDITRACISHRS": 142, "CORPTRCISHRS": 1047, "MEXTRAC09": 108, "JPM": 1, "VALUEGFO": 11, "AXTELCPO": 211, "MONEXB": 38, "GCARSOA1": 5}, "qty": {"CETETRCISHRS": 73568.28259277344, "UDITRACISHRS": 16240.54039001465, "CORPTRCISHRS": 8585.399800300598, "MEXTRAC09": 3261.600082397461, "JPM": 2214.14990234375, "VALUEGFO": 1320.0, "AXTELCPO": 670.9800140857697, "MONEXB": 505.4000072479248, "GCARSOA1": 326.5999984741211}, "pct": {"CETETRCISHRS": 0.6895327261136374, "UDITRACISHRS": 0.15221755482145027, "CORPTRCISHRS": 0.08046829313449623, "MEXTRAC09": 0.030569967342542005, "JPM": 0.020752541236259598, "VALUEGFO": 0.012371951150581949, "AXTELCPO": 0.006288887846428735, "MONEXB": 0.004736957728162947, "GCARSOA1": 0.0030611206264408827}}