{"allocation": {"CETETRCISHRS": 298, "DLRTRAC15": 1353, "PSOTRAC15": 3248, "UDITRACISHRS": 111, "CORPTRCISHRS": 733, "DANHOS13": 65, "AXTELCPO": 261, "CMOCTEZ": 25, "MONEXB": 77, "AAL": 1, "BACHOCOB": 9, "VALUEGFO": 3, "MEXTRAC09": 3}, "qty": {"CETETRCISHRS": 30694.0, "DLRTRAC15": 26627.040412902832, "PSOTRAC15": 20163.584594726562, "UDITRACISHRS": 13127.969627380371, "CORPTRCISHRS": 7095.440223693847, "DANHOS13": 2371.1999702453613, "AXTELCPO": 1271.0699701309204, "CMOCTEZ": 1150.0, "MONEXB": 946.2273378372192, "AAL": 860.0, "BACHOCOB": 570.5099945068359, "VALUEGFO": 310.5, "MEXTRAC09": 91.56000137329102}, "pct": {"CETETRCISHRS": 0.29154883902109197, "DLRTRAC15": 0.25291857427997383, "PSOTRAC15": 0.19152504330149553, "UDITRACISHRS": 0.12469682359962547, "CORPTRCISHRS": 0.06739647356361171, "DANHOS13": 0.02252298815442376, "AXTELCPO": 0.012073335964887074, "CMOCTEZ": 0.010923345438009244, "MONEXB": 0.008987798325290279, "AAL": 0.008168762675380825, "BACHOCOB": 0.005419024126812978, "VALUEGFO": 0.002949303268262496, "MEXTRAC09": 0.0008696882811348335}}