{"allocation": {"CETETRCISHRS": 711, "M5TRACISHRS": 169, "CORPTRCISHRS": 1543, "JPM": 1, "GCARSOA1": 23, "TWTR": 2, "CMOCTEZ": 6, "MONEXB": 40, "MEXTRAC09": 7}, "qty": {"CETETRCISHRS": 73716.48021697998, "M5TRACISHRS": 14596.530464172363, "CORPTRCISHRS": 13578.400294303894, "JPM": 2158.010009765625, "GCARSOA1": 1427.609992980957, "TWTR": 1066.4000244140625, "CMOCTEZ": 468.0, "MONEXB": 474.39998626708984, "MEXTRAC09": 211.40000534057617}, "pct": {"CETETRCISHRS": 0.6844788815501965, "M5TRACISHRS": 0.13553301537488116, "CORPTRCISHRS": 0.12607938169767854, "JPM": 0.020037748323179748, "GCARSOA1": 0.013255772500385968, "TWTR": 0.009901833265065562, "CMOCTEZ": 0.004345515624492679, "MONEXB": 0.004404941351672545, "MEXTRAC09": 0.0019629103124472426}}