{"allocation": {"CETETRCISHRS": 803, "CORPTRCISHRS": 2057, "JPM": 1, "GCARSOA1": 30, "TWTR": 1, "VALUEGFO": 6, "MONEXB": 18, "MEXTRAC09": 4, "CMOCTEZ": 2}, "qty": {"CETETRCISHRS": 83455.79024505615, "CORPTRCISHRS": 18060.45945072174, "JPM": 2205.0, "GCARSOA1": 2120.9999084472656, "TWTR": 669.02001953125, "VALUEGFO": 588.0, "MONEXB": 213.47999382019043, "MEXTRAC09": 120.80000305175781, "CMOCTEZ": 156.3000030517578}, "pct": {"CETETRCISHRS": 0.775684607209339, "CORPTRCISHRS": 0.16786397149816912, "JPM": 0.02049449839099587, "GCARSOA1": 0.019713754744206294, "TWTR": 0.006218244768175615, "VALUEGFO": 0.0054651995709322325, "MONEXB": 0.001984201990865171, "MEXTRAC09": 0.0011227825252501347, "CMOCTEZ": 0.0014527393020666215}}