{"allocation": {"CETETRCISHRS": 694, "UDITRACISHRS": 149, "M5TRACISHRS": 137, "JPM": 1, "AXTELCPO": 329, "TWTR": 2, "MONEXB": 62, "GCARSOA1": 8, "MEXTRAC09": 13, "CMOCTEZ": 4}, "qty": {"CETETRCISHRS": 72044.13830566408, "UDITRACISHRS": 17221.420272827145, "M5TRACISHRS": 11734.05020904541, "JPM": 2231.0, "AXTELCPO": 1088.989981174469, "TWTR": 1414.02001953125, "MONEXB": 886.6000118255615, "GCARSOA1": 478.23999023437506, "MEXTRAC09": 392.6000099182129, "CMOCTEZ": 296.0799865722656}, "pct": {"CETETRCISHRS": 0.6683927147205404, "UDITRACISHRS": 0.15977249666949409, "M5TRACISHRS": 0.10886317552464053, "JPM": 0.020698202263379553, "AXTELCPO": 0.01010315324659034, "TWTR": 0.013118633961777551, "MONEXB": 0.00822547125570604, "GCARSOA1": 0.004436892894804014, "MEXTRAC09": 0.003642364147867319, "CMOCTEZ": 0.0027468953152001148}}