{"allocation": {"CORPTRCISHRS": 7739, "PSOTRAC15": 1365, "JPM": 5, "GCARSOA1": 78, "CMOCTEZ": 79, "MONEXB": 159, "AAL": 1, "GE": 1, "BACHOCOB": 12, "FRAGUAB": 2, "DANHOS13": 6, "MEXTRAC09": 2}, "qty": {"CORPTRCISHRS": 74913.52236175536, "PSOTRAC15": 9039.03029680252, "JPM": 4650.0, "GCARSOA1": 4944.419952392578, "CMOCTEZ": 3634.0, "MONEXB": 1953.898009300232, "AAL": 970.0, "GE": 3076.800048828125, "BACHOCOB": 760.6799926757812, "FRAGUAB": 452.0, "DANHOS13": 218.87999725341797, "MEXTRAC09": 61.040000915527344}, "pct": {"CORPTRCISHRS": 0.7156822960356902, "PSOTRAC15": 0.08635388849442711, "JPM": 0.04442352424033022, "GCARSOA1": 0.04723624937838368, "CMOCTEZ": 0.0347172230299699, "MONEXB": 0.01866645926436168, "AAL": 0.009266842690993616, "GE": 0.029394043344465683, "BACHOCOB": 0.007267115288982104, "FRAGUAB": 0.004318157625081562, "DANHOS13": 0.0020910582502603496, "MEXTRAC09": 0.0005831423570539157}}