{"allocation": {"PSOTRAC15": 9592, "GCARSOA1": 236, "AAL": 12, "TWTR": 7, "JPM": 4, "MONEXB": 252, "SORIANAB": 59, "BACHOCOB": 28, "POCHTECB": 115, "MEXTRAC09": 1}, "qty": {"PSOTRAC15": 60736.54187774658, "GCARSOA1": 14960.039855957031, "AAL": 11859.1201171875, "TWTR": 5362.0, "JPM": 3720.0, "MONEXB": 3096.7440147399902, "SORIANAB": 2292.740036010742, "BACHOCOB": 1774.9199829101562, "POCHTECB": 1666.3499736785889, "MEXTRAC09": 30.520000457763672}, "pct": {"PSOTRAC15": 0.5757074074264071, "GCARSOA1": 0.14180270219869626, "AAL": 0.11240981270825146, "TWTR": 0.050825137934819235, "JPM": 0.035261005803343445, "MONEXB": 0.02935330878366018, "SORIANAB": 0.02173234400949802, "BACHOCOB": 0.01682404941340464, "POCHTECB": 0.015794939809753203, "MEXTRAC09": 0.00028929191216646487}}