{"allocation": {"PSOTRAC15": 5686, "GE": 5, "FRAGUAB": 61, "BACHOCOB": 167, "MONEXB": 477, "DANHOS13": 155, "JPM": 5, "TWTR": 4, "AAL": 4, "VALUEGFO": 25, "POCHTECB": 179, "LIVEPOLC-1": 11, "MEXTRAC09": 8, "CMOCTEZ": 1}, "qty": {"PSOTRAC15": 38261.09452056885, "GE": 15384.000244140625, "FRAGUAB": 13786.0, "BACHOCOB": 10586.129898071289, "MONEXB": 5861.694027900696, "DANHOS13": 5654.399929046631, "JPM": 4650.0, "TWTR": 3064.0, "AAL": 2912.679931640625, "VALUEGFO": 2587.5, "POCHTECB": 2593.7099590301514, "LIVEPOLC-1": 1980.1099395751953, "MEXTRAC09": 244.16000366210938, "CMOCTEZ": 46.0}, "pct": {"PSOTRAC15": 0.3555484514326549, "GE": 0.14295872954453218, "FRAGUAB": 0.12810901028499133, "BACHOCOB": 0.09837361264980916, "MONEXB": 0.05447089950005821, "DANHOS13": 0.0525445799119171, "JPM": 0.043211003759263726, "TWTR": 0.028472799036211624, "AAL": 0.027066628704441948, "VALUEGFO": 0.024044832737009653, "POCHTECB": 0.024102539954858417, "LIVEPOLC-1": 0.018400545815642846, "MEXTRAC09": 0.002268902975506506, "CMOCTEZ": 0.00042746369310239383}}