{"allocation": {"CETETRCISHRS": 417, "DLRTRAC15": 1318, "PSOTRAC15": 2258, "UDITRACISHRS": 100, "CORPTRCISHRS": 978, "GCARSOA1": 19, "AXTELCPO": 454, "AAL": 1, "VALUEGFO": 6, "LIVEPOLC-1": 6, "GFAMSAA": 87, "TLEVISACPO": 6}, "qty": {"CETETRCISHRS": 43739.1297454834, "DLRTRAC15": 24712.5, "PSOTRAC15": 16548.881991386414, "UDITRACISHRS": 12216.000366210938, "CORPTRCISHRS": 8264.099813461304, "GCARSOA1": 1396.690040588379, "AXTELCPO": 1062.3599610328674, "AAL": 643.4000244140625, "VALUEGFO": 678.0, "LIVEPOLC-1": 736.3200073242188, "GFAMSAA": 565.5, "TLEVISACPO": 231.3600082397461}, "pct": {"CETETRCISHRS": 0.3947780044562991, "DLRTRAC15": 0.2230485949742453, "PSOTRAC15": 0.14936590294682167, "UDITRACISHRS": 0.11025844078455097, "CORPTRCISHRS": 0.07458961465329152, "GCARSOA1": 0.012606160897026184, "AXTELCPO": 0.009588584589388976, "AAL": 0.005807161212016258, "VALUEGFO": 0.006119451588974742, "LIVEPOLC-1": 0.0066458328006107435, "GFAMSAA": 0.005104055860715659, "TLEVISACPO": 0.0020881952360588844}}