{"allocation": {"CETETRCISHRS": 355, "DLRTRAC15": 1924, "PSOTRAC15": 3583, "NAFTRACISHRS": 68, "GFINBURO": 104, "CMOCTEZ": 34, "LIVEPOLC-1": 14, "AXTELCPO": 421, "CYDSASAA": 38, "MONEXB": 72, "LIVEPOL1": 6, "AAL": 1, "GFAMSAA": 65}, "qty": {"CETETRCISHRS": 37306.94869995117, "DLRTRAC15": 36363.59926605225, "PSOTRAC15": 26779.34191799164, "NAFTRACISHRS": 2774.399948120117, "GFINBURO": 2446.080047607422, "CMOCTEZ": 2029.8000259399414, "LIVEPOLC-1": 1303.1200256347654, "AXTELCPO": 1048.2900040149689, "CYDSASAA": 910.1000289916992, "MONEXB": 864.0, "LIVEPOL1": 621.0, "AAL": 581.0, "GFAMSAA": 388.0499863624573}, "pct": {"CETETRCISHRS": 0.3289398103435824, "DLRTRAC15": 0.32062218602190096, "PSOTRAC15": 0.23611664739661875, "NAFTRACISHRS": 0.02446221480324577, "GFINBURO": 0.021567379134017985, "CMOCTEZ": 0.017896988599578417, "LIVEPOLC-1": 0.011489764481537055, "AXTELCPO": 0.00924289782793757, "CYDSASAA": 0.008024460358255195, "MONEXB": 0.0076179909116294775, "LIVEPOL1": 0.005475430967733687, "AAL": 0.005122746203306396, "GFAMSAA": 0.0034214829506564147}}