{"allocation": {"CETETRCISHRS": 391, "DLRTRAC15": 1814, "PSOTRAC15": 3791, "NAFTRACISHRS": 48, "SORIANAB": 66, "GFAMSAA": 247, "GFINBURO": 45, "FRAGUAB": 5, "LIVEPOLC-1": 10, "AXTELCPO": 318, "LIVEPOL1": 5, "CMOCTEZ": 10, "CYDSASAA": 19}, "qty": {"CETETRCISHRS": 41031.54095458984, "DLRTRAC15": 35935.33903121948, "PSOTRAC15": 27287.617826461792, "NAFTRACISHRS": 2047.6799926757812, "SORIANAB": 1486.9800453186035, "GFAMSAA": 1331.3299670219421, "GFINBURO": 1114.6500205993652, "FRAGUAB": 1100.0, "LIVEPOLC-1": 1039.7000122070312, "AXTELCPO": 760.0200333595276, "LIVEPOL1": 545.0, "CMOCTEZ": 565.0, "CYDSASAA": 465.5}, "pct": {"CETETRCISHRS": 0.35769691344070437, "DLRTRAC15": 0.31327021983254616, "PSOTRAC15": 0.237882771268016, "NAFTRACISHRS": 0.017850872671465644, "SORIANAB": 0.012962910000066314, "GFAMSAA": 0.011606013542164902, "GFINBURO": 0.009717082582305763, "FRAGUAB": 0.009589369437044288, "LIVEPOLC-1": 0.009063697746138799, "AXTELCPO": 0.006625557163126576, "LIVEPOL1": 0.004751096675626488, "CMOCTEZ": 0.004925448847209112, "CYDSASAA": 0.00405804679358556}}