{"allocation": {"CETETRCISHRS": 680, "CORPTRCISHRS": 2025, "DLRTRAC15": 788, "GFINBURO": 93, "AXTELCPO": 672, "GCARSOA1": 31, "GFAMSAA": 327, "LIVEPOLC-1": 17, "CMOCTEZ": 2, "TWTR": 1, "LIVEPOL1": 1}, "qty": {"CETETRCISHRS": 72168.3981323242, "CORPTRCISHRS": 17860.499382019043, "DLRTRAC15": 14972.0, "GFINBURO": 2222.699964523316, "AXTELCPO": 1962.2400512695312, "GCARSOA1": 1996.400047302246, "GFAMSAA": 1769.0699501037598, "LIVEPOLC-1": 1666.339942932129, "CMOCTEZ": 115.72000122070312, "TWTR": 574.77001953125, "LIVEPOL1": 112.0}, "pct": {"CETETRCISHRS": 0.6252669568844534, "CORPTRCISHRS": 0.15474335562437475, "DLRTRAC15": 0.1297173987610101, "GFINBURO": 0.0192574711210362, "AXTELCPO": 0.0170008465933312, "GCARSOA1": 0.017296808777879036, "GFAMSAA": 0.01532722095603324, "LIVEPOLC-1": 0.014437168237291331, "CMOCTEZ": 0.001002598019167147, "TWTR": 0.004979807094537051, "LIVEPOL1": 0.0009703679308865304}}