{"allocation": {"CETETRCISHRS": 455, "DLRTRAC15": 1477, "PSOTRAC15": 2833, "CORPTRCISHRS": 948, "LIVEPOLC-1": 11, "MFRISCOA-1": 256, "GFINBURO": 40, "VALUEGFO": 6, "SORIANAB": 26, "GFAMSAA": 80, "NAFTRACISHRS": 9, "AXTELCPO": 112, "TLEVISACPO": 6}, "qty": {"CETETRCISHRS": 47579.34986114502, "DLRTRAC15": 28314.090112686157, "PSOTRAC15": 20037.80887031555, "CORPTRCISHRS": 8058.0, "LIVEPOLC-1": 1354.099983215332, "MFRISCOA-1": 1134.0799560546875, "GFINBURO": 1075.5999755859377, "VALUEGFO": 690.0, "SORIANAB": 585.7800178527832, "GFAMSAA": 544.7999954223633, "NAFTRACISHRS": 389.25, "AXTELCPO": 256.4799957275391, "TLEVISACPO": 257.9400100708008}, "pct": {"CETETRCISHRS": 0.43145197622163395, "DLRTRAC15": 0.2567536162155933, "PSOTRAC15": 0.1817038749264023, "CORPTRCISHRS": 0.07307035582747787, "LIVEPOLC-1": 0.012279047853006469, "MFRISCOA-1": 0.01028389500195166, "GFINBURO": 0.009753595550271901, "VALUEGFO": 0.006256955264452684, "SORIANAB": 0.005311883139877042, "GFAMSAA": 0.004940274202075007, "NAFTRACISHRS": 0.003529738893751025, "AXTELCPO": 0.0023257737094119243, "TLEVISACPO": 0.0023390131940948917}}