{"allocation": {"CETETRCISHRS": 717, "UDITRACISHRS": 125, "CORPTRCISHRS": 1043, "MEXTRAC09": 145, "JPM": 1, "VALUEGFO": 12, "AXTELCPO": 235, "MONEXB": 33}, "qty": {"CETETRCISHRS": 74833.29196929933, "UDITRACISHRS": 14951.250076293945, "CORPTRCISHRS": 8543.212984085083, "MEXTRAC09": 4379.000110626221, "JPM": 1912.1500244140625, "VALUEGFO": 1308.0, "AXTELCPO": 697.9500067234038, "MONEXB": 465.30001258850103}, "pct": {"CETETRCISHRS": 0.6987877815724614, "UDITRACISHRS": 0.13961367457728271, "CORPTRCISHRS": 0.07977589508021425, "MEXTRAC09": 0.040890781259034205, "JPM": 0.017855516420982882, "VALUEGFO": 0.012214007886646998, "AXTELCPO": 0.006517405876609312, "MONEXB": 0.004344937326768271}}