{"allocation": {"DLRTRAC15": 1881, "CETETRCISHRS": 285, "PSOTRAC15": 3685, "CORPTRCISHRS": 1505, "GFINBURO": 91, "CMOCTEZ": 24, "NAFTRACISHRS": 30, "LIVEPOLC-1": 10, "MONEXB": 66, "AXTELCPO": 299, "GFAMSAA": 85, "LIVEPOL1": 4}, "qty": {"DLRTRAC15": 35663.75827789307, "CETETRCISHRS": 29862.29965209961, "PSOTRAC15": 26531.99929714203, "CORPTRCISHRS": 12867.75028705597, "GFINBURO": 2526.1600208282475, "CMOCTEZ": 1461.3599853515625, "NAFTRACISHRS": 1293.599967956543, "LIVEPOLC-1": 1068.7000274658205, "MONEXB": 811.800012588501, "AXTELCPO": 684.7099885940553, "GFAMSAA": 517.6500129699707, "LIVEPOL1": 428.0}, "pct": {"DLRTRAC15": 0.3136163572343659, "CETETRCISHRS": 0.26260007603679375, "PSOTRAC15": 0.2333144169741725, "CORPTRCISHRS": 0.11315512345566428, "GFINBURO": 0.022214290971524858, "CMOCTEZ": 0.012850759912707075, "NAFTRACISHRS": 0.011375528807363566, "LIVEPOLC-1": 0.009397826414661815, "MONEXB": 0.0071387249982746035, "AXTELCPO": 0.006021133575200364, "GFAMSAA": 0.004552058426511838, "LIVEPOL1": 0.0037637031927594835}}