{"allocation": {"CETETRCISHRS": 732, "UDITRACISHRS": 190, "PYPL": 1, "JPM": 1, "AXTELCPO": 732, "AAL": 4, "VALUEGFO": 16, "LIVEPOLC-1": 8, "GCARSOA1": 11, "GFAMSAA": 61, "LIVEPOL1": 2}, "qty": {"CETETRCISHRS": 77394.36245727539, "UDITRACISHRS": 24538.49884033203, "PYPL": 2109.800048828125, "JPM": 2581.050048828125, "AXTELCPO": 2254.559944152832, "AAL": 2251.52001953125, "VALUEGFO": 1484.0, "LIVEPOLC-1": 771.4400024414062, "GCARSOA1": 718.9600067138672, "GFAMSAA": 317.19998836517334, "LIVEPOL1": 212.0}, "pct": {"CETETRCISHRS": 0.6751467573405993, "UDITRACISHRS": 0.21406065501478722, "PYPL": 0.01840475993829244, "JPM": 0.022515691268366972, "AXTELCPO": 0.01966756734206676, "AAL": 0.019641048676034025, "VALUEGFO": 0.012945617175237354, "LIVEPOLC-1": 0.0067296273216109264, "GCARSOA1": 0.006271820088425743, "GFAMSAA": 0.002767081952402478, "LIVEPOL1": 0.0018493738821767649}}