{"allocation": {"CORPTRCISHRS": 10323, "JPM": 4, "PSOTRAC15": 990, "CMOCTEZ": 62, "CHDRAUIB": 96, "TWTR": 1, "VALUEGFO": 4, "AXTELCPO": 44}, "qty": {"CORPTRCISHRS": 88158.4196062088, "JPM": 8350.0, "PSOTRAC15": 7070.580196380615, "CMOCTEZ": 3673.5, "CHDRAUIB": 3171.840087890625, "TWTR": 714.5700073242188, "VALUEGFO": 452.0, "AXTELCPO": 89.75999832153322}, "pct": {"CORPTRCISHRS": 0.7893793947350509, "JPM": 0.07476674349971518, "PSOTRAC15": 0.0633106893337671, "CMOCTEZ": 0.03289289008936572, "CHDRAUIB": 0.028400976559692506, "TWTR": 0.0063983320299640075, "VALUEGFO": 0.0040472536601043425, "AXTELCPO": 0.0008037200923402322}}