{"allocation": {"CETETRCISHRS": 414, "DLRTRAC15": 1819, "PSOTRAC15": 3589, "NAFTRACISHRS": 66, "GFAMSAA": 264, "GFINBURO": 55, "LIVEPOLC-1": 12, "FRAGUAB": 4, "AXTELCPO": 208, "CYDSASAA": 22, "SORIANAB": 15, "LIVEPOL1": 3, "CMOCTEZ": 5}, "qty": {"CETETRCISHRS": 43573.5, "DLRTRAC15": 35470.5, "PSOTRAC15": 26479.641219615936, "NAFTRACISHRS": 2836.0200805664062, "GFAMSAA": 1428.2399597167969, "GFINBURO": 1380.500020980835, "LIVEPOLC-1": 1297.5599670410154, "FRAGUAB": 920.0, "AXTELCPO": 592.7999801635742, "CYDSASAA": 563.200008392334, "SORIANAB": 389.84999656677246, "LIVEPOL1": 334.5, "CMOCTEZ": 290.0}, "pct": {"CETETRCISHRS": 0.37707589949046444, "DLRTRAC15": 0.3069542426675966, "PSOTRAC15": 0.22914924279829385, "NAFTRACISHRS": 0.024542320971521613, "GFAMSAA": 0.012359688055777843, "GFINBURO": 0.01194655667224238, "LIVEPOLC-1": 0.011228810899165966, "FRAGUAB": 0.007961486397265018, "AXTELCPO": 0.005129966280838336, "CYDSASAA": 0.004873814354081642, "SORIANAB": 0.0033736798311306227, "LIVEPOL1": 0.0028946926085708135, "CMOCTEZ": 0.00250959897305093}}