{"allocation": {"CETETRCISHRS": 595, "MEXTRAC09": 849, "UDITRACISHRS": 77, "CORPTRCISHRS": 807, "JPM": 1, "AXTELCPO": 540, "VALUEGFO": 14, "MONEXB": 24}, "qty": {"CETETRCISHRS": 62052.55054473877, "MEXTRAC09": 25639.800647735596, "UDITRACISHRS": 9003.610023498535, "CORPTRCISHRS": 6714.2397537231445, "JPM": 1978.0, "AXTELCPO": 1609.2000102996826, "VALUEGFO": 1526.0, "MONEXB": 336.0}, "pct": {"CETETRCISHRS": 0.5700247290185043, "MEXTRAC09": 0.2355313405816667, "UDITRACISHRS": 0.0827086125997796, "CORPTRCISHRS": 0.06167808837159567, "JPM": 0.01817022675297912, "AXTELCPO": 0.014782370615794526, "VALUEGFO": 0.014018081913572365, "MONEXB": 0.0030865501461076767}}