{"allocation": {"CETETRCISHRS": 626, "MEXTRAC09": 895, "UDITRACISHRS": 90, "JPM": 1, "AXTELCPO": 660, "VALUEGFO": 16, "MFRISCOA-1": 22}, "qty": {"CETETRCISHRS": 65222.941528320305, "MEXTRAC09": 27029.00068283081, "UDITRACISHRS": 10547.10021972656, "JPM": 2015.0, "AXTELCPO": 1834.7999811172485, "VALUEGFO": 1640.0, "MFRISCOA-1": 96.8000020980835}, "pct": {"CETETRCISHRS": 0.6017673565944522, "MEXTRAC09": 0.24937805488632064, "UDITRACISHRS": 0.0973108613355892, "JPM": 0.018591023267653727, "AXTELCPO": 0.016928441260764957, "VALUEGFO": 0.015131155413872017, "MFRISCOA-1": 0.0008931072413470967}}