{"allocation": {"CETETRCISHRS": 353, "DLRTRAC15": 1584, "PSOTRAC15": 3654, "CMOCTEZ": 73, "DANHOS13": 137, "GFINBURO": 176, "CORPTRCISHRS": 150, "FSHOP13": 202, "LIVEPOLC-1": 20, "GCARSOA1": 24, "MONEXB": 62, "GFAMSAA": 747, "FRAGUAB": 2, "VALUEGFO": 3, "AAL": 1, "MFRISCOA-1": 50, "SORIANAB": 5}, "qty": {"CETETRCISHRS": 37326.21924591064, "DLRTRAC15": 34610.40060424805, "PSOTRAC15": 25377.03062725067, "CMOCTEZ": 3431.0, "DANHOS13": 2931.799947738648, "GFINBURO": 2814.239959716797, "CORPTRCISHRS": 1235.9999656677246, "FSHOP13": 1115.0399961471558, "LIVEPOLC-1": 1091.2000274658203, "GCARSOA1": 1054.5599670410154, "MONEXB": 787.3999881744385, "GFAMSAA": 545.3100142478943, "FRAGUAB": 430.0, "VALUEGFO": 489.0, "AAL": 249.5800018310547, "MFRISCOA-1": 99.98409748077391, "SORIANAB": 81.14999771118164}, "pct": {"CETETRCISHRS": 0.32837377796572176, "DLRTRAC15": 0.30448162800654305, "PSOTRAC15": 0.2232519550325229, "CMOCTEZ": 0.030183888295191433, "DANHOS13": 0.02579222446120415, "GFINBURO": 0.02475800191779535, "CORPTRCISHRS": 0.010873589302411847, "FSHOP13": 0.009809455752951453, "LIVEPOLC-1": 0.009599725950666903, "GCARSOA1": 0.009277388588092909, "MONEXB": 0.006927074697374616, "GFAMSAA": 0.004797311733112122, "FRAGUAB": 0.003782883114815598, "VALUEGFO": 0.004301929867778669, "AAL": 0.002195655755168239, "MFRISCOA-1": 0.000879600358395573, "SORIANAB": 0.0007139092002533802}}