{"allocation": {"CETETRCISHRS": 918, "CMOCTEZ": 84, "DANHOS13": 152, "FRAGUAB": 12, "PYPL": 1, "GFINBURO": 90, "MONEXB": 61, "GFAMSAA": 40}, "qty": {"CETETRCISHRS": 97069.31803894042, "CMOCTEZ": 4065.600128173828, "DANHOS13": 3319.6800231933594, "FRAGUAB": 2604.0, "PYPL": 3999.4599609375, "GFINBURO": 1435.4999828338623, "MONEXB": 774.6999883651733, "GFAMSAA": 47.60000228881836}, "pct": {"CETETRCISHRS": 0.8566260684545222, "CMOCTEZ": 0.0358784745176496, "DANHOS13": 0.02929581153186173, "FRAGUAB": 0.022980013945917744, "PYPL": 0.03529479480740529, "GFINBURO": 0.012668129656254547, "MONEXB": 0.006836642295135944, "GFAMSAA": 0.000420064791252981}}