{"allocation": {"DLRTRAC15": 2885, "CMOCTEZ": 346, "FSHOP13": 1551, "GFINBURO": 516, "BACHOCOB": 79, "AXTELCPO": 1794, "CYDSASAA": 218}, "qty": {"DLRTRAC15": 53978.34735870361, "CMOCTEZ": 19946.9005279541, "FSHOP13": 15742.64940834045, "GFINBURO": 11055.299606323242, "BACHOCOB": 5981.484710693359, "AXTELCPO": 5722.860102653503, "CYDSASAA": 5121.910182952881}, "pct": {"DLRTRAC15": 0.4591969293545976, "CMOCTEZ": 0.1696894388357226, "FSHOP13": 0.13392363089920145, "GFINBURO": 0.09404807447296118, "BACHOCOB": 0.05088483709735108, "AXTELCPO": 0.04868470256788426, "CYDSASAA": 0.04357238677228178}}