{"allocation": {"CETETRCISHRS": 746, "DLRTRAC15": 754, "GFINBURO": 256, "FSHOP13": 470, "AXTELCPO": 357, "CMOCTEZ": 36, "GCARSOA1": 49, "GFAMSAA": 4656, "CORPTRCISHRS": 201, "VALUEGFO": 9, "LIVEPOLC-1": 5}, "qty": {"CETETRCISHRS": 78882.03840637206, "DLRTRAC15": 15653.793758392334, "GFINBURO": 4021.760009765625, "FSHOP13": 2876.3999462127686, "AXTELCPO": 2823.869945526123, "CMOCTEZ": 1980.0, "GCARSOA1": 1924.7199401855473, "GFAMSAA": 1769.279977798462, "CORPTRCISHRS": 1656.239953994751, "VALUEGFO": 1087.289978027344, "LIVEPOLC-1": 285.45000076293945}, "pct": {"CETETRCISHRS": 0.6983131239788877, "DLRTRAC15": 0.13857716968760714, "GFINBURO": 0.03560313416147636, "FSHOP13": 0.025463690756884483, "AXTELCPO": 0.02499866234708186, "CMOCTEZ": 0.01752819797017957, "GCARSOA1": 0.017038824317537605, "GFAMSAA": 0.01566277258359917, "CORPTRCISHRS": 0.014662071616030859, "VALUEGFO": 0.00962537069992701, "LIVEPOLC-1": 0.0025269818807882385}}