{"allocation": {"CETETRCISHRS": 935, "GFINBURO": 200, "CMOCTEZ": 64, "JPM": 1, "CORPTRCISHRS": 143, "TWTR": 2, "FRAGUAB": 5, "FSHOP13": 143, "GFAMSAA": 1010, "SITESB-1": 5, "VALUEGFO": 1}, "qty": {"CETETRCISHRS": 98866.8980026245, "GFINBURO": 3202.000045776367, "CMOCTEZ": 2956.800048828125, "JPM": 2193.8701171875, "CORPTRCISHRS": 1178.3199672698975, "TWTR": 1783.1600341796875, "FRAGUAB": 1092.5, "FSHOP13": 858.0, "GFAMSAA": 469.6500036120415, "SITESB-1": 82.60000228881836, "VALUEGFO": 149.8000030517578}, "pct": {"CETETRCISHRS": 0.8762186047247574, "GFINBURO": 0.028378072632199904, "CMOCTEZ": 0.02620496106963424, "JPM": 0.019443411817960974, "CORPTRCISHRS": 0.010442988487543563, "TWTR": 0.0158034491696948, "FRAGUAB": 0.009682399721253376, "FSHOP13": 0.007604118041954597, "GFAMSAA": 0.004162324086095998, "SITESB-1": 0.0007320514774707398, "VALUEGFO": 0.0013276187714344118}}