{"allocation": {"M5TRACISHRS": 852, "CORPTRCISHRS": 3264, "JPM": 1, "AAL": 9, "CHDRAUIB": 71, "BACHOCOB": 18, "TWTR": 2, "CYDSASAA": 21}, "qty": {"M5TRACISHRS": 75214.55895996094, "CORPTRCISHRS": 26307.841369628906, "JPM": 2125.64990234375, "AAL": 2613.3299560546875, "CHDRAUIB": 1781.3900108337402, "BACHOCOB": 1214.6400604248047, "TWTR": 1168.8199462890625, "CYDSASAA": 470.3999919891358}, "pct": {"M5TRACISHRS": 0.6782402569491203, "CORPTRCISHRS": 0.23722850119764993, "JPM": 0.019167849361676908, "AAL": 0.023565458674442312, "CHDRAUIB": 0.016063517959570037, "BACHOCOB": 0.01095290324206725, "TWTR": 0.01053972464453792, "CYDSASAA": 0.004241787970935424}}