{"allocation": {"CORPTRCISHRS": 5997, "M5TRACISHRS": 593, "JPM": 1, "AAL": 9, "PSOTRAC15": 378, "CHDRAUIB": 61, "TWTR": 3, "TLEVISACPO": 13, "CYDSASAA": 19, "GCARSOA1": 1}, "qty": {"CORPTRCISHRS": 54512.73091506958, "M5TRACISHRS": 52148.421447753906, "JPM": 2245.85009765625, "AAL": 3401.909912109375, "PSOTRAC15": 2895.4799423217773, "CHDRAUIB": 1545.129995346069, "TWTR": 1920.0, "TLEVISACPO": 478.79002380371094, "CYDSASAA": 452.3899898529053, "GCARSOA1": 54.02999877929688}, "pct": {"CORPTRCISHRS": 0.45558357665333293, "M5TRACISHRS": 0.4358241453176842, "JPM": 0.018769421434995916, "AAL": 0.02843105196152942, "PSOTRAC15": 0.02419862454343263, "CHDRAUIB": 0.012913237657655357, "TWTR": 0.01604616852781063, "TLEVISACPO": 0.0040014299017650055, "CYDSASAA": 0.0037807948007678436, "GCARSOA1": 0.00045154920102604193}}