{"allocation": {"CETETRCISHRS": 938, "FRAGUAB": 19, "DANHOS13": 151, "CMOCTEZ": 37, "AXTELCPO": 254, "GFAMSAA": 358, "MONEXB": 49, "GFINBURO": 5}, "qty": {"CETETRCISHRS": 99615.59713745119, "FRAGUAB": 4158.90998840332, "DANHOS13": 3093.989965438843, "CMOCTEZ": 1924.0, "AXTELCPO": 883.9200048446655, "GFAMSAA": 694.5200204849243, "MONEXB": 629.1600074768066, "GFINBURO": 75.99999904632568}, "pct": {"CETETRCISHRS": 0.8968229863803276, "FRAGUAB": 0.03744198883574822, "DANHOS13": 0.02785468742216111, "CMOCTEZ": 0.017321458440036207, "AXTELCPO": 0.007957787748562099, "GFAMSAA": 0.006252650556446316, "MONEXB": 0.005664225011248636, "GFINBURO": 0.0006842156054697098}}