{"allocation": {"CETETRCISHRS": 744, "DLRTRAC15": 737, "GFINBURO": 236, "AXTELCPO": 394, "FSHOP13": 427, "CORPTRCISHRS": 254, "GCARSOA1": 45, "CMOCTEZ": 33, "GFAMSAA": 5621, "VALUEGFO": 11, "LIVEPOLC-1": 5, "TWTR": 1}, "qty": {"CETETRCISHRS": 78670.55841064452, "DLRTRAC15": 15941.309381484985, "GFINBURO": 4066.2798919677734, "AXTELCPO": 2769.8200826644897, "FSHOP13": 2732.8000407218933, "CORPTRCISHRS": 2092.9599418640137, "GCARSOA1": 2044.3500137329102, "CMOCTEZ": 1749.0, "GFAMSAA": 1686.3000670075414, "VALUEGFO": 951.6100234985352, "LIVEPOLC-1": 314.3000030517578, "TWTR": 988.1500244140624}, "pct": {"CETETRCISHRS": 0.6900475957781278, "DLRTRAC15": 0.1398269242583721, "GFINBURO": 0.0356667947946541, "AXTELCPO": 0.02429508226958253, "FSHOP13": 0.02397036624551732, "CORPTRCISHRS": 0.018358099969299057, "GCARSOA1": 0.01793172490961374, "CMOCTEZ": 0.015341104339392193, "GFAMSAA": 0.014791140809312028, "VALUEGFO": 0.008346911755804737, "LIVEPOLC-1": 0.002756837701937279, "TWTR": 0.00866741716838712}}