{"allocation": {"CORPTRCISHRS": 6565, "CMOCTEZ": 390, "FRAGUAB": 80, "JPM": 3, "MONEXB": 510, "LACOMERUBC": 167, "BACHOCOB": 46, "AAL": 2, "CHDRAUIB": 11, "CYDSASAA": 1}, "qty": {"CORPTRCISHRS": 55277.30050086975, "CMOCTEZ": 21060.0, "FRAGUAB": 18240.0, "JPM": 6944.18994140625, "MONEXB": 6553.5001945495615, "LACOMERUBC": 4208.400127410889, "BACHOCOB": 3216.780014038086, "AAL": 579.2000122070312, "CHDRAUIB": 317.89999580383306, "CYDSASAA": 20.209999084472656}, "pct": {"CORPTRCISHRS": 0.4748195900474804, "CMOCTEZ": 0.18090066764824378, "FRAGUAB": 0.15667750132497466, "JPM": 0.05964903118122552, "MONEXB": 0.05629309404686188, "LACOMERUBC": 0.036149211433028676, "BACHOCOB": 0.027631417484188826, "AAL": 0.004975197953946956, "CHDRAUIB": 0.002730689529263404, "CYDSASAA": 0.00017359935078592112}}