{"allocation": {"CETETRCISHRS": 751, "UDITRACISHRS": 184, "PYPL": 1, "JPM": 1, "AXTELCPO": 684, "AAL": 4, "VALUEGFO": 8, "LIVEPOLC-1": 9, "GFAMSAA": 152, "GCARSOA1": 6, "LIVEPOL1": 3}, "qty": {"CETETRCISHRS": 79553.43022918701, "UDITRACISHRS": 24030.401123046875, "PYPL": 2045.0, "JPM": 2628.0, "AXTELCPO": 2086.1999673843384, "AAL": 2136.0, "VALUEGFO": 1000.0, "LIVEPOLC-1": 864.9900054931641, "GFAMSAA": 641.4399681091309, "GCARSOA1": 418.8000183105469, "LIVEPOL1": 321.0}, "pct": {"CETETRCISHRS": 0.687433576105999, "UDITRACISHRS": 0.2076504373436437, "PYPL": 0.017671163381475403, "JPM": 0.022708957147441252, "AXTELCPO": 0.018027178713974232, "AAL": 0.01845750854906184, "VALUEGFO": 0.008641155687763033, "LIVEPOLC-1": 0.007474513305825432, "GFAMSAA": 0.005542782628784755, "GCARSOA1": 0.003618916160259445, "LIVEPOL1": 0.0027738109757719336}}