{"allocation": {"PSOTRAC15": 3906, "GCARSOA1": 311, "PYPL": 9, "JPM": 6, "CMOCTEZ": 149, "POCHTECB": 1537, "VALUEGFO": 66, "MFRISCOA-1": 465}, "qty": {"PSOTRAC15": 23475.06089401245, "GCARSOA1": 18457.849525451657, "PYPL": 12679.200439453125, "JPM": 11861.460205078125, "CMOCTEZ": 10875.50968170166, "POCHTECB": 10759.0, "VALUEGFO": 6336.0, "MFRISCOA-1": 5552.099804878235}, "pct": {"PSOTRAC15": 0.23475957546337908, "GCARSOA1": 0.18458554540606872, "PYPL": 0.12679684733598742, "JPM": 0.11861913264856083, "CMOCTEZ": 0.10875925082159646, "POCHTECB": 0.10759410950259646, "VALUEGFO": 0.06336242009558984, "MFRISCOA-1": 0.055523118726221135}}