{"allocation": {"CMOCTEZ": 562, "AAL": 15, "VALUEGFO": 82, "FRAGUAB": 35, "GE": 4, "MONEXB": 451, "GICSAB": 521, "LIVEPOL1": 31, "PSOTRAC15": 618, "LIVEPOLC-1": 3}, "qty": {"CMOCTEZ": 43948.39828491211, "AAL": 10922.549743652344, "VALUEGFO": 9430.0, "FRAGUAB": 9205.0, "GE": 8100.47998046875, "MONEXB": 6719.899827957152, "GICSAB": 4756.730059623718, "LIVEPOL1": 4247.0, "PSOTRAC15": 4158.52205657959, "LIVEPOLC-1": 414.92999267578125}, "pct": {"CMOCTEZ": 0.43127462742212946, "AAL": 0.10718521618592274, "VALUEGFO": 0.09253852006676866, "FRAGUAB": 0.09033054901533463, "GE": 0.07949166799820416, "MONEXB": 0.06594375239407087, "GICSAB": 0.04667876564949005, "LIVEPOL1": 0.04167668024640154, "PSOTRAC15": 0.04080842807856739, "LIVEPOLC-1": 0.004071792943110494}}