{"allocation": {"CETETRCISHRS": 713, "DLRTRAC15": 488, "PSOTRAC15": 1448, "UDITRACISHRS": 69, "MONEXB": 92}, "qty": {"CETETRCISHRS": 74016.52825927736, "DLRTRAC15": 9745.35966491699, "PSOTRAC15": 9319.327812194824, "UDITRACISHRS": 7975.0201263427725, "MONEXB": 1315.6000175476074}, "pct": {"CETETRCISHRS": 0.7230165174124377, "DLRTRAC15": 0.09519571062800772, "PSOTRAC15": 0.09103409870556065, "UDITRACISHRS": 0.07790248223807662, "MONEXB": 0.012851191015917285}}