{"allocation": {"PSOTRAC15": 3748, "POCHTECB": 2329, "GCARSOA1": 235, "PYPL": 10, "JPM": 6, "GICSAB": 816, "VALUEGFO": 76, "AXTELCPO": 1045, "MONEXB": 121}, "qty": {"PSOTRAC15": 22225.63935661316, "POCHTECB": 16303.0, "GCARSOA1": 15258.550071716309, "PYPL": 14510.0, "JPM": 12686.51953125, "GICSAB": 7515.36003112793, "VALUEGFO": 7296.0, "AXTELCPO": 3950.09997010231, "MONEXB": 1923.8999538421629}, "pct": {"PSOTRAC15": 0.21860768072215667, "POCHTECB": 0.16035358810737096, "GCARSOA1": 0.1500805528623991, "PYPL": 0.142717939240505, "JPM": 0.12478248956818865, "GICSAB": 0.07391982744955448, "VALUEGFO": 0.0717622387800637, "AXTELCPO": 0.03885252429545018, "MONEXB": 0.018923158974311245}}