{"allocation": {"UDITRACISHRS": 335, "SORIANAB": 444, "FRAGUAB": 49, "POCHTECB": 1413, "VALUEGFO": 78, "PYPL": 5, "PSOTRAC15": 872, "GE": 2, "TWTR": 2, "MONEXB": 38}, "qty": {"UDITRACISHRS": 39771.20040893555, "SORIANAB": 16872.0, "FRAGUAB": 11956.0, "POCHTECB": 9891.0, "VALUEGFO": 9274.200119018555, "PYPL": 7550.0, "PSOTRAC15": 5572.079883575439, "GE": 4268.16015625, "TWTR": 1204.47998046875, "MONEXB": 551.0}, "pct": {"UDITRACISHRS": 0.37200594485333965, "SORIANAB": 0.15781480661960068, "FRAGUAB": 0.11183225627927605, "POCHTECB": 0.09251696611394442, "VALUEGFO": 0.08674763503641482, "PYPL": 0.07062006815896071, "PSOTRAC15": 0.05211929286957237, "GE": 0.03992288227122323, "TWTR": 0.011266285869775733, "MONEXB": 0.0051538619278923645}}