{"allocation": {"CETETRCISHRS": 709, "CORPTRCISHRS": 1330, "DLRTRAC15": 467, "PSOTRAC15": 957, "AUTLANB": 82, "TLEVISACPO": 6, "MONEXB": 3}, "qty": {"CETETRCISHRS": 73509.12021636963, "CORPTRCISHRS": 11704.000253677368, "DLRTRAC15": 8611.480249404907, "PSOTRAC15": 6632.009835720062, "AUTLANB": 1341.5200500488281, "TLEVISACPO": 399.24000549316406, "MONEXB": 35.57999897003174}, "pct": {"CETETRCISHRS": 0.7190354947009276, "CORPTRCISHRS": 0.11448363941252332, "DLRTRAC15": 0.0842339010861845, "PSOTRAC15": 0.06487154871466506, "AUTLANB": 0.013122188512103386, "TLEVISACPO": 0.0039051988924532336, "MONEXB": 0.00034802868114286266}}