{"allocation": {"CMOCTEZ": 530, "SORIANAB": 467, "JPM": 7, "AAL": 10, "POCHTECB": 1141, "PSOTRAC15": 953, "GCARSOA1": 81, "MONEXB": 203, "BACHOCOB": 19}, "qty": {"CMOCTEZ": 39527.400970458984, "SORIANAB": 18946.18985748291, "JPM": 15152.82958984375, "AAL": 9882.60009765625, "POCHTECB": 7987.0, "PSOTRAC15": 6034.395789146423, "GCARSOA1": 5655.419975280762, "MONEXB": 3126.199922561645, "BACHOCOB": 1817.3500289916992}, "pct": {"CMOCTEZ": 0.36555650917929944, "SORIANAB": 0.17521776935766184, "JPM": 0.14013609175042496, "AAL": 0.09139606208903425, "POCHTECB": 0.07386521165398954, "PSOTRAC15": 0.055807176933672695, "GCARSOA1": 0.05230234048657991, "MONEXB": 0.02891165881466153, "BACHOCOB": 0.016807179734675836}}