{"allocation": {"CETETRCISHRS": 750, "CORPTRCISHRS": 1049, "DLRTRAC15": 386, "VALUEGFO": 19, "GFINBURO": 73, "PSOTRAC15": 270, "GCARSOA1": 26, "SORIANAB": 12, "LIVEPOLC-1": 1}, "qty": {"CETETRCISHRS": 77932.50274658203, "CORPTRCISHRS": 8601.799799919128, "DLRTRAC15": 7750.879970550535, "VALUEGFO": 2280.0, "GFINBURO": 2001.660005569458, "PSOTRAC15": 1751.7599773406982, "GCARSOA1": 1698.3199920654297, "SORIANAB": 323.40000915527344, "LIVEPOLC-1": 121.3000030517578}, "pct": {"CETETRCISHRS": 0.760601880410018, "CORPTRCISHRS": 0.08395143068873082, "DLRTRAC15": 0.0756466643911502, "VALUEGFO": 0.02225223400015725, "GFINBURO": 0.01953570475117879, "PSOTRAC15": 0.017096742512234815, "GCARSOA1": 0.016575181522186466, "SORIANAB": 0.0031563038067439217, "LIVEPOLC-1": 0.001183857917599782}}