{"allocation": {"CORPTRCISHRS": 8807, "AUTLANB": 421, "POCHTECB": 865, "GICSAB": 607, "MONEXB": 196, "AAL": 4, "TWTR": 4, "UNIFINA": 30}, "qty": {"CORPTRCISHRS": 76885.10596847534, "AUTLANB": 8083.20032119751, "POCHTECB": 6055.0, "GICSAB": 6015.36990737915, "MONEXB": 3134.03995513916, "AAL": 3208.0, "TWTR": 2280.0, "UNIFINA": 1943.0467987060547}, "pct": {"CORPTRCISHRS": 0.714520606528977, "AUTLANB": 0.07512005249190136, "POCHTECB": 0.05627126630100358, "GICSAB": 0.05590296976997117, "MONEXB": 0.029125746806543517, "AAL": 0.029813083780944587, "TWTR": 0.021188850068751142, "UNIFINA": 0.018057424251907664}}