{"allocation": {"CETETRCISHRS": 603, "CORPTRCISHRS": 3255, "VALUEGFO": 34, "NAFTRACISHRS": 48, "PYPL": 1, "DLRTRAC15": 78, "AUTLANB": 68}, "qty": {"CETETRCISHRS": 62669.790184020996, "CORPTRCISHRS": 28578.899130821228, "VALUEGFO": 3332.0, "NAFTRACISHRS": 2376.9600219726562, "PYPL": 1755.8299560546875, "DLRTRAC15": 1466.3999404907227, "AUTLANB": 1141.7200622558594}, "pct": {"CETETRCISHRS": 0.6185234996259332, "CORPTRCISHRS": 0.2820612715304598, "VALUEGFO": 0.032885386957607614, "NAFTRACISHRS": 0.023459558855142344, "PYPL": 0.01732927597137382, "DLRTRAC15": 0.014472727934468844, "AUTLANB": 0.011268279125014342}}