{"allocation": {"CORPTRCISHRS": 7024, "POCHTECB": 1762, "AUTLANB": 539, "GICSAB": 599, "LACOMERUBC": 259, "MONEXB": 266, "DANHOS13": 113, "TWTR": 5, "CMOCTEZ": 11}, "qty": {"CORPTRCISHRS": 61389.758392333984, "POCHTECB": 12334.0, "AUTLANB": 9955.32962989807, "GICSAB": 6205.63979434967, "LACOMERUBC": 4770.780019760132, "MONEXB": 3724.0, "DANHOS13": 3413.72989654541, "TWTR": 2611.4999389648438, "CMOCTEZ": 816.1999664306641}, "pct": {"CORPTRCISHRS": 0.5834367167813415, "POCHTECB": 0.11722001606182696, "AUTLANB": 0.09461358027545269, "GICSAB": 0.058977233368540695, "LACOMERUBC": 0.045340595957817885, "MONEXB": 0.03539219554193641, "DANHOS13": 0.03244344683831619, "TWTR": 0.024819204215252078, "CMOCTEZ": 0.007757010959515572}}