{"allocation": {"CORPTRCISHRS": 5117, "POCHTECB": 3128, "CETETRCISHRS": 116, "UDITRACISHRS": 66, "DLRTRAC15": 280, "GICSAB": 428, "VALUEGFO": 31, "PYPL": 1, "DANHOS13": 49, "MONEXB": 96, "AAL": 2, "SORIANAB": 18, "GFINBURO": 8, "GFAMSAA": 2, "AXTELCPO": 5}, "qty": {"CORPTRCISHRS": 44415.56156158447, "POCHTECB": 21896.0, "CETETRCISHRS": 12032.680389404297, "UDITRACISHRS": 7783.380020141602, "DLRTRAC15": 5510.400085449219, "GICSAB": 3903.359951019287, "VALUEGFO": 3782.0, "PYPL": 1644.0, "DANHOS13": 1492.0500373840332, "MONEXB": 1440.0, "AAL": 1720.0, "SORIANAB": 579.2400054931641, "GFINBURO": 225.36000061035156, "GFAMSAA": 24.420000076293945, "AXTELCPO": 20.65000057220459}, "pct": {"CORPTRCISHRS": 0.41716855600042807, "POCHTECB": 0.2056559093488025, "CETETRCISHRS": 0.1130157027487415, "UDITRACISHRS": 0.07310458968987586, "DLRTRAC15": 0.05175586136503371, "GICSAB": 0.03666190355510453, "VALUEGFO": 0.03552204280038231, "PYPL": 0.015441099514497228, "DANHOS13": 0.014013925248087693, "MONEXB": 0.013525050669632608, "AAL": 0.01615492163317228, "SORIANAB": 0.005440451683453691, "GFINBURO": 0.0021166704355301672, "GFAMSAA": 0.00022936231832243597, "AXTELCPO": 0.00019395298893542322}}