{"allocation": {"CETETRCISHRS": 845, "PSOTRAC15": 698, "PYPL": 1, "VALUEGFO": 19, "MONEXB": 131, "BACHOCOB": 26, "JPM": 1, "CHDRAUIB": 13, "DLRTRAC15": 20, "GFINBURO": 5}, "qty": {"CETETRCISHRS": 88192.65232086183, "PSOTRAC15": 4700.332143783569, "PYPL": 1635.0, "VALUEGFO": 2071.0, "MONEXB": 1847.1000499725344, "BACHOCOB": 1677.5199127197266, "JPM": 1912.1500244140625, "CHDRAUIB": 512.2000198364258, "DLRTRAC15": 387.40001678466797, "GFINBURO": 141.45000457763672}, "pct": {"CETETRCISHRS": 0.855601342656033, "PSOTRAC15": 0.045600289676277564, "PYPL": 0.015861958546763248, "VALUEGFO": 0.02009181415923345, "MONEXB": 0.017919647965986954, "BACHOCOB": 0.016274465637266183, "JPM": 0.018550730533607458, "CHDRAUIB": 0.004969110386725811, "DLRTRAC15": 0.0037583626955680675, "GFINBURO": 0.001372277742538193}}