{"allocation": {"CORPTRCISHRS": 8509, "CHDRAUIB": 231, "GFINBURO": 289, "VALUEGFO": 53, "TWTR": 6, "GFAMSAA": 735, "PYPL": 2, "SORIANAB": 32}, "qty": {"CORPTRCISHRS": 72666.85967540741, "CHDRAUIB": 7632.240211486816, "GFINBURO": 7514.0, "VALUEGFO": 5989.0, "TWTR": 4287.4200439453125, "GFAMSAA": 4189.4998598098755, "PYPL": 4326.68017578125, "SORIANAB": 728.6400146484375}, "pct": {"CORPTRCISHRS": 0.677014082242618, "CHDRAUIB": 0.07110716116419244, "GFINBURO": 0.07000555461862967, "VALUEGFO": 0.05579761333656816, "TWTR": 0.039944532613710566, "GFAMSAA": 0.03903224131762864, "PYPL": 0.0403103068090227, "SORIANAB": 0.0067885078976298}}