{"allocation": {"CETETRCISHRS": 752, "DLRTRAC15": 463, "PSOTRAC15": 854, "GFINBURO": 127, "CORPTRCISHRS": 265, "VALUEGFO": 18, "GFAMSAA": 299, "TWTR": 1, "AAL": 1}, "qty": {"CETETRCISHRS": 78636.63977050781, "DLRTRAC15": 8875.710035324097, "PSOTRAC15": 6040.341960906982, "GFINBURO": 3415.029922485352, "CORPTRCISHRS": 2252.5, "VALUEGFO": 2070.0, "GFAMSAA": 2036.1899828910828, "TWTR": 637.5, "AAL": 612.0}, "pct": {"CETETRCISHRS": 0.7519574872754937, "DLRTRAC15": 0.08487336991287987, "PSOTRAC15": 0.05776035670476121, "GFINBURO": 0.03265598996825149, "CORPTRCISHRS": 0.021539377127903332, "VALUEGFO": 0.01979423336504324, "GFAMSAA": 0.01947092738981135, "TWTR": 0.006096050130538679, "AAL": 0.005852208125317132}}