{"allocation": {"DLRTRAC15": 2025, "PSOTRAC15": 3279, "CETETRCISHRS": 194, "CYDSASAA": 390, "AXTELCPO": 2264, "NAFTRACISHRS": 103, "GFINBURO": 66, "AAL": 2}, "qty": {"DLRTRAC15": 38272.49922752381, "PSOTRAC15": 24507.245924949646, "CETETRCISHRS": 20387.45928955078, "CYDSASAA": 9340.500297546387, "AXTELCPO": 5637.3600215911865, "NAFTRACISHRS": 4202.399921417236, "GFINBURO": 1552.3200302124023, "AAL": 1162.0}, "pct": {"DLRTRAC15": 0.3642856375622189, "PSOTRAC15": 0.23326508294091305, "CETETRCISHRS": 0.19405209368262877, "CYDSASAA": 0.08890483179093726, "AXTELCPO": 0.053657569562539795, "NAFTRACISHRS": 0.03999931976127555, "GFINBURO": 0.014775306115882162, "AAL": 0.011060158583604611}}