{"allocation": {"CETETRCISHRS": 914, "JPM": 1, "UDITRACISHRS": 18, "VALUEGFO": 17, "CHDRAUIB": 19, "GFINBURO": 16, "DLRTRAC15": 18, "LIVEPOLC-1": 1}, "qty": {"CETETRCISHRS": 95229.6622314453, "JPM": 2015.0, "UDITRACISHRS": 2109.420043945312, "VALUEGFO": 1742.5, "CHDRAUIB": 716.8699913024902, "GFINBURO": 460.16000366210943, "DLRTRAC15": 342.0, "LIVEPOLC-1": 120.91000366210938}, "pct": {"CETETRCISHRS": 0.9269309503922097, "JPM": 0.019613278271437124, "UDITRACISHRS": 0.020532328691437486, "VALUEGFO": 0.01696086222728496, "CHDRAUIB": 0.006977752170649356, "GFINBURO": 0.00447903037280917, "DLRTRAC15": 0.0033289038058717103, "LIVEPOLC-1": 0.0011768940683004629}}