{"allocation": {"CORPTRCISHRS": 5663, "CETETRCISHRS": 378, "GFAMSAA": 1984, "PYPL": 2, "GFINBURO": 68, "TWTR": 3, "CHDRAUIB": 40, "CYDSASAA": 30}, "qty": {"CORPTRCISHRS": 49947.65827178955, "CETETRCISHRS": 40117.138961791985, "GFAMSAA": 10733.439697265625, "PYPL": 3992.0, "GFINBURO": 1625.1999740600588, "TWTR": 1724.31005859375, "CHDRAUIB": 1066.8000030517578, "CYDSASAA": 780.0}, "pct": {"CORPTRCISHRS": 0.45412516029782074, "CETETRCISHRS": 0.3647458718200485, "GFAMSAA": 0.09758865964334437, "PYPL": 0.03629534802300849, "GFINBURO": 0.014776352371115782, "TWTR": 0.015677463345750077, "CHDRAUIB": 0.009699368081590698, "CYDSASAA": 0.0070917764173212975}}