{"allocation": {"CETETRCISHRS": 433, "PYPL": 9, "GFAMSAA": 2967, "BACHOCOB": 116, "CYDSASAA": 370, "AXTELCPO": 1895, "LACOMERUBC": 128, "VALUEGFO": 5}, "qty": {"CETETRCISHRS": 45781.091453552246, "PYPL": 18988.200439453125, "GFAMSAA": 15428.39943408966, "BACHOCOB": 9824.040283203125, "CYDSASAA": 8872.599830627441, "AXTELCPO": 5836.599855422974, "LACOMERUBC": 3316.47998046875, "VALUEGFO": 463.75}, "pct": {"CETETRCISHRS": 0.42190214273684185, "PYPL": 0.1749884547914227, "GFAMSAA": 0.14218260363771293, "BACHOCOB": 0.09053483685555179, "CYDSASAA": 0.08176670239472418, "AXTELCPO": 0.05378801394018372, "LACOMERUBC": 0.03056349173158553, "VALUEGFO": 0.004273753911977321}}