{"allocation": {"CETETRCISHRS": 391, "DLRTRAC15": 1267, "PSOTRAC15": 3208, "GFAMSAA": 1335, "CYDSASAA": 183, "PYPL": 2, "LIVEPOL1": 20, "NAFTRACISHRS": 26, "GFINBURO": 31}, "qty": {"CETETRCISHRS": 41152.75, "DLRTRAC15": 24706.5, "PSOTRAC15": 23668.623302459717, "GFAMSAA": 7222.349796295166, "CYDSASAA": 4684.80006980896, "PYPL": 4088.0, "LIVEPOL1": 2230.0, "NAFTRACISHRS": 1117.2200317382812, "GFINBURO": 778.1000118255615}, "pct": {"CETETRCISHRS": 0.37531574845946497, "DLRTRAC15": 0.22532488203859455, "PSOTRAC15": 0.21585937925819787, "GFAMSAA": 0.06586829845958253, "CYDSASAA": 0.042725680412203405, "PYPL": 0.03728282507735918, "LIVEPOL1": 0.02033774459944006, "NAFTRACISHRS": 0.010189119133126225, "GFINBURO": 0.007096322562031193}}