{"allocation": {"CETETRCISHRS": 466, "DLRTRAC15": 989, "PSOTRAC15": 1992, "CORPTRCISHRS": 1118, "GFAMSAA": 911, "LIVEPOL1": 47, "GFINBURO": 140, "MONEXB": 104}, "qty": {"CETETRCISHRS": 48827.479431152344, "DLRTRAC15": 18751.439094543457, "PSOTRAC15": 14342.399620056152, "CORPTRCISHRS": 9558.900213241577, "GFAMSAA": 5547.990139007568, "LIVEPOL1": 5029.0, "GFINBURO": 3886.4000320434575, "MONEXB": 1279.2000198364258}, "pct": {"CETETRCISHRS": 0.45538332833762113, "DLRTRAC15": 0.17488293160890414, "PSOTRAC15": 0.13376258105927102, "CORPTRCISHRS": 0.08914987718116611, "GFAMSAA": 0.051742630267202855, "LIVEPOL1": 0.04690233419562467, "GFINBURO": 0.036246019709840656, "MONEXB": 0.011930297640369408}}