{"allocation": {"DLRTRAC15": 2047, "PSOTRAC15": 4379, "FRAGUAB": 73, "CYDSASAA": 221, "AXTELCPO": 1642, "SORIANAB": 139, "NAFTRACISHRS": 50, "CMOCTEZ": 33, "TWTR": 2, "BACHOCOB": 15}, "qty": {"DLRTRAC15": 40551.06890678406, "PSOTRAC15": 31520.041799545288, "FRAGUAB": 16060.0, "CYDSASAA": 5414.5, "AXTELCPO": 3924.380172252655, "SORIANAB": 3131.6700954437256, "NAFTRACISHRS": 2132.9999923706055, "CMOCTEZ": 1864.5, "TWTR": 1704.0, "BACHOCOB": 1374.7500228881836}, "pct": {"DLRTRAC15": 0.3765959845823854, "PSOTRAC15": 0.29272523500833875, "FRAGUAB": 0.1491485101489218, "CYDSASAA": 0.05028422217941078, "AXTELCPO": 0.03644554520233204, "SORIANAB": 0.02908368175674741, "NAFTRACISHRS": 0.01980907665066858, "CMOCTEZ": 0.017315529089207016, "TWTR": 0.015824972683297807, "BACHOCOB": 0.012767242698690456}}