{"allocation": {"CETETRCISHRS": 627, "DLRTRAC15": 843, "PSOTRAC15": 1333, "CORPTRCISHRS": 710, "GCARSOA1": 30, "VALUEGFO": 18, "GFAMSAA": 257, "AUTLANB": 101, "AXTELCPO": 349, "GFINBURO": 8}, "qty": {"CETETRCISHRS": 65766.02961730957, "DLRTRAC15": 15806.25, "PSOTRAC15": 9769.556994915009, "CORPTRCISHRS": 5999.499864578247, "GCARSOA1": 2205.300064086914, "VALUEGFO": 2034.0, "GFAMSAA": 1670.5, "AUTLANB": 1092.8199691772463, "AXTELCPO": 816.6599700450897, "GFINBURO": 232.16000366210938}, "pct": {"CETETRCISHRS": 0.6240088914199411, "DLRTRAC15": 0.14997469966486235, "PSOTRAC15": 0.09269664697009938, "CORPTRCISHRS": 0.0569251524130964, "GCARSOA1": 0.02092458456511422, "VALUEGFO": 0.019299235373243497, "GFAMSAA": 0.015850232394790196, "AUTLANB": 0.010369021536741583, "AXTELCPO": 0.007748728112982384, "GFINBURO": 0.0022028075491288697}}