{"allocation": {"CETETRCISHRS": 731, "DLRTRAC15": 504, "PSOTRAC15": 870, "CORPTRCISHRS": 635, "GFINBURO": 70, "VALUEGFO": 16, "SORIANAB": 48, "MONEXB": 57}, "qty": {"CETETRCISHRS": 76235.99066925049, "DLRTRAC15": 9500.400192260742, "PSOTRAC15": 6128.280129432678, "CORPTRCISHRS": 5283.199806213379, "GFINBURO": 1939.0000534057617, "VALUEGFO": 1744.0, "SORIANAB": 1294.5599670410154, "MONEXB": 798.0}, "pct": {"CETETRCISHRS": 0.7407058826512715, "DLRTRAC15": 0.09230551407771174, "PSOTRAC15": 0.059542128364268386, "CORPTRCISHRS": 0.051331361228873246, "GFINBURO": 0.01883924814789709, "VALUEGFO": 0.016944635309433406, "SORIANAB": 0.012577893651205352, "MONEXB": 0.007753336569339367}}