{"allocation": {"CETETRCISHRS": 838, "MONEXB": 685, "GFINBURO": 172, "SITESB-1": 63, "AXTELCPO": 147}, "qty": {"CETETRCISHRS": 88995.59744262697, "MONEXB": 8795.400104522705, "GFINBURO": 2614.3999671936035, "SITESB-1": 899.6399831771851, "AXTELCPO": 511.5600028038025}, "pct": {"CETETRCISHRS": 0.8740775043316836, "MONEXB": 0.08638473805309291, "GFINBURO": 0.025677542084288147, "SITESB-1": 0.008835887323521294, "AXTELCPO": 0.0050243282074140545}}