{"allocation": {"M5TRACISHRS": 961, "CORPTRCISHRS": 964, "TWTR": 6, "SITESB-1": 209}, "qty": {"M5TRACISHRS": 84837.0788269043, "CORPTRCISHRS": 7769.840404510498, "TWTR": 3506.4598388671875, "SITESB-1": 3191.4300956726074}, "pct": {"M5TRACISHRS": 0.8543098721948869, "CORPTRCISHRS": 0.07824233760447415, "TWTR": 0.035310070764118975, "SITESB-1": 0.03213771943651999}}