{"allocation": {"CETETRCISHRS": 574, "MONEXB": 2547, "GFINBURO": 360, "GICSAB": 232, "FRAGUAB": 4, "TWTR": 1, "CMOCTEZ": 8, "FSHOP13": 54}, "qty": {"CETETRCISHRS": 60694.758773803704, "MONEXB": 32346.899514198303, "GFINBURO": 5741.999931335449, "GICSAB": 879.2799911499023, "FRAGUAB": 868.0, "TWTR": 683.7100219726562, "CMOCTEZ": 387.20001220703125, "FSHOP13": 337.5}, "pct": {"CETETRCISHRS": 0.5954006948144182, "MONEXB": 0.31731514936275385, "GFINBURO": 0.05632761078238345, "GICSAB": 0.00862552102098516, "FRAGUAB": 0.0085148670748482, "TWTR": 0.006707027597740448, "CMOCTEZ": 0.0037983371374682847, "FSHOP13": 0.003310792209402381}}