{"allocation": {"CETETRCISHRS": 797, "DLRTRAC15": 355, "GFINBURO": 298, "AXTELCPO": 165, "GCARSOA1": 21, "FSHOP13": 134, "GFAMSAA": 2051, "FRAGUAB": 3, "VALUEGFO": 3}, "qty": {"CETETRCISHRS": 84274.7782974243, "DLRTRAC15": 7678.649702072144, "GFINBURO": 5134.539863586426, "AXTELCPO": 1159.9500346183777, "GCARSOA1": 954.0300064086914, "FSHOP13": 857.6000127792358, "GFAMSAA": 615.3000244498252, "FRAGUAB": 660.0, "VALUEGFO": 259.5300064086914}, "pct": {"CETETRCISHRS": 0.8295220660809474, "DLRTRAC15": 0.07558144315841422, "GFINBURO": 0.05053960629816777, "AXTELCPO": 0.01141746283652592, "GCARSOA1": 0.009390578747372919, "FSHOP13": 0.008441412114559323, "GFAMSAA": 0.006056437736803586, "FRAGUAB": 0.0064964224727027025, "VALUEGFO": 0.0025545705545062113}}