{"allocation": {"CETETRCISHRS": 866, "CYDSASAA": 203, "SITESB-1": 141, "GFINBURO": 111, "TWTR": 1, "GICSAB": 64, "CHDRAUIB": 5}, "qty": {"CETETRCISHRS": 91570.8381500244, "CYDSASAA": 3846.850154876709, "SITESB-1": 2329.3200645446777, "GFINBURO": 1777.1100254058838, "TWTR": 891.5800170898438, "GICSAB": 202.24000549316406, "CHDRAUIB": 126.54999732971191}, "pct": {"CETETRCISHRS": 0.9089414179466361, "CYDSASAA": 0.03818422442168005, "SITESB-1": 0.023121066980407726, "GFINBURO": 0.01763977417890628, "TWTR": 0.008849913589507891, "GICSAB": 0.002007454786613669, "CHDRAUIB": 0.0012561480962482673}}