{"allocation": {"CORPTRCISHRS": 5025, "CMOCTEZ": 585, "BACHOCOB": 157, "SITESB-1": 423, "M5TRACISHRS": 48, "DANHOS13": 142, "CYDSASAA": 77, "GFAMSAA": 330, "TWTR": 1}, "qty": {"CORPTRCISHRS": 45677.25076675415, "CMOCTEZ": 34632.00044631958, "BACHOCOB": 11060.649520874023, "SITESB-1": 6273.089967727662, "M5TRACISHRS": 4221.1201171875, "DANHOS13": 3909.260097503662, "CYDSASAA": 1833.3699588775635, "GFAMSAA": 1013.0999779701233, "TWTR": 640.0}, "pct": {"CORPTRCISHRS": 0.41806074775561414, "CMOCTEZ": 0.3169691642956549, "BACHOCOB": 0.10123252454425148, "SITESB-1": 0.05741441611795206, "M5TRACISHRS": 0.038633775083549565, "DANHOS13": 0.03577947823258849, "CYDSASAA": 0.016779906913287696, "GFAMSAA": 0.009272391118811696, "TWTR": 0.005857595938290003}}