{"allocation": {"CETETRCISHRS": 867, "DLRTRAC15": 203, "GFINBURO": 131, "SORIANAB": 117, "CYDSASAA": 66, "AXTELCPO": 119, "VALUEGFO": 2}, "qty": {"CETETRCISHRS": 91676.57814788817, "DLRTRAC15": 4214.482934951782, "GFINBURO": 2058.0100049972534, "SORIANAB": 1894.2300624847412, "CYDSASAA": 1384.0199546813963, "AXTELCPO": 941.289981842041, "VALUEGFO": 241.61999511718753}, "pct": {"CETETRCISHRS": 0.8951896424734763, "DLRTRAC15": 0.041152948200837286, "GFINBURO": 0.02009574613058098, "SORIANAB": 0.018496492415574387, "CYDSASAA": 0.013514469599953501, "AXTELCPO": 0.009191366642739953, "VALUEGFO": 0.002359334536837539}}