{"allocation": {"CMOCTEZ": 845, "MONEXB": 2705, "BACHOCOB": 161, "LACOMERUBC": 364, "FRAGUAB": 6, "GFINBURO": 73}, "qty": {"CMOCTEZ": 45630.0, "MONEXB": 34759.25103187562, "BACHOCOB": 11258.7300491333, "LACOMERUBC": 9172.800277709961, "FRAGUAB": 1368.0, "GFINBURO": 1058.5}, "pct": {"CMOCTEZ": 0.4419486828080699, "MONEXB": 0.33666020620058024, "BACHOCOB": 0.10904626156708523, "LACOMERUBC": 0.08884301995168563, "FRAGUAB": 0.01324974354769756, "GFINBURO": 0.010252085924881483}}