{"allocation": {"CETETRCISHRS": 292, "UDITRACISHRS": 183, "GFAMSAA": 2964, "PYPL": 6, "BACHOCOB": 119, "FRAGUAB": 39, "AXTELCPO": 1583, "VALUEGFO": 32, "CYDSASAA": 26}, "qty": {"CETETRCISHRS": 30931.560089111328, "UDITRACISHRS": 23899.80111694336, "GFAMSAA": 12508.079378128052, "PYPL": 12270.0, "BACHOCOB": 9923.409927368164, "FRAGUAB": 9555.0, "AXTELCPO": 4828.149924516678, "VALUEGFO": 4000.0, "CYDSASAA": 650.0}, "pct": {"CETETRCISHRS": 0.2849101925544943, "UDITRACISHRS": 0.22014075328322968, "GFAMSAA": 0.11521175439721405, "PYPL": 0.11301880838122581, "BACHOCOB": 0.09140439813117983, "FRAGUAB": 0.08801097914283722, "AXTELCPO": 0.044472025358987796, "VALUEGFO": 0.03684394731254305, "CYDSASAA": 0.005987141438288246}}