{"allocation": {"CETETRCISHRS": 456, "MONEXB": 1257, "DLRTRAC15": 565, "PSOTRAC15": 1260, "GFINBURO": 453, "CMOCTEZ": 117, "FSHOP13": 202, "VALUEGFO": 3, "SITESB-1": 5}, "qty": {"CETETRCISHRS": 48217.4390258789, "MONEXB": 15963.899760246277, "DLRTRAC15": 12345.250215530396, "PSOTRAC15": 8750.700216293335, "GFINBURO": 7243.469896316528, "CMOCTEZ": 5499.0, "FSHOP13": 1115.0399961471558, "VALUEGFO": 489.0, "SITESB-1": 83.19999694824219}, "pct": {"CETETRCISHRS": 0.4835913171347192, "MONEXB": 0.16010811581097667, "DLRTRAC15": 0.12381528203689575, "PSOTRAC15": 0.0877641519114511, "GFINBURO": 0.07264755695351964, "CMOCTEZ": 0.05515159466467222, "FSHOP13": 0.011183166739844628, "VALUEGFO": 0.004904369847431299, "SITESB-1": 0.0008344449004894378}}