{"allocation": {"DLRTRAC15": 2209, "CMOCTEZ": 673, "FSHOP13": 1094, "BACHOCOB": 78, "CYDSASAA": 250, "GFINBURO": 108, "AXTELCPO": 602}, "qty": {"DLRTRAC15": 41330.3879776001, "CMOCTEZ": 38798.451026916504, "FSHOP13": 11104.099582672117, "BACHOCOB": 5905.769714355469, "CYDSASAA": 5873.75020980835, "GFINBURO": 2313.899917602539, "AXTELCPO": 1920.3800344467163}, "pct": {"DLRTRAC15": 0.38537664240208286, "CMOCTEZ": 0.36176812071685116, "FSHOP13": 0.10353787669227273, "BACHOCOB": 0.055067126506330326, "CYDSASAA": 0.05476856726801795, "GFINBURO": 0.02157548052980803, "AXTELCPO": 0.017906185884636956}}