{"allocation": {"CMOCTEZ": 682, "JPM": 9, "MONEXB": 530, "AXTELCPO": 1998, "GCARSOA1": 130, "NAFTRACISHRS": 93, "MEXTRAC09": 51, "VALUEGFO": 11}, "qty": {"CMOCTEZ": 49779.17854309082, "JPM": 17792.190307617188, "MONEXB": 9275.0, "AXTELCPO": 8071.919923782349, "GCARSOA1": 7715.499801635741, "NAFTRACISHRS": 4380.299858093261, "MEXTRAC09": 1540.200038909912, "VALUEGFO": 1056.0}, "pct": {"CMOCTEZ": 0.4997393271932867, "JPM": 0.17861799800345707, "MONEXB": 0.0931128715936006, "AXTELCPO": 0.08103500198134471, "GCARSOA1": 0.07745685631376385, "NAFTRACISHRS": 0.04397437177661506, "MEXTRAC09": 0.015462258593151191, "VALUEGFO": 0.010601314544780834}}