{"allocation": {"CORPTRCISHRS": 8300, "GCARSOA1": 95, "CMOCTEZ": 110, "JPM": 4, "AAL": 5, "MONEXB": 178, "TWTR": 2, "PSOTRAC15": 74, "MEXTRAC09": 15}, "qty": {"CORPTRCISHRS": 80344.00253295897, "GCARSOA1": 6022.049942016602, "CMOCTEZ": 5060.0, "JPM": 3720.0, "AAL": 4010.0, "MONEXB": 2187.382677078247, "TWTR": 1532.0, "PSOTRAC15": 482.479998588562, "MEXTRAC09": 457.8000068664551}, "pct": {"CORPTRCISHRS": 0.7739098306172754, "GCARSOA1": 0.05800711320901627, "CMOCTEZ": 0.04874021233031036, "JPM": 0.03583272527050485, "AAL": 0.03862613664911947, "MONEXB": 0.021069860894947917, "TWTR": 0.014756918041508986, "PSOTRAC15": 0.00464746592417675, "MEXTRAC09": 0.004409737063140032}}