{"allocation": {"PSOTRAC15": 3157, "LIVEPOLC-1": 88, "GE": 5, "JPM": 13, "CMOCTEZ": 200, "GFINBURO": 135, "TWTR": 6, "VALUEGFO": 48, "MONEXB": 372, "DANHOS13": 117, "POCHTECB": 285, "MEXTRAC09": 68, "AAL": 2, "GCARSOA1": 15}, "qty": {"PSOTRAC15": 21243.453289031982, "LIVEPOLC-1": 15840.879516601562, "GE": 15384.000244140625, "JPM": 12090.0, "CMOCTEZ": 9200.0, "GFINBURO": 5200.200061798096, "TWTR": 4596.0, "VALUEGFO": 4968.0, "MONEXB": 4571.384021759033, "DANHOS13": 4268.15994644165, "POCHTECB": 4129.649934768677, "MEXTRAC09": 2075.3600311279297, "AAL": 1456.3399658203125, "GCARSOA1": 950.8499908447266}, "pct": {"PSOTRAC15": 0.20045858193082075, "LIVEPOLC-1": 0.14947853351481313, "GE": 0.1451673054943486, "JPM": 0.11408428858385757, "CMOCTEZ": 0.08681351984875844, "GFINBURO": 0.049070399052437375, "TWTR": 0.04336901491574933, "VALUEGFO": 0.04687930071832956, "MONEXB": 0.04313673233796468, "DANHOS13": 0.04027543350305304, "POCHTECB": 0.038968418106572235, "MEXTRAC09": 0.019583620571265704, "AAL": 0.013742391144487163, "GCARSOA1": 0.00897246027754244}}