{"allocation": {"DLRTRAC15": 1981, "PSOTRAC15": 4693, "CORPTRCISHRS": 1129, "UDITRACISHRS": 60, "CETETRCISHRS": 64, "CMOCTEZ": 58, "GFINBURO": 43, "MONEXB": 132, "AAL": 2, "DANHOS13": 30, "GCARSOA1": 16, "AXTELCPO": 180, "AUTLANB": 21, "BACHOCOB": 3}, "qty": {"DLRTRAC15": 38986.08060455322, "PSOTRAC15": 29134.144859313965, "CORPTRCISHRS": 10928.720344543455, "UDITRACISHRS": 7096.199798583984, "CETETRCISHRS": 6592.0, "CMOCTEZ": 2668.0, "GFINBURO": 1656.360019683838, "MONEXB": 1622.1040077209473, "AAL": 1720.0, "DANHOS13": 1094.3999862670898, "GCARSOA1": 1014.239990234375, "AXTELCPO": 876.5999794006348, "AUTLANB": 303.77227306365967, "BACHOCOB": 190.1699981689453}, "pct": {"DLRTRAC15": 0.3752891109869088, "PSOTRAC15": 0.28045207812807926, "CORPTRCISHRS": 0.10520241272597294, "UDITRACISHRS": 0.06830967546619794, "CETETRCISHRS": 0.06345613052820634, "CMOCTEZ": 0.025682790693151474, "GFINBURO": 0.01594450813270025, "MONEXB": 0.015614751766424005, "AAL": 0.01655712143636452, "DANHOS13": 0.010534949693360388, "GCARSOA1": 0.009763310862748668, "AXTELCPO": 0.008438355994215664, "AUTLANB": 0.0029241827989043576, "BACHOCOB": 0.0018306207867653753}}