{"allocation": {"UDITRACISHRS": 571, "JPM": 4, "CYDSASAA": 201, "MONEXB": 456, "CMOCTEZ": 90, "AXTELCPO": 823, "VALUEGFO": 24, "MEXTRAC09": 24, "BACHOCOB": 3}, "qty": {"UDITRACISHRS": 67789.12069702148, "JPM": 8772.0, "CYDSASAA": 6633.0, "MONEXB": 6612.0, "CMOCTEZ": 6555.599670410156, "AXTELCPO": 3612.9698901176453, "VALUEGFO": 2853.6000366210938, "MEXTRAC09": 724.8000183105469, "BACHOCOB": 274.9800109863281}, "pct": {"UDITRACISHRS": 0.6528978193067676, "JPM": 0.08448582327179541, "CYDSASAA": 0.06388445802118319, "MONEXB": 0.06368220057833006, "CMOCTEZ": 0.06313899170028645, "AXTELCPO": 0.03479762148002707, "VALUEGFO": 0.02748389744440933, "MEXTRAC09": 0.006980771346828425, "BACHOCOB": 0.0026484168503724667}}