{"allocation": {"CETETRCISHRS": 514, "UDITRACISHRS": 245, "M5TRACISHRS": 92, "CMOCTEZ": 64, "JPM": 2, "MONEXB": 264, "AXTELCPO": 537, "TWTR": 2}, "qty": {"CETETRCISHRS": 53358.338745117195, "UDITRACISHRS": 28317.100448608395, "M5TRACISHRS": 7879.800140380859, "CMOCTEZ": 4737.27978515625, "JPM": 4462.0, "MONEXB": 3775.200050354004, "AXTELCPO": 1777.4699692726135, "TWTR": 1414.02001953125}, "pct": {"CETETRCISHRS": 0.5047079878282613, "UDITRACISHRS": 0.2678469218619694, "M5TRACISHRS": 0.07453376860808675, "CMOCTEZ": 0.04480917143179431, "JPM": 0.04220534399406845, "MONEXB": 0.035709013171585674, "AXTELCPO": 0.016812804009923115, "TWTR": 0.013374989094311026}}