{"allocation": {"CETETRCISHRS": 628, "UDITRACISHRS": 160, "MEXTRAC09": 332, "JPM": 1, "VALUEGFO": 22, "MONEXB": 166, "AXTELCPO": 464, "FRAGUAB": 4, "CORPTRCISHRS": 71, "CMOCTEZ": 6}, "qty": {"CETETRCISHRS": 65255.48229980469, "UDITRACISHRS": 18299.20043945313, "MEXTRAC09": 10026.400253295898, "JPM": 2214.14990234375, "VALUEGFO": 2640.0, "MONEXB": 2207.8000316619873, "AXTELCPO": 1475.5200309753418, "FRAGUAB": 1060.0, "CORPTRCISHRS": 582.1999864578247, "CMOCTEZ": 414.0}, "pct": {"CETETRCISHRS": 0.6264040034238232, "UDITRACISHRS": 0.17565868814002672, "MEXTRAC09": 0.09624597102415385, "JPM": 0.021254189136730103, "VALUEGFO": 0.025342032742034348, "MONEXB": 0.02119323510994036, "AXTELCPO": 0.014163892778979033, "FRAGUAB": 0.010175210116119852, "CORPTRCISHRS": 0.005588686030009905, "CMOCTEZ": 0.003974091498182659}}