{"allocation": {"CMOCTEZ": 588, "JPM": 9, "MONEXB": 887, "BACHOCOB": 147, "AXTELCPO": 1648, "GCARSOA1": 31, "FRAGUAB": 7, "MEXTRAC09": 16}, "qty": {"CMOCTEZ": 43506.118743896484, "JPM": 19029.779296875, "MONEXB": 14103.29966163635, "BACHOCOB": 13762.14040374756, "AXTELCPO": 6229.439952850342, "GCARSOA1": 2012.8300094604492, "FRAGUAB": 1680.0, "MEXTRAC09": 483.20001220703125}, "pct": {"CMOCTEZ": 0.4315791718063288, "JPM": 0.18877474308725195, "MONEXB": 0.1399042379196237, "BACHOCOB": 0.13651995004875123, "AXTELCPO": 0.061795825812330785, "GCARSOA1": 0.019967203086617234, "FRAGUAB": 0.01666554106797566, "MEXTRAC09": 0.004793327171120606}}