{"allocation": {"PSOTRAC15": 8015, "GCARSOA1": 274, "AAL": 14, "MONEXB": 471, "TWTR": 6, "POCHTECB": 299, "SORIANAB": 105, "JPM": 3, "MEXTRAC09": 14}, "qty": {"PSOTRAC15": 50750.97822666168, "GCARSOA1": 17368.859832763672, "AAL": 13835.64013671875, "MONEXB": 5787.962027549744, "TWTR": 4596.0, "POCHTECB": 4332.509931564331, "SORIANAB": 4080.300064086914, "JPM": 2790.0, "MEXTRAC09": 427.2800064086914}, "pct": {"PSOTRAC15": 0.4881331878336256, "GCARSOA1": 0.16705721181051675, "AAL": 0.13307398914544283, "MONEXB": 0.05566979109150611, "TWTR": 0.04420525888710371, "POCHTECB": 0.04167095804085057, "SORIANAB": 0.03924515245213835, "JPM": 0.026834785094651727, "MEXTRAC09": 0.0041096656441643896}}