{"allocation": {"CORPTRCISHRS": 8074, "CMOCTEZ": 128, "GCARSOA1": 92, "JPM": 5, "AAL": 3, "MONEXB": 207, "TWTR": 2, "MEXTRAC09": 18, "PSOTRAC15": 23, "DANHOS13": 2}, "qty": {"CORPTRCISHRS": 78156.32246398924, "CMOCTEZ": 5888.0, "GCARSOA1": 5831.879943847656, "JPM": 4650.0, "AAL": 2910.0, "MONEXB": 2543.754012107849, "TWTR": 1532.0, "MEXTRAC09": 549.3600082397461, "PSOTRAC15": 152.30600500106812, "DANHOS13": 72.95999908447266}, "pct": {"CORPTRCISHRS": 0.7640916394458789, "CMOCTEZ": 0.05756375723960463, "GCARSOA1": 0.05701510212944388, "JPM": 0.04546050801021765, "AAL": 0.028449479206394273, "MONEXB": 0.024868892396441324, "TWTR": 0.014977526510032998, "MEXTRAC09": 0.005370792484962627, "PSOTRAC15": 0.0014890125506140444, "DANHOS13": 0.0007132900264097079}}