{"allocation": {"PSOTRAC15": 3115, "LIVEPOLC-1": 92, "GE": 5, "JPM": 11, "DANHOS13": 226, "GFINBURO": 143, "POCHTECB": 344, "VALUEGFO": 46, "TWTR": 6, "MONEXB": 349, "CMOCTEZ": 83, "AAL": 3, "MEXTRAC09": 74, "GCARSOA1": 23}, "qty": {"PSOTRAC15": 19602.695689201355, "LIVEPOLC-1": 16560.919494628906, "GE": 15384.000244140625, "JPM": 10230.0, "DANHOS13": 8244.47989654541, "GFINBURO": 5508.360065460205, "POCHTECB": 4984.559921264648, "VALUEGFO": 4761.0, "TWTR": 4596.0, "MONEXB": 4288.744687080383, "CMOCTEZ": 3818.0, "AAL": 2235.0, "MEXTRAC09": 2258.4800338745117, "GCARSOA1": 1457.969985961914}, "pct": {"PSOTRAC15": 0.18861402941239616, "LIVEPOLC-1": 0.1593465412196848, "GE": 0.14802241082215498, "JPM": 0.0984314377716805, "DANHOS13": 0.07932707819126886, "GFINBURO": 0.05300056705839258, "POCHTECB": 0.04796064513286157, "VALUEGFO": 0.045809587021600276, "TWTR": 0.04422198318657317, "MONEXB": 0.041265621288854165, "CMOCTEZ": 0.036736190558384764, "AAL": 0.021504815583548966, "MEXTRAC09": 0.021730736746129214, "GCARSOA1": 0.014028356006469993}}