{"allocation": {"CETETRCISHRS": 638, "CORPTRCISHRS": 1563, "M5TRACISHRS": 131, "CMOCTEZ": 84, "JPM": 1, "MONEXB": 244, "TWTR": 2, "AXTELCPO": 146}, "qty": {"CETETRCISHRS": 66147.84019470215, "CORPTRCISHRS": 13754.400298118591, "M5TRACISHRS": 11314.470359802246, "CMOCTEZ": 6552.0, "JPM": 2158.010009765625, "MONEXB": 2893.839916229248, "TWTR": 1066.4000244140625, "AXTELCPO": 544.580002784729}, "pct": {"CETETRCISHRS": 0.6334086396149182, "CORPTRCISHRS": 0.131707338529975, "M5TRACISHRS": 0.10834342069931473, "CMOCTEZ": 0.0627396660955429, "JPM": 0.02066435095292042, "MONEXB": 0.02771040141608316, "TWTR": 0.010211474581199188, "AXTELCPO": 0.005214708110046356}}