{"allocation": {"CETETRCISHRS": 695, "CORPTRCISHRS": 1573, "CMOCTEZ": 103, "JPM": 2, "MONEXB": 190, "AXTELCPO": 404, "VALUEGFO": 14, "TWTR": 1, "LIVEPOLC-1": 7, "GCARSOA1": 4, "MEXTRAC09": 6}, "qty": {"CETETRCISHRS": 72231.35021209717, "CORPTRCISHRS": 13810.939579963684, "CMOCTEZ": 8049.450157165527, "JPM": 4410.0, "MONEXB": 2253.3999347686768, "AXTELCPO": 1543.2799730300903, "VALUEGFO": 1372.0, "TWTR": 669.02001953125, "LIVEPOLC-1": 941.5699615478516, "GCARSOA1": 282.79998779296875, "MEXTRAC09": 181.20000457763672}, "pct": {"CETETRCISHRS": 0.6830710056946884, "CORPTRCISHRS": 0.13060606455193202, "CMOCTEZ": 0.07612132402342206, "JPM": 0.04170409560763097, "MONEXB": 0.021309752000413216, "AXTELCPO": 0.014594352731199326, "VALUEGFO": 0.012974607522374079, "TWTR": 0.0063267289927325145, "LIVEPOLC-1": 0.00890415503348413, "GCARSOA1": 0.0026743577616224127, "MEXTRAC09": 0.0017135560805008913}}