{"allocation": {"PSOTRAC15": 6301, "DLRTRAC15": 2335, "PYPL": 2, "CYDSASAA": 159, "NAFTRACISHRS": 90, "CETETRCISHRS": 25, "CMOCTEZ": 35, "LIVEPOL1": 8}, "qty": {"PSOTRAC15": 46488.776629924774, "DLRTRAC15": 45532.5, "PYPL": 4088.0, "CYDSASAA": 4070.4000606536865, "NAFTRACISHRS": 3867.3001098632812, "CETETRCISHRS": 2631.25, "CMOCTEZ": 2030.0, "LIVEPOL1": 892.0}, "pct": {"PSOTRAC15": 0.42416679223274567, "DLRTRAC15": 0.4154416585551854, "PYPL": 0.03729919288801621, "CYDSASAA": 0.037138609832122, "NAFTRACISHRS": 0.0352855119260364, "CETETRCISHRS": 0.024007705794176284, "CMOCTEZ": 0.018521859482062843, "LIVEPOL1": 0.0081386692896552}}