{"allocation": {"CETETRCISHRS": 631, "CORPTRCISHRS": 1566, "DLRTRAC15": 563, "CMOCTEZ": 110, "GFINBURO": 141, "PYPL": 2, "AXTELCPO": 783, "GCARSOA1": 25, "VALUEGFO": 11, "GFAMSAA": 23}, "qty": {"CETETRCISHRS": 66968.02826690672, "CORPTRCISHRS": 13812.119522094727, "DLRTRAC15": 10697.0, "CMOCTEZ": 6364.600067138672, "GFINBURO": 3369.899946212769, "PYPL": 3992.0, "AXTELCPO": 2286.360059738159, "GCARSOA1": 1610.0000381469727, "VALUEGFO": 935.0, "GFAMSAA": 124.42999649047852}, "pct": {"CETETRCISHRS": 0.6079191174676059, "CORPTRCISHRS": 0.12538298838310355, "DLRTRAC15": 0.09710470754242727, "CMOCTEZ": 0.05777625765579262, "GFINBURO": 0.030591114211856812, "PYPL": 0.0362383838935561, "AXTELCPO": 0.020755008407736794, "GCARSOA1": 0.01461518022319889, "VALUEGFO": 0.008487697630379498, "GFAMSAA": 0.0011295445843426352}}