{"allocation": {"DLRTRAC15": 2575, "PSOTRAC15": 5997, "NAFTRACISHRS": 152, "CYDSASAA": 170, "CORPTRCISHRS": 185, "LIVEPOLC-1": 5, "GFAMSAA": 81, "VALUEGFO": 4}, "qty": {"DLRTRAC15": 49362.75019645691, "PSOTRAC15": 42416.780725479126, "NAFTRACISHRS": 6574.0, "CYDSASAA": 5100.0, "CORPTRCISHRS": 1572.5, "LIVEPOLC-1": 615.4999923706055, "GFAMSAA": 551.6099953651428, "VALUEGFO": 460.0}, "pct": {"DLRTRAC15": 0.46283447234117486, "PSOTRAC15": 0.39770775022372157, "NAFTRACISHRS": 0.06163906607839845, "CYDSASAA": 0.04781856358378949, "CORPTRCISHRS": 0.014744057105001759, "LIVEPOLC-1": 0.005771044219803087, "GFAMSAA": 0.005171999536631746, "VALUEGFO": 0.004313046911479052}}