{"allocation": {"CETETRCISHRS": 604, "UDITRACISHRS": 130, "PYPL": 5, "PSOTRAC15": 1285, "JPM": 1, "CMOCTEZ": 50, "AAL": 2, "VALUEGFO": 9}, "qty": {"CETETRCISHRS": 63860.92202758789, "UDITRACISHRS": 16789.49920654297, "PYPL": 10549.000244140625, "PSOTRAC15": 9727.45022058487, "JPM": 2581.050048828125, "CMOCTEZ": 2900.0, "AAL": 1125.760009765625, "VALUEGFO": 834.75}, "pct": {"CETETRCISHRS": 0.5892945112514059, "UDITRACISHRS": 0.15492979767503856, "PYPL": 0.09734384887797735, "PSOTRAC15": 0.08976276635945807, "JPM": 0.023817360895329955, "CMOCTEZ": 0.026760560736827595, "AAL": 0.010388265212560218, "VALUEGFO": 0.0077028889914023575}}