{"allocation": {"PSOTRAC15": 6418, "DLRTRAC15": 2285, "PYPL": 2, "CYDSASAA": 165, "NAFTRACISHRS": 90, "CETETRCISHRS": 24, "CMOCTEZ": 36, "LIVEPOL1": 8}, "qty": {"PSOTRAC15": 46196.763706207275, "DLRTRAC15": 45265.848779678345, "PYPL": 4378.0, "CYDSASAA": 4042.5, "NAFTRACISHRS": 3839.39998626709, "CETETRCISHRS": 2518.5600585937495, "CMOCTEZ": 2034.0, "LIVEPOL1": 872.0}, "pct": {"PSOTRAC15": 0.42325243027653137, "DLRTRAC15": 0.4147234344460047, "PYPL": 0.04011101625072654, "CYDSASAA": 0.03703718209080906, "NAFTRACISHRS": 0.03517638995938751, "CETETRCISHRS": 0.023074920840266033, "CMOCTEZ": 0.0186354059054312, "LIVEPOL1": 0.00798922023084366}}