{"allocation": {"CETETRCISHRS": 532, "MEXTRAC09": 956, "UDITRACISHRS": 105, "JPM": 1, "AXTELCPO": 755, "VALUEGFO": 17, "MONEXB": 118}, "qty": {"CETETRCISHRS": 55524.84146118165, "MEXTRAC09": 28871.200729370117, "UDITRACISHRS": 12559.050064086914, "JPM": 1912.1500244140625, "AXTELCPO": 2242.350021600723, "VALUEGFO": 1853.0, "MONEXB": 1663.800045013428}, "pct": {"CETETRCISHRS": 0.5306963206543288, "MEXTRAC09": 0.27594567758759025, "UDITRACISHRS": 0.12003711284045863, "JPM": 0.018275981628962802, "AXTELCPO": 0.02143197305506243, "VALUEGFO": 0.017710636469983783, "MONEXB": 0.015902297763613318}}