{"allocation": {"DLRTRAC15": 2477, "PSOTRAC15": 6094, "CMOCTEZ": 85, "CYDSASAA": 210, "PYPL": 1, "LIVEPOL1": 13, "MONEXB": 64, "NAFTRACISHRS": 7, "GFAMSAA": 39}, "qty": {"DLRTRAC15": 46815.299055099495, "PSOTRAC15": 45546.55586051941, "CMOCTEZ": 5074.5000648498535, "CYDSASAA": 5029.500160217285, "PYPL": 2118.0, "LIVEPOL1": 1345.5, "MONEXB": 768.0, "NAFTRACISHRS": 285.5999946594238, "GFAMSAA": 232.82999181747437}, "pct": {"DLRTRAC15": 0.43664558347984267, "PSOTRAC15": 0.42481203496760356, "CMOCTEZ": 0.04732978505759445, "CYDSASAA": 0.04691007163033002, "PYPL": 0.019754553841936175, "LIVEPOL1": 0.012549458070975034, "MONEXB": 0.0071631243392856385, "NAFTRACISHRS": 0.002663786813860374, "GFAMSAA": 0.00217160179857217}}