{"allocation": {"DLRTRAC15": 2460, "PSOTRAC15": 5395, "CORPTRCISHRS": 1308, "NAFTRACISHRS": 165, "GFINBURO": 68, "CETETRCISHRS": 17, "LIVEPOL1": 8, "MONEXB": 44}, "qty": {"DLRTRAC15": 46641.597747802734, "PSOTRAC15": 38843.99897098541, "CORPTRCISHRS": 11183.400249481201, "NAFTRACISHRS": 7114.799823760986, "GFINBURO": 1887.680015563965, "CETETRCISHRS": 1781.2599792480469, "LIVEPOL1": 856.0, "MONEXB": 541.200008392334}, "pct": {"DLRTRAC15": 0.42849448627189873, "PSOTRAC15": 0.3568582593121538, "CORPTRCISHRS": 0.1027414491798841, "NAFTRACISHRS": 0.06536338038620215, "GFINBURO": 0.017342040529752568, "CETETRCISHRS": 0.01636436392791758, "LIVEPOL1": 0.007864037639362916, "MONEXB": 0.004971982752828085}}