{"allocation": {"DLRTRAC15": 2177, "PSOTRAC15": 4332, "CETETRCISHRS": 96, "CORPTRCISHRS": 894, "UDITRACISHRS": 47, "GCARSOA1": 50, "NAFTRACISHRS": 68, "GFINBURO": 49, "VALUEGFO": 8, "GFAMSAA": 113, "LIVEPOL1": 5, "LIVEPOLC-1": 4, "AAL": 1}, "qty": {"DLRTRAC15": 40818.75, "PSOTRAC15": 31749.22798347473, "CETETRCISHRS": 10069.43994140625, "CORPTRCISHRS": 7554.299829483032, "UDITRACISHRS": 5741.520172119141, "GCARSOA1": 3675.5001068115234, "NAFTRACISHRS": 3036.2001037597656, "GFINBURO": 1421.98002243042, "VALUEGFO": 904.0, "GFAMSAA": 734.5, "LIVEPOL1": 625.0, "LIVEPOLC-1": 490.8800048828125, "AAL": 643.4000244140625}, "pct": {"DLRTRAC15": 0.37983403562250995, "PSOTRAC15": 0.2954386744538314, "CETETRCISHRS": 0.09369997879412834, "CORPTRCISHRS": 0.07029564086443066, "UDITRACISHRS": 0.05342703482061702, "GCARSOA1": 0.03420193020367324, "NAFTRACISHRS": 0.028252999868162428, "GFINBURO": 0.013232066403168484, "VALUEGFO": 0.008412064754622544, "GFAMSAA": 0.006834802613130817, "LIVEPOL1": 0.005815863353583064, "LIVEPOLC-1": 0.0045678256502473995, "AAL": 0.0059870825978947115}}