{"allocation": {"CETETRCISHRS": 547, "MEXTRAC09": 1094, "UDITRACISHRS": 66, "JPM": 1, "VALUEGFO": 21, "AXTELCPO": 675, "LIVEPOLC-1": 8}, "qty": {"CETETRCISHRS": 56991.93133544921, "MEXTRAC09": 33038.80083465576, "UDITRACISHRS": 7734.540161132812, "JPM": 2015.0, "VALUEGFO": 2152.5, "AXTELCPO": 1876.499980688095, "LIVEPOLC-1": 967.280029296875}, "pct": {"CETETRCISHRS": 0.5439378378269715, "MEXTRAC09": 0.3153262833754947, "UDITRACISHRS": 0.07381938027454805, "JPM": 0.01923140201672038, "VALUEGFO": 0.020543718531508992, "AXTELCPO": 0.017909541197509076, "LIVEPOLC-1": 0.00923183677724728}}