{"allocation": {"CORPTRCISHRS": 8078, "PSOTRAC15": 1784, "JPM": 5, "CHDRAUIB": 179, "CMOCTEZ": 77, "VALUEGFO": 27, "TWTR": 2}, "qty": {"CORPTRCISHRS": 68986.11969184875, "PSOTRAC15": 12741.328353881836, "JPM": 10437.5, "CHDRAUIB": 5914.1601638793945, "CMOCTEZ": 4562.25, "VALUEGFO": 3051.0, "TWTR": 1429.1400146484375}, "pct": {"CORPTRCISHRS": 0.6439988315643849, "PSOTRAC15": 0.11894277586752863, "JPM": 0.09743609054224704, "CHDRAUIB": 0.05520983427153086, "CMOCTEZ": 0.042589490210909374, "VALUEGFO": 0.028481677819822346, "TWTR": 0.013341299723576856}}