{"allocation": {"CETETRCISHRS": 531, "MEXTRAC09": 1017, "UDITRACISHRS": 89, "JPM": 1, "AXTELCPO": 708, "VALUEGFO": 19, "MONEXB": 97, "LIVEPOLC-1": 6}, "qty": {"CETETRCISHRS": 55377.99048614502, "MEXTRAC09": 30713.400775909424, "UDITRACISHRS": 10406.770027160645, "JPM": 1978.0, "AXTELCPO": 2109.8400135040283, "VALUEGFO": 2071.0, "MONEXB": 1358.0, "LIVEPOLC-1": 751.3200073242188}, "pct": {"CETETRCISHRS": 0.5285858069050694, "MEXTRAC09": 0.2931610119727007, "UDITRACISHRS": 0.09933316257581537, "JPM": 0.01888011314386373, "AXTELCPO": 0.020138532947627418, "VALUEGFO": 0.019767802993398274, "MONEXB": 0.01296218081363344, "LIVEPOLC-1": 0.007171388647891697}}