{"allocation": {"CETETRCISHRS": 728, "DLRTRAC15": 439, "PYPL": 1, "GFINBURO": 215, "CMOCTEZ": 66, "FSHOP13": 459, "AXTELCPO": 282, "CORPTRCISHRS": 173, "VALUEGFO": 14, "FRAGUAB": 5, "GFAMSAA": 2831, "GCARSOA1": 9}, "qty": {"CETETRCISHRS": 76978.7184448242, "DLRTRAC15": 9495.569631576538, "PYPL": 4345.85986328125, "GFINBURO": 3704.4499015808105, "CMOCTEZ": 3498.0, "FSHOP13": 2937.600043773651, "AXTELCPO": 1982.4600591659546, "CORPTRCISHRS": 1425.5199604034424, "VALUEGFO": 1211.1400299072266, "FRAGUAB": 1100.0, "GFAMSAA": 849.3000337481498, "GCARSOA1": 408.87000274658203}, "pct": {"CETETRCISHRS": 0.7131787101206285, "DLRTRAC15": 0.08797286105201062, "PYPL": 0.040262747864287476, "GFINBURO": 0.034320327174705345, "CMOCTEZ": 0.032407646923741346, "FSHOP13": 0.02721575329382036, "AXTELCPO": 0.018366742606595095, "CORPTRCISHRS": 0.013206903247427246, "VALUEGFO": 0.011220754277999696, "FRAGUAB": 0.010191083938283442, "GFAMSAA": 0.007868443575194868, "GCARSOA1": 0.0037880259253059993}}