{"allocation": {"CETETRCISHRS": 728, "DLRTRAC15": 461, "PYPL": 1, "CMOCTEZ": 75, "GFINBURO": 235, "FSHOP13": 477, "AXTELCPO": 239, "VALUEGFO": 12, "LACOMERUBC": 32, "GFAMSAA": 2921, "GCARSOA1": 19, "FRAGUAB": 1}, "qty": {"CETETRCISHRS": 76978.7184448242, "DLRTRAC15": 9570.820852279663, "PYPL": 3930.6201171875, "CMOCTEZ": 4125.0, "GFINBURO": 3691.8500089645386, "FSHOP13": 2919.239945411682, "AXTELCPO": 1890.4899635314941, "VALUEGFO": 1449.7199707031252, "LACOMERUBC": 1240.0, "GFAMSAA": 1109.9799860715866, "GCARSOA1": 746.3199768066407, "FRAGUAB": 218.0}, "pct": {"CETETRCISHRS": 0.7136198815024376, "DLRTRAC15": 0.0887248863123168, "PYPL": 0.0364382353840945, "CMOCTEZ": 0.038240205483642715, "GFINBURO": 0.03422475223214355, "FSHOP13": 0.02706238433178198, "AXTELCPO": 0.01752550901095965, "VALUEGFO": 0.013439415654164365, "LACOMERUBC": 0.011495237527204112, "GFAMSAA": 0.010289906121238387, "GCARSOA1": 0.006918649519911129, "FRAGUAB": 0.002020936920105239}}