{"allocation": {"CETETRCISHRS": 757, "PYPL": 2, "CMOCTEZ": 165, "PSOTRAC15": 944, "FRAGUAB": 6, "CYDSASAA": 44, "VALUEGFO": 4}, "qty": {"CETETRCISHRS": 80045.17838287352, "PYPL": 8949.83984375, "CMOCTEZ": 7623.00012588501, "PSOTRAC15": 6706.176086425781, "FRAGUAB": 1311.0, "CYDSASAA": 833.8000335693359, "VALUEGFO": 599.2000122070312}, "pct": {"CETETRCISHRS": 0.7546576876484092, "PYPL": 0.08437816715207766, "CMOCTEZ": 0.0718688591138773, "PSOTRAC15": 0.06322513661145095, "FRAGUAB": 0.012359972811538483, "CYDSASAA": 0.007860980736214239, "VALUEGFO": 0.005649195926432061}}