{"allocation": {"DLRTRAC15": 2412, "CMOCTEZ": 378, "FSHOP13": 1263, "GFINBURO": 514, "JPM": 3, "CYDSASAA": 230, "BACHOCOB": 66, "LACOMERUBC": 51, "CHDRAUIB": 30, "AXTELCPO": 96}, "qty": {"DLRTRAC15": 45128.51779174805, "CMOCTEZ": 21791.700576782227, "FSHOP13": 12819.449518203734, "GFINBURO": 11012.449607849121, "JPM": 7495.4853515625, "CYDSASAA": 5403.850193023682, "BACHOCOB": 4997.189758300781, "LACOMERUBC": 1211.7600116729739, "CHDRAUIB": 745.0499725341797, "AXTELCPO": 306.24000549316406}, "pct": {"DLRTRAC15": 0.4068869265059873, "CMOCTEZ": 0.1964779368988493, "FSHOP13": 0.11558248906004083, "GFINBURO": 0.09929024912622174, "JPM": 0.0675806595608063, "CYDSASAA": 0.04872209644652332, "BACHOCOB": 0.04505557198455117, "LACOMERUBC": 0.010925448717099943, "CHDRAUIB": 0.00671750609707007, "AXTELCPO": 0.0027611156028500184}}