{"allocation": {"M5TRACISHRS": 426, "CORPTRCISHRS": 3464, "PSOTRAC15": 2879, "JPM": 4, "TWTR": 7, "FRAGUAB": 15, "CYDSASAA": 106, "LACOMERUBC": 34, "AAL": 1}, "qty": {"M5TRACISHRS": 37462.44104003906, "CORPTRCISHRS": 31487.760528564453, "PSOTRAC15": 22053.139560699463, "JPM": 8983.400390625, "TWTR": 4480.0, "FRAGUAB": 3600.0, "CYDSASAA": 2523.8599433898926, "LACOMERUBC": 793.5600051879883, "AAL": 377.989990234375}, "pct": {"M5TRACISHRS": 0.33519792300946577, "CORPTRCISHRS": 0.28173903345256324, "PSOTRAC15": 0.19732207435932303, "JPM": 0.08037963007486881, "TWTR": 0.04008512668668429, "FRAGUAB": 0.032211262516085595, "CYDSASAA": 0.022582420886212432, "LACOMERUBC": 0.007100436013715704, "AAL": 0.003382093001081134}}