{"allocation": {"CETETRCISHRS": 719, "PYPL": 3, "CMOCTEZ": 183, "PSOTRAC15": 1183, "CYDSASAA": 45, "FRAGUAB": 5, "MONEXB": 28}, "qty": {"CETETRCISHRS": 76027.05846405028, "PYPL": 11998.3798828125, "CMOCTEZ": 8857.20027923584, "PSOTRAC15": 7902.439796924591, "CYDSASAA": 944.5499897003174, "FRAGUAB": 1085.0, "MONEXB": 355.5999946594238}, "pct": {"CETETRCISHRS": 0.7094046508424982, "PYPL": 0.11195627798051733, "CMOCTEZ": 0.08264608941176492, "PSOTRAC15": 0.07373726747026502, "CYDSASAA": 0.008813548349545623, "FRAGUAB": 0.01012408031711589, "MONEXB": 0.003318085628293077}}