{"allocation": {"CETETRCISHRS": 592, "UDITRACISHRS": 129, "PSOTRAC15": 1323, "PYPL": 5, "JPM": 2, "CMOCTEZ": 33, "FRAGUAB": 7, "VALUEGFO": 6, "AAL": 2, "GFAMSAA": 59}, "qty": {"CETETRCISHRS": 62710.56018066406, "UDITRACISHRS": 16847.400787353516, "PSOTRAC15": 10413.33275270462, "PYPL": 10225.0, "JPM": 5256.0, "CMOCTEZ": 1920.600025177002, "FRAGUAB": 1715.0, "VALUEGFO": 750.0, "AAL": 1068.0, "GFAMSAA": 248.97998762130737}, "pct": {"CETETRCISHRS": 0.5641728344814151, "UDITRACISHRS": 0.1515669103969565, "PSOTRAC15": 0.09368309641257157, "PYPL": 0.0919887689721381, "JPM": 0.047285376011497106, "CMOCTEZ": 0.017278594817006342, "FRAGUAB": 0.015428923108774265, "VALUEGFO": 0.006747342467393993, "AAL": 0.009608215673569046, "GFAMSAA": 0.0022399376586779707}}