{"allocation": {"FRAGUAB": 115, "CMOCTEZ": 466, "LACOMERUBC": 934, "MONEXB": 781, "JPM": 2, "PSOTRAC15": 985, "BACHOCOB": 85, "CORPTRCISHRS": 137, "CYDSASAA": 7}, "qty": {"FRAGUAB": 26220.0, "CMOCTEZ": 25164.0, "LACOMERUBC": 23536.80071258545, "MONEXB": 10035.850297927858, "JPM": 4629.4599609375, "PSOTRAC15": 6225.200169086456, "BACHOCOB": 5944.050025939941, "CORPTRCISHRS": 1153.5400104522705, "CYDSASAA": 141.4699935913086}, "pct": {"FRAGUAB": 0.2544386759812143, "CMOCTEZ": 0.24419126019798915, "LACOMERUBC": 0.22840093097421593, "MONEXB": 0.09738781320177112, "JPM": 0.04492424343893903, "PSOTRAC15": 0.06040929400230317, "BACHOCOB": 0.057681015200849006, "CORPTRCISHRS": 0.011193943285691524, "CYDSASAA": 0.0013728237170268277}}