{"allocation": {"M5TRACISHRS": 725, "CORPTRCISHRS": 1354, "JPM": 4, "CMOCTEZ": 93, "LACOMERUBC": 181, "CYDSASAA": 158, "PSOTRAC15": 506, "TWTR": 3}, "qty": {"M5TRACISHRS": 64002.999114990234, "CORPTRCISHRS": 10913.24056816101, "JPM": 8502.599609375, "CMOCTEZ": 5183.820156097412, "LACOMERUBC": 4144.89993095398, "CYDSASAA": 3539.1999397277837, "PSOTRAC15": 3246.4959440231323, "TWTR": 1753.2299194335938}, "pct": {"M5TRACISHRS": 0.6319006824997699, "CORPTRCISHRS": 0.10774626593537205, "JPM": 0.08394604269298951, "CMOCTEZ": 0.05117978125851327, "LACOMERUBC": 0.04092253693545481, "CYDSASAA": 0.03494246970206956, "PSOTRAC15": 0.03205260739540057, "TWTR": 0.017309613580430316}}