{"allocation": {"DLRTRAC15": 1923, "PSOTRAC15": 5956, "CMOCTEZ": 133, "CORPTRCISHRS": 670, "CYDSASAA": 236, "PYPL": 1, "GFINBURO": 114, "GCARSOA1": 35, "MONEXB": 57}, "qty": {"DLRTRAC15": 42017.550733566284, "PSOTRAC15": 41364.42102241516, "CMOCTEZ": 6251.0, "CORPTRCISHRS": 5520.79984664917, "CYDSASAA": 4578.399909973145, "PYPL": 4349.35009765625, "GFINBURO": 1822.8599739074707, "GCARSOA1": 1537.8999519348142, "MONEXB": 723.8999891281128}, "pct": {"DLRTRAC15": 0.3884536750866576, "PSOTRAC15": 0.38241546885674854, "CMOCTEZ": 0.05779070604005668, "CORPTRCISHRS": 0.051039980970035544, "CYDSASAA": 0.042327461739094546, "PYPL": 0.04020988849127246, "GFINBURO": 0.016852402000363465, "GCARSOA1": 0.014217936976688873, "MONEXB": 0.006692479839082226}}