{"allocation": {"CETETRCISHRS": 730, "PYPL": 3, "PSOTRAC15": 906, "CMOCTEZ": 116, "FRAGUAB": 12, "VALUEGFO": 8, "AXTELCPO": 231, "MONEXB": 58, "CYDSASAA": 13}, "qty": {"CETETRCISHRS": 77525.99777221681, "PYPL": 10319.69970703125, "PSOTRAC15": 6197.040138244629, "CMOCTEZ": 6032.0, "FRAGUAB": 2626.6799926757812, "VALUEGFO": 877.5999755859376, "AXTELCPO": 803.8800044059753, "MONEXB": 744.7200088500977, "CYDSASAA": 266.23999404907227}, "pct": {"CETETRCISHRS": 0.7355836435132258, "PYPL": 0.09791557062914479, "PSOTRAC15": 0.05879887386010928, "CMOCTEZ": 0.05723293688793892, "FRAGUAB": 0.024922514961144705, "VALUEGFO": 0.008326860745286258, "AXTELCPO": 0.007627389515524411, "MONEXB": 0.00706606652282874, "CYDSASAA": 0.002526143364797047}}