{"allocation": {"MEXTRAC09": 3094, "NAFTRACISHRS": 45, "POCHTECB": 209, "GCARSOA1": 21, "PYPL": 1, "MONEXB": 6}, "qty": {"MEXTRAC09": 93438.80236053467, "NAFTRACISHRS": 2119.4999313354488, "POCHTECB": 1463.0, "GCARSOA1": 1246.3499679565427, "PYPL": 1408.800048828125, "MONEXB": 105.0}, "pct": {"MEXTRAC09": 0.9364345797603713, "NAFTRACISHRS": 0.0212414219506365, "POCHTECB": 0.014662043557699381, "GCARSOA1": 0.012490798030291222, "PYPL": 0.014118856924133278, "MONEXB": 0.0010522997768683767}}