{"allocation": {"PSOTRAC15": 3443, "GE": 6, "DANHOS13": 394, "POCHTECB": 1311, "VALUEGFO": 69, "AAL": 9, "PYPL": 3, "LIVEPOLC-1": 32, "JPM": 2, "FRAGUAB": 16, "CMOCTEZ": 52, "LIVEPOL1": 26, "TWTR": 4, "MONEXB": 153, "BACHOCOB": 13, "LACOMERUBC": 36}, "qty": {"PSOTRAC15": 23167.947315216064, "GE": 12150.719970703125, "DANHOS13": 12076.09984970093, "POCHTECB": 9635.849874973297, "VALUEGFO": 7935.0, "AAL": 6553.529846191406, "PYPL": 4590.030029296875, "LIVEPOLC-1": 4425.919921875, "JPM": 4278.0, "FRAGUAB": 4208.0, "CMOCTEZ": 4066.3998413085938, "LIVEPOL1": 3562.0, "TWTR": 2375.919921875, "MONEXB": 2279.6999416351314, "BACHOCOB": 1201.9799880981445, "LACOMERUBC": 751.6799697875977}, "pct": {"PSOTRAC15": 0.2243678271918974, "GE": 0.11767251546076085, "DANHOS13": 0.1169498638513512, "POCHTECB": 0.09331749033178913, "VALUEGFO": 0.07684576818760355, "AAL": 0.06346704919608898, "PYPL": 0.04445171816074188, "LIVEPOLC-1": 0.042862409115728126, "JPM": 0.041429892414186265, "FRAGUAB": 0.04075198393616077, "CMOCTEZ": 0.039380670392351366, "LIVEPOL1": 0.03449585712466841, "TWTR": 0.02300937511641026, "MONEXB": 0.02207754168269523, "BACHOCOB": 0.011640463204981537, "LACOMERUBC": 0.007279574632585075}}