{"allocation": {"MEXTRAC09": 3117, "FRAGUAB": 6, "POCHTECB": 179, "CMOCTEZ": 10, "PSOTRAC15": 105, "GICSAB": 54, "MONEXB": 13, "AXTELCPO": 44, "UNIFINA": 3}, "qty": {"MEXTRAC09": 94133.40237808228, "FRAGUAB": 1440.0, "POCHTECB": 1253.0, "CMOCTEZ": 739.8999786376953, "PSOTRAC15": 622.6499819755554, "GICSAB": 497.3400020599365, "MONEXB": 206.69999504089353, "AXTELCPO": 166.3199987411499, "UNIFINA": 193.4337615966797}, "pct": {"MEXTRAC09": 0.9484211377578066, "FRAGUAB": 0.014508414695198915, "POCHTECB": 0.012624335842419612, "CMOCTEZ": 0.007454705363225349, "PSOTRAC15": 0.006273377880874644, "GICSAB": 0.005010843746108779, "MONEXB": 0.002082561976075585, "AXTELCPO": 0.0016757218846121975, "UNIFINA": 0.0019489008536783827}}