{"allocation": {"CORPTRCISHRS": 3341, "DLRTRAC15": 1442, "PSOTRAC15": 3237, "CETETRCISHRS": 114, "M5TRACISHRS": 104, "MONEXB": 73, "AXTELCPO": 222, "CMOCTEZ": 6, "AUTLANB": 23}, "qty": {"CORPTRCISHRS": 29400.80063724518, "DLRTRAC15": 26590.480770111084, "PSOTRAC15": 22432.409444332123, "CETETRCISHRS": 11819.520034790039, "M5TRACISHRS": 8982.480285644531, "MONEXB": 865.779974937439, "AXTELCPO": 828.060004234314, "CMOCTEZ": 468.0, "AUTLANB": 376.28001403808594}, "pct": {"CORPTRCISHRS": 0.28891214175811997, "DLRTRAC15": 0.26129603899081844, "PSOTRAC15": 0.22043601932210283, "CETETRCISHRS": 0.11614659375902499, "M5TRACISHRS": 0.08826792336866146, "MONEXB": 0.008507739293793063, "AXTELCPO": 0.008137077363277878, "CMOCTEZ": 0.004598884364105169, "AUTLANB": 0.0036975817800962113}}