{"allocation": {"DLRTRAC15": 1117, "CETETRCISHRS": 191, "CORPTRCISHRS": 2246, "PSOTRAC15": 2530, "UDITRACISHRS": 109, "DANHOS13": 100, "AXTELCPO": 644, "VALUEGFO": 18, "AAL": 2, "POCHTECB": 140, "MONEXB": 49, "AUTLANB": 35, "CMOCTEZ": 4}, "qty": {"DLRTRAC15": 21982.560340881348, "CETETRCISHRS": 19812.430641174316, "CORPTRCISHRS": 19495.280685424805, "PSOTRAC15": 15706.240463256836, "UDITRACISHRS": 12854.37003326416, "DANHOS13": 3045.0000762939453, "AXTELCPO": 2659.720073699951, "VALUEGFO": 2196.0, "AAL": 1720.0, "POCHTECB": 980.0, "MONEXB": 735.0, "AUTLANB": 616.700029373169, "CMOCTEZ": 301.9200134277344}, "pct": {"DLRTRAC15": 0.2152932027714071, "CETETRCISHRS": 0.19403934670395018, "CORPTRCISHRS": 0.19093323764871242, "PSOTRAC15": 0.15382406600490015, "UDITRACISHRS": 0.12589336506555832, "DANHOS13": 0.029822177612556424, "AXTELCPO": 0.026048815254579548, "VALUEGFO": 0.021507225089097817, "AAL": 0.016845367556123973, "POCHTECB": 0.009597941979652032, "MONEXB": 0.007198456484739024, "AUTLANB": 0.0060398480620136525, "CMOCTEZ": 0.0029569497667093435}}