{"allocation": {"CORPTRCISHRS": 4766, "CETETRCISHRS": 337, "DLRTRAC15": 545, "CMOCTEZ": 47, "VALUEGFO": 36, "JPM": 1, "LIVEPOLC-1": 21, "PYPL": 1, "MONEXB": 75, "AXTELCPO": 150, "AUTLANB": 31}, "qty": {"CORPTRCISHRS": 41845.4787273407, "CETETRCISHRS": 35024.41010284424, "DLRTRAC15": 10245.999584197998, "CMOCTEZ": 3673.0500717163086, "VALUEGFO": 3528.0, "JPM": 2205.0, "LIVEPOLC-1": 2824.7098846435547, "PYPL": 1755.8299560546875, "MONEXB": 889.4999742507935, "AXTELCPO": 572.9999899864197, "AUTLANB": 520.4900283813477}, "pct": {"CORPTRCISHRS": 0.4059299473489334, "CETETRCISHRS": 0.33976088651330716, "DLRTRAC15": 0.09939324864344798, "CMOCTEZ": 0.035631113983351746, "VALUEGFO": 0.03422402844471052, "JPM": 0.021390017777944074, "LIVEPOLC-1": 0.027401630226784577, "PYPL": 0.017032759172361238, "MONEXB": 0.008628762023902616, "AXTELCPO": 0.0055584943186264375, "AUTLANB": 0.005049111546630223}}