{"allocation": {"PSOTRAC15": 6178, "GE": 7, "DANHOS13": 383, "FRAGUAB": 26, "POCHTECB": 872, "PYPL": 4, "AAL": 7, "VALUEGFO": 47, "TWTR": 3, "MONEXB": 157, "LACOMERUBC": 62}, "qty": {"PSOTRAC15": 38878.15536689758, "GE": 15232.0, "DANHOS13": 11302.330087661745, "FRAGUAB": 6890.0, "POCHTECB": 6104.0, "PYPL": 6660.0, "AAL": 5215.0, "VALUEGFO": 5405.0, "TWTR": 2654.909912109375, "MONEXB": 2198.0, "LACOMERUBC": 1287.7400283813477}, "pct": {"PSOTRAC15": 0.38180545113112846, "GE": 0.14958684579415604, "DANHOS13": 0.11099526706523816, "FRAGUAB": 0.06766369272070215, "POCHTECB": 0.059944728645452236, "PYPL": 0.06540496277501834, "AAL": 0.051214246377135224, "VALUEGFO": 0.05308015372356968, "TWTR": 0.02607271531119232, "MONEXB": 0.021585601828752295, "LACOMERUBC": 0.01264633462765512}}