{"allocation": {"DLRTRAC15": 1585, "PSOTRAC15": 4027, "CETETRCISHRS": 166, "UDITRACISHRS": 116, "M5TRACISHRS": 124, "AXTELCPO": 561, "GFINBURO": 48, "MONEXB": 73, "GCARSOA1": 2}, "qty": {"DLRTRAC15": 31652.448911666863, "PSOTRAC15": 25917.77147769928, "CETETRCISHRS": 17232.459594726566, "UDITRACISHRS": 13407.280212402342, "M5TRACISHRS": 10620.600189208984, "AXTELCPO": 1856.9099678993225, "GFINBURO": 1263.8399963378904, "MONEXB": 1043.900013923645, "GCARSOA1": 119.55999755859376}, "pct": {"DLRTRAC15": 0.3069632876136282, "PSOTRAC15": 0.2513487775500632, "CETETRCISHRS": 0.16711921613485398, "UDITRACISHRS": 0.1300228877532192, "M5TRACISHRS": 0.10299785522465055, "AXTELCPO": 0.018008186037662122, "GFINBURO": 0.01225663396143981, "MONEXB": 0.010123671034369883, "GCARSOA1": 0.0011594846901130532}}