{"allocation": {"DLRTRAC15": 1518, "CETETRCISHRS": 259, "UDITRACISHRS": 159, "PSOTRAC15": 2581, "FSHOP13": 345, "LIVEPOLC-1": 21, "AXTELCPO": 518, "GFINBURO": 52, "VALUEGFO": 9, "MONEXB": 63, "GICSAB": 40, "GCARSOA1": 4}, "qty": {"DLRTRAC15": 30481.439884185787, "CETETRCISHRS": 26912.690948486328, "UDITRACISHRS": 18184.830436706547, "PSOTRAC15": 16745.52778339386, "FSHOP13": 2825.5498552322388, "LIVEPOLC-1": 2547.3000640869136, "AXTELCPO": 1647.2400345802307, "GFINBURO": 1425.8400039672852, "VALUEGFO": 1080.0, "MONEXB": 837.9000120162964, "GICSAB": 277.1999931335449, "GCARSOA1": 261.2799987792969}, "pct": {"DLRTRAC15": 0.2952861095681555, "CETETRCISHRS": 0.26071418667828844, "UDITRACISHRS": 0.17616385096025436, "PSOTRAC15": 0.16222074057561908, "FSHOP13": 0.027372251025951807, "LIVEPOLC-1": 0.02467673209286878, "AXTELCPO": 0.015957484396544708, "GFINBURO": 0.013812692223131489, "VALUEGFO": 0.010462399399283711, "MONEXB": 0.008117078317017697, "GICSAB": 0.002685349112631342, "GCARSOA1": 0.002531125650253115}}