{"allocation": {"CORPTRCISHRS": 6988, "PSOTRAC15": 1914, "GE": 3, "CMOCTEZ": 54, "TWTR": 7, "AAL": 2, "JPM": 1, "MONEXB": 142, "AUTLANB": 101, "AXTELCPO": 447, "POCHTECB": 213, "FRAGUAB": 6}, "qty": {"CORPTRCISHRS": 61075.11840057373, "PSOTRAC15": 12674.508416175842, "GE": 6000.0, "CMOCTEZ": 4006.799835205078, "TWTR": 3656.0999145507812, "AAL": 1940.0, "JPM": 1981.0, "MONEXB": 1988.0, "AUTLANB": 1865.4699306488033, "AXTELCPO": 1828.230068206787, "POCHTECB": 1491.0, "FRAGUAB": 1463.9400329589846}, "pct": {"CORPTRCISHRS": 0.61093344623475, "PSOTRAC15": 0.12678290781590873, "GE": 0.060017905382792766, "CMOCTEZ": 0.04007995556618801, "TWTR": 0.03657190979025758, "AAL": 0.019405789407102993, "JPM": 0.019815911760552078, "MONEXB": 0.019885932650165337, "AUTLANB": 0.018660266298687476, "AXTELCPO": 0.018287756541935287, "POCHTECB": 0.014914449487624002, "FRAGUAB": 0.01464376906403581}}