{"allocation": {"CORPTRCISHRS": 6935, "PSOTRAC15": 2151, "GE": 2, "AAL": 5, "TWTR": 7, "AUTLANB": 147, "POCHTECB": 374, "AXTELCPO": 590, "CMOCTEZ": 28, "MONEXB": 97, "DANHOS13": 31, "FRAGUAB": 3, "PYPL": 1}, "qty": {"CORPTRCISHRS": 60542.546825408936, "PSOTRAC15": 14024.51995897293, "GE": 4306.39990234375, "AAL": 4010.0, "TWTR": 3990.0, "AUTLANB": 2822.4001121520996, "POCHTECB": 2618.0, "AXTELCPO": 2501.599864959717, "CMOCTEZ": 2128.0, "MONEXB": 1551.029977798462, "DANHOS13": 1031.0599479675293, "FRAGUAB": 723.0, "PYPL": 1388.8399658203125}, "pct": {"CORPTRCISHRS": 0.5956719561622633, "PSOTRAC15": 0.1379858244531602, "GE": 0.04237023033146499, "AAL": 0.039453981860046096, "TWTR": 0.039257203895656845, "AUTLANB": 0.02776930743806509, "POCHTECB": 0.02575823553855379, "AXTELCPO": 0.02461298645716071, "CMOCTEZ": 0.020937175411016983, "MONEXB": 0.015260426086894818, "DANHOS13": 0.010144493886217201, "FRAGUAB": 0.007113523412671653, "PYPL": 0.013664655066828343}}