{"allocation": {"CETETRCISHRS": 726, "UDITRACISHRS": 114, "GFAMSAA": 947, "LACOMERUBC": 132, "AAL": 6, "PYPL": 1, "LIVEPOL1": 14, "VALUEGFO": 14, "GFINBURO": 16}, "qty": {"CETETRCISHRS": 76759.98243713379, "UDITRACISHRS": 14723.099304199219, "GFAMSAA": 4924.3998193740845, "LACOMERUBC": 3420.1199798583984, "AAL": 3377.280029296875, "PYPL": 2109.800048828125, "LIVEPOL1": 1484.0, "VALUEGFO": 1298.5, "GFINBURO": 371.3599853515625}, "pct": {"CETETRCISHRS": 0.7076704572772955, "UDITRACISHRS": 0.1357361229944901, "GFAMSAA": 0.04539933649472593, "LACOMERUBC": 0.03153098519885464, "AAL": 0.03113603243256865, "PYPL": 0.01945080128881814, "LIVEPOL1": 0.013681386124073222, "VALUEGFO": 0.011971212858564069, "GFINBURO": 0.0034236653306097724}}