{"allocation": {"CORPTRCISHRS": 9349, "GFINBURO": 331, "VALUEGFO": 50, "PYPL": 2, "PSOTRAC15": 552, "TWTR": 4, "SORIANAB": 94, "LIVEPOL1": 4}, "qty": {"CORPTRCISHRS": 79840.45964336395, "GFINBURO": 8606.0, "VALUEGFO": 5650.0, "PYPL": 4326.68017578125, "PSOTRAC15": 3942.3841094970703, "TWTR": 2858.280029296875, "SORIANAB": 2140.380043029785, "LIVEPOL1": 420.0}, "pct": {"CORPTRCISHRS": 0.7407437406831991, "GFINBURO": 0.07984473862995183, "VALUEGFO": 0.05241956463621053, "PYPL": 0.04014206922735858, "PSOTRAC15": 0.0365766475484161, "TWTR": 0.02651854774232164, "SORIANAB": 0.019858015931266355, "LIVEPOL1": 0.003896675601275827}}