{"allocation": {"CETETRCISHRS": 384, "DLRTRAC15": 1376, "PSOTRAC15": 2225, "CORPTRCISHRS": 1673, "GFINBURO": 143, "LIVEPOL1": 22, "GFAMSAA": 204, "AXTELCPO": 507, "LIVEPOLC-1": 11, "MONEXB": 52, "VALUEGFO": 7, "CMOCTEZ": 5}, "qty": {"CETETRCISHRS": 40235.51953125, "DLRTRAC15": 26088.958740234375, "PSOTRAC15": 16019.99957561493, "CORPTRCISHRS": 14304.150319099426, "GFINBURO": 3969.680032730103, "LIVEPOL1": 2354.0, "GFAMSAA": 1242.3600311279297, "AXTELCPO": 1161.029980659485, "LIVEPOLC-1": 1175.5700302124026, "MONEXB": 639.6000099182129, "VALUEGFO": 570.5, "CMOCTEZ": 304.4499969482422}, "pct": {"CETETRCISHRS": 0.37232420189508847, "DLRTRAC15": 0.24141730626063784, "PSOTRAC15": 0.14824298594474197, "CORPTRCISHRS": 0.13236516921844782, "GFINBURO": 0.036733909918005896, "LIVEPOL1": 0.021783021108508833, "GFAMSAA": 0.011496327435185805, "AXTELCPO": 0.010743730066404914, "LIVEPOLC-1": 0.010878278157454178, "MONEXB": 0.0059186153428423495, "VALUEGFO": 0.005279190119967838, "CMOCTEZ": 0.002817264532714108}}