{"allocation": {"DLRTRAC15": 1648, "PSOTRAC15": 3339, "CETETRCISHRS": 188, "UDITRACISHRS": 105, "CORPTRCISHRS": 1218, "GFINBURO": 67, "AXTELCPO": 608, "MONEXB": 82, "VALUEGFO": 11, "GICSAB": 104, "SORIANAB": 17}, "qty": {"DLRTRAC15": 31921.76138305664, "PSOTRAC15": 22484.826687812805, "CETETRCISHRS": 19621.560516357426, "UDITRACISHRS": 12559.050064086914, "CORPTRCISHRS": 9976.637981414795, "GFINBURO": 1895.430061340332, "AXTELCPO": 1805.7600173950193, "MONEXB": 1156.2000312805178, "VALUEGFO": 1199.0, "GICSAB": 661.440013885498, "SORIANAB": 471.75}, "pct": {"DLRTRAC15": 0.3076694954339112, "PSOTRAC15": 0.2167140841304005, "CETETRCISHRS": 0.18911724673494754, "UDITRACISHRS": 0.12104709856009999, "CORPTRCISHRS": 0.09615719937991611, "GFINBURO": 0.018268603777997626, "AXTELCPO": 0.017404342660162365, "MONEXB": 0.011143729695115179, "VALUEGFO": 0.011556245928868485, "GICSAB": 0.006375115485950793, "SORIANAB": 0.0045468382126302815}}