{"allocation": {"CETETRCISHRS": 530, "DLRTRAC15": 1148, "PSOTRAC15": 2331, "LIVEPOL1": 36, "GFINBURO": 107, "CMOCTEZ": 44, "GFAMSAA": 445, "FRAGUAB": 6, "VALUEGFO": 4}, "qty": {"CETETRCISHRS": 55782.5, "DLRTRAC15": 22386.0, "PSOTRAC15": 17198.11749315262, "LIVEPOL1": 4014.0, "GFINBURO": 2685.7000408172607, "CMOCTEZ": 2552.0, "GFAMSAA": 2407.4499320983887, "FRAGUAB": 1380.0, "VALUEGFO": 372.0}, "pct": {"CETETRCISHRS": 0.5128115910027349, "DLRTRAC15": 0.20579572941670277, "PSOTRAC15": 0.15810324015444915, "LIVEPOL1": 0.03690092280347739, "GFINBURO": 0.024689788211134486, "CMOCTEZ": 0.023460676381284084, "GFAMSAA": 0.022131819655605265, "FRAGUAB": 0.012686415911509418, "VALUEGFO": 0.003419816463102539}}