{"allocation": {"CETETRCISHRS": 757, "DLRTRAC15": 547, "PSOTRAC15": 1156, "CORPTRCISHRS": 497, "VALUEGFO": 11, "TLEVISACPO": 19, "SORIANAB": 17, "MFRISCOA-1": 50, "GFINBURO": 8, "AXTELCPO": 8}, "qty": {"CETETRCISHRS": 79159.48976898193, "DLRTRAC15": 10485.990041732788, "PSOTRAC15": 8176.3879470825195, "CORPTRCISHRS": 4224.5, "VALUEGFO": 1265.0, "TLEVISACPO": 816.8100318908691, "SORIANAB": 383.01001167297363, "MFRISCOA-1": 221.49999141693115, "GFINBURO": 215.11999511718753, "AXTELCPO": 18.319999694824222}, "pct": {"CETETRCISHRS": 0.7541431834960081, "DLRTRAC15": 0.09989879842907314, "PSOTRAC15": 0.07789548990154517, "CORPTRCISHRS": 0.04024631649315214, "VALUEGFO": 0.012051506773307482, "TLEVISACPO": 0.007781653463903803, "SORIANAB": 0.003648891501914166, "MFRISCOA-1": 0.0021102044639120117, "GFINBURO": 0.0020494229867420223, "AXTELCPO": 0.00017453249044202778}}