{"allocation": {"CETETRCISHRS": 649, "UDITRACISHRS": 100, "DLRTRAC15": 584, "VALUEGFO": 31, "LIVEPOLC-1": 25, "NAFTRACISHRS": 53, "GFINBURO": 75, "PYPL": 1, "AXTELCPO": 263, "LIVEPOL1": 4}, "qty": {"CETETRCISHRS": 67619.31158447264, "UDITRACISHRS": 11719.000244140623, "DLRTRAC15": 11096.0, "VALUEGFO": 3177.5, "LIVEPOLC-1": 3022.7500915527344, "NAFTRACISHRS": 2274.7599029541016, "GFINBURO": 2157.000017166138, "PYPL": 1890.0, "AXTELCPO": 731.1399924755096, "LIVEPOL1": 460.0}, "pct": {"CETETRCISHRS": 0.6492650938825048, "UDITRACISHRS": 0.11252314783204988, "DLRTRAC15": 0.10654124262593909, "VALUEGFO": 0.030509624949884774, "LIVEPOLC-1": 0.029023751883714803, "NAFTRACISHRS": 0.0218417219481246, "GFINBURO": 0.020711018580844655, "PYPL": 0.018147345760907072, "AXTELCPO": 0.007020238223851888, "LIVEPOL1": 0.004416814312178441}}