{"allocation": {"DLRTRAC15": 1701, "CETETRCISHRS": 247, "PSOTRAC15": 2834, "UDITRACISHRS": 75, "CORPTRCISHRS": 829, "GFINBURO": 108, "LIVEPOLC-1": 15, "VALUEGFO": 16, "MFRISCOA-1": 232, "DANHOS13": 40, "AXTELCPO": 329, "MONEXB": 51}, "qty": {"DLRTRAC15": 32063.850648880005, "CETETRCISHRS": 25759.630226135254, "PSOTRAC15": 19962.69642162323, "UDITRACISHRS": 8769.750022888184, "CORPTRCISHRS": 6897.279747009277, "GFINBURO": 2991.600082397461, "LIVEPOLC-1": 1878.3000183105469, "VALUEGFO": 1744.0, "MFRISCOA-1": 1150.7200088500977, "DANHOS13": 1093.199996948242, "AXTELCPO": 980.420006275177, "MONEXB": 714.0}, "pct": {"DLRTRAC15": 0.30829010901321546, "CETETRCISHRS": 0.24767577972837, "PSOTRAC15": 0.19193895092057267, "UDITRACISHRS": 0.08432010304006593, "CORPTRCISHRS": 0.06631652412510246, "GFINBURO": 0.028763878849918264, "LIVEPOLC-1": 0.018059631194817512, "VALUEGFO": 0.016768352497856593, "MFRISCOA-1": 0.011064035971751774, "DANHOS13": 0.010510987901080201, "AXTELCPO": 0.009426621709388154, "MONEXB": 0.006865025047861013}}