{"allocation": {"CETETRCISHRS": 662, "CORPTRCISHRS": 1702, "DLRTRAC15": 536, "GFINBURO": 200, "GFAMSAA": 821, "LIVEPOL1": 25, "AXTELCPO": 170, "FRAGUAB": 2, "VALUEGFO": 4, "TWTR": 1}, "qty": {"CETETRCISHRS": 70258.05818176268, "CORPTRCISHRS": 15011.63948059082, "DLRTRAC15": 10184.0, "GFINBURO": 4779.999923706056, "GFAMSAA": 4441.609874725342, "LIVEPOL1": 2800.0, "AXTELCPO": 496.4000129699707, "FRAGUAB": 460.0, "VALUEGFO": 340.0, "TWTR": 574.77001953125}, "pct": {"CETETRCISHRS": 0.6425269454708912, "CORPTRCISHRS": 0.1372850760694375, "DLRTRAC15": 0.09313514466549962, "GFINBURO": 0.04371425612681074, "GFAMSAA": 0.04061959723392148, "LIVEPOL1": 0.025606677637804293, "AXTELCPO": 0.004539698254115682, "FRAGUAB": 0.0042068113262107056, "VALUEGFO": 0.0031093822845905212, "TWTR": 0.005256410930718284}}