{"allocation": {"CETETRCISHRS": 762, "DLRTRAC15": 522, "PSOTRAC15": 1018, "CORPTRCISHRS": 579, "VALUEGFO": 12, "TLEVISACPO": 20, "GCARSOA1": 6, "AUTLANB": 35, "GFAMSAA": 26, "CMOCTEZ": 3, "SORIANAB": 4}, "qty": {"CETETRCISHRS": 79926.17953491211, "DLRTRAC15": 9787.5, "PSOTRAC15": 7460.921996116638, "CORPTRCISHRS": 4892.549889564514, "VALUEGFO": 1356.0, "TLEVISACPO": 771.2000274658203, "GCARSOA1": 441.0600128173828, "AUTLANB": 378.6999893188477, "GFAMSAA": 169.0, "CMOCTEZ": 181.04999542236325, "SORIANAB": 91.95999908447266}, "pct": {"CETETRCISHRS": 0.7579093412497905, "DLRTRAC15": 0.09281111296258183, "PSOTRAC15": 0.07074906505099289, "CORPTRCISHRS": 0.046394176293786914, "VALUEGFO": 0.012858428523858082, "TLEVISACPO": 0.007312994417969498, "GCARSOA1": 0.004182403133882188, "AUTLANB": 0.0035910669208275973, "GFAMSAA": 0.0016025622570295102, "CMOCTEZ": 0.0017168277473328102, "SORIANAB": 0.0008720214419481905}}