{"allocation": {"CETETRCISHRS": 478, "DLRTRAC15": 1173, "PSOTRAC15": 2362, "CMOCTEZ": 134, "LIVEPOL1": 30, "GFINBURO": 79, "AAL": 3, "MONEXB": 104, "CYDSASAA": 29, "LIVEPOLC-1": 5, "AXTELCPO": 130}, "qty": {"CETETRCISHRS": 50233.01824951172, "DLRTRAC15": 22169.699552536014, "PSOTRAC15": 17653.58794593811, "CMOCTEZ": 7999.800102233887, "LIVEPOL1": 3105.0, "GFINBURO": 1858.08003616333, "AAL": 1743.0, "MONEXB": 1248.0, "CYDSASAA": 694.5500221252441, "LIVEPOLC-1": 465.4000091552734, "AXTELCPO": 323.7000012397766}, "pct": {"CETETRCISHRS": 0.4673106864230713, "DLRTRAC15": 0.2062415892317911, "PSOTRAC15": 0.16422883968208668, "CMOCTEZ": 0.07442101245944169, "LIVEPOL1": 0.02888537722611841, "GFINBURO": 0.0172854566057641, "AAL": 0.0162148832544684, "MONEXB": 0.011609968044507497, "CYDSASAA": 0.00646130093123883, "LIVEPOLC-1": 0.0043295506684344716, "AXTELCPO": 0.0030113354730775988}}