{"allocation": {"CETETRCISHRS": 499, "DLRTRAC15": 1159, "PSOTRAC15": 2464, "CMOCTEZ": 70, "LIVEPOL1": 31, "GFINBURO": 118, "FRAGUAB": 12, "GFAMSAA": 344, "VALUEGFO": 5}, "qty": {"CETETRCISHRS": 52365.06121826171, "DLRTRAC15": 22959.78938102722, "PSOTRAC15": 17735.87188720703, "CMOCTEZ": 3955.0, "LIVEPOL1": 3379.0, "GFINBURO": 2922.8600540161133, "FRAGUAB": 2640.0, "GFAMSAA": 1854.159954071045, "VALUEGFO": 497.5}, "pct": {"CETETRCISHRS": 0.4834773100816456, "DLRTRAC15": 0.21198365764745802, "PSOTRAC15": 0.1637521552059055, "CMOCTEZ": 0.03651581258356415, "LIVEPOL1": 0.031197706882392737, "GFINBURO": 0.026986247772550844, "FRAGUAB": 0.024374651130368994, "GFAMSAA": 0.01711912955317527, "VALUEGFO": 0.004593329142938854}}