{"allocation": {"CETETRCISHRS": 661, "DLRTRAC15": 682, "GFINBURO": 361, "FRAGUAB": 20, "AXTELCPO": 366, "GFAMSAA": 6471, "GCARSOA1": 55, "LACOMERUBC": 30, "TWTR": 2, "FSHOP13": 165}, "qty": {"CETETRCISHRS": 69894.13858795165, "DLRTRAC15": 14159.001781463623, "GFINBURO": 5671.310013771057, "FRAGUAB": 4360.0, "AXTELCPO": 2895.059944152832, "GFAMSAA": 2458.9799691438675, "GCARSOA1": 2160.3999328613286, "LACOMERUBC": 1162.5, "TWTR": 1751.47998046875, "FSHOP13": 1009.7999811172485}, "pct": {"CETETRCISHRS": 0.6623613528873631, "DLRTRAC15": 0.13417971470817258, "GFINBURO": 0.053744944129157424, "FRAGUAB": 0.041318135639584495, "AXTELCPO": 0.02743543106817308, "GFAMSAA": 0.023302859610116425, "GCARSOA1": 0.020473325105897618, "LACOMERUBC": 0.011016590064453435, "TWTR": 0.016598139312620327, "FSHOP13": 0.009569507474461546}}