{"allocation": {"CETETRCISHRS": 730, "UDITRACISHRS": 97, "GFAMSAA": 1272, "PYPL": 2, "LIVEPOL1": 28, "AAL": 4, "VALUEGFO": 13, "AXTELCPO": 372, "PSOTRAC15": 103, "GFINBURO": 29, "FRAGUAB": 1}, "qty": {"CETETRCISHRS": 77328.90022277832, "UDITRACISHRS": 12668.200592041016, "GFAMSAA": 5367.839733123779, "PYPL": 4090.0, "LIVEPOL1": 2996.0, "AAL": 2136.0, "VALUEGFO": 1625.0, "AXTELCPO": 1134.5999822616577, "PSOTRAC15": 810.7129807472229, "GFINBURO": 668.4499778747559, "FRAGUAB": 245.0}, "pct": {"CETETRCISHRS": 0.7089795678332627, "UDITRACISHRS": 0.11614668455254579, "GFAMSAA": 0.04921431293118654, "PYPL": 0.037498612085315665, "LIVEPOL1": 0.0274684209798547, "AAL": 0.019583627240644073, "VALUEGFO": 0.014898592821182874, "AXTELCPO": 0.010402426554238614, "PSOTRAC15": 0.0074329123661540574, "GFINBURO": 0.006128593256421347, "FRAGUAB": 0.0022462493791937255}}