{"allocation": {"DLRTRAC15": 2948, "FSHOP13": 1799, "GFINBURO": 648, "CMOCTEZ": 237, "BACHOCOB": 54, "CYDSASAA": 119, "AXTELCPO": 436}, "qty": {"DLRTRAC15": 55157.07730102539, "FSHOP13": 18259.84931373596, "GFINBURO": 13883.399505615234, "CMOCTEZ": 13663.0503616333, "BACHOCOB": 4088.6098022460938, "CYDSASAA": 2795.9050998687744, "AXTELCPO": 1390.8400249481201}, "pct": {"DLRTRAC15": 0.5049223529928717, "FSHOP13": 0.16715545006978522, "GFINBURO": 0.1270922806090198, "CMOCTEZ": 0.12507514674871545, "BACHOCOB": 0.03742820654823636, "CYDSASAA": 0.025594448633779715, "AXTELCPO": 0.012732114397591797}}