{"allocation": {"CETETRCISHRS": 833, "CMOCTEZ": 163, "GFINBURO": 297, "TWTR": 2, "FRAGUAB": 4, "CHDRAUIB": 28}, "qty": {"CETETRCISHRS": 88081.41822052, "CMOCTEZ": 7530.600124359131, "GFINBURO": 4754.970067977905, "TWTR": 1783.1600341796875, "FRAGUAB": 874.0, "CHDRAUIB": 708.6799850463867}, "pct": {"CETETRCISHRS": 0.8491180617733706, "CMOCTEZ": 0.07259611290064874, "GFINBURO": 0.04583862350857541, "TWTR": 0.017189929756395043, "FRAGUAB": 0.008425490880856807, "CHDRAUIB": 0.006831781180153398}}