{"allocation": {"DLRTRAC15": 1567, "PSOTRAC15": 4251, "CETETRCISHRS": 171, "CMOCTEZ": 245, "CYDSASAA": 186, "GFINBURO": 117, "GCARSOA1": 38, "LIVEPOL1": 15, "LIVEPOLC-1": 11, "AUTLANB": 43, "DANHOS13": 11}, "qty": {"DLRTRAC15": 34238.95059776306, "PSOTRAC15": 29523.195729732513, "CETETRCISHRS": 18081.539634704586, "CMOCTEZ": 11515.0, "CYDSASAA": 3608.3999290466313, "GFINBURO": 1870.8299732208252, "GCARSOA1": 1669.7199478149412, "LIVEPOL1": 870.0, "LIVEPOLC-1": 600.1600151062012, "AUTLANB": 376.68000984191895, "DANHOS13": 235.39999580383304}, "pct": {"DLRTRAC15": 0.3337459015301579, "PSOTRAC15": 0.28777884260023523, "CETETRCISHRS": 0.17625072150523288, "CMOCTEZ": 0.11224304451582254, "CYDSASAA": 0.03517306069186903, "GFINBURO": 0.01823600972347027, "GCARSOA1": 0.016275679585892256, "LIVEPOL1": 0.008480368973405612, "LIVEPOLC-1": 0.005850090081822151, "AUTLANB": 0.0036717074349029077, "DANHOS13": 0.0022945733571892377}}