{"allocation": {"M5TRACISHRS": 688, "CORPTRCISHRS": 4486, "PSOTRAC15": 539, "AAL": 6, "TWTR": 3, "GFINBURO": 32, "GCARSOA1": 9}, "qty": {"M5TRACISHRS": 60502.7216796875, "CORPTRCISHRS": 40777.74068450928, "PSOTRAC15": 4128.739917755127, "AAL": 2267.93994140625, "TWTR": 1920.0, "GFINBURO": 675.8400268554688, "GCARSOA1": 486.26998901367193}, "pct": {"M5TRACISHRS": 0.5462543350239359, "CORPTRCISHRS": 0.368165546986847, "PSOTRAC15": 0.0372767045125722, "AAL": 0.0204763023905918, "TWTR": 0.017334894929166008, "GFINBURO": 0.006101883257533481, "GCARSOA1": 0.004390332899353496}}