{"allocation": {"M5TRACISHRS": 927, "CORPTRCISHRS": 2060, "JPM": 2, "CMOCTEZ": 12, "SITESB-1": 31, "GCARSOA1": 8, "BACHOCOB": 1}, "qty": {"M5TRACISHRS": 81835.5588684082, "CORPTRCISHRS": 16603.6008644104, "JPM": 4251.2998046875, "CMOCTEZ": 668.8800201416016, "SITESB-1": 473.3700141906738, "GCARSOA1": 372.55999755859375, "BACHOCOB": 67.4800033569336}, "pct": {"M5TRACISHRS": 0.7848221055234506, "CORPTRCISHRS": 0.1592324066684903, "JPM": 0.04077095714946362, "CMOCTEZ": 0.006414715473431589, "SITESB-1": 0.004539728894943839, "GCARSOA1": 0.003572937311858729, "BACHOCOB": 0.0006471489783613213}}