{"allocation": {"CETETRCISHRS": 791, "CMOCTEZ": 180, "GFINBURO": 270, "MONEXB": 318, "SITESB-1": 80, "DANHOS13": 23, "CHDRAUIB": 11, "AXTELCPO": 40}, "qty": {"CETETRCISHRS": 84004.19758605958, "CMOCTEZ": 9360.0, "GFINBURO": 4103.999948501587, "MONEXB": 4083.120048522949, "SITESB-1": 1142.3999786376953, "DANHOS13": 471.2699947357178, "CHDRAUIB": 304.03999328613287, "AXTELCPO": 139.20000076293945}, "pct": {"CETETRCISHRS": 0.8107869381812317, "CMOCTEZ": 0.09034031583483287, "GFINBURO": 0.039610753368992654, "MONEXB": 0.03940922593751083, "SITESB-1": 0.011026151162375613, "DANHOS13": 0.004548576941015467, "CHDRAUIB": 0.0029345159209283878, "AXTELCPO": 0.0013435226531124922}}