{"allocation": {"CETETRCISHRS": 768, "CMOCTEZ": 241, "GFINBURO": 328, "MONEXB": 291, "DANHOS13": 13, "SITESB-1": 6}, "qty": {"CETETRCISHRS": 81208.31835937499, "CMOCTEZ": 11664.400367736816, "GFINBURO": 5231.599937438965, "MONEXB": 3695.699944496155, "DANHOS13": 283.9200019836426, "SITESB-1": 87.41999816894533}, "pct": {"CETETRCISHRS": 0.7948246892751311, "CMOCTEZ": 0.11416507058844722, "GFINBURO": 0.0512041731523761, "MONEXB": 0.03617158462805636, "DANHOS13": 0.002778860982651927, "SITESB-1": 0.0008556213733373418}}