{"allocation": {"CETETRCISHRS": 623, "DLRTRAC15": 764, "GFINBURO": 363, "FRAGUAB": 17, "GCARSOA1": 74, "AXTELCPO": 441, "GFAMSAA": 7443, "FSHOP13": 314, "TWTR": 2}, "qty": {"CETETRCISHRS": 65876.0186691284, "DLRTRAC15": 16525.319358825684, "GFINBURO": 6254.489833831787, "FRAGUAB": 3740.0, "GCARSOA1": 3361.820022583008, "AXTELCPO": 3100.230092525482, "GFAMSAA": 2232.9000887274738, "FSHOP13": 2009.6000299453735, "TWTR": 1976.3000488281248}, "pct": {"CETETRCISHRS": 0.6269328249852192, "DLRTRAC15": 0.15726914526282182, "GFINBURO": 0.059523102026854416, "FRAGUAB": 0.0355930551483606, "GCARSOA1": 0.031993969375042744, "AXTELCPO": 0.029504454720819938, "GFAMSAA": 0.021250196791138033, "FSHOP13": 0.01912508146844727, "TWTR": 0.01880817022129604}}