{"allocation": {"MONEXB": 1559, "FRAGUAB": 86, "CMOCTEZ": 356, "SITESB-1": 1010, "CORPTRCISHRS": 1320, "LACOMERUBC": 424, "BACHOCOB": 82, "AAL": 19, "PSOTRAC15": 12}, "qty": {"MONEXB": 20033.150594711307, "FRAGUAB": 19608.0, "CMOCTEZ": 19224.0, "SITESB-1": 16008.500385284426, "CORPTRCISHRS": 11114.400100708008, "LACOMERUBC": 10684.800323486328, "BACHOCOB": 5734.260025024414, "AAL": 5502.400115966797, "PSOTRAC15": 75.84000205993652}, "pct": {"MONEXB": 0.18551729755630092, "FRAGUAB": 0.1815801839698779, "CMOCTEZ": 0.17802414609531483, "SITESB-1": 0.14824696272143043, "CORPTRCISHRS": 0.10292507216449356, "LACOMERUBC": 0.09894675685536815, "BACHOCOB": 0.05310220268640605, "AAL": 0.05095506045150595, "PSOTRAC15": 0.0007023174993022845}}