{"AAL": -0.0218938514247273, "ACTINVRB": -0.0006706474830908293, "AUTLANB": -0.026965722574411613, "AXTELCPO": 0.062424517424530465, "BACHOCOB": -0.0090192693655929, "CETETRCISHRS": -0.0025237252217913462, "CHDRAUIB": -0.021685192346623042, "CMOCTEZ": 0.10313222136402952, "CORPTRCISHRS": -0.007112766730800195, "CYDSASAA": -0.025499919151020834, "DLRTRAC15": -0.012248902503515324, "FRAGUAB": -0.002505362923694735, "GCARSOA1": 0.04138512857843654, "GFAMSAA": -0.10010887017441336, "GFINBURO": -0.03282793856923049, "GICSAB": 0.04005728996050913, "JPM": 0.06015135733843005, "LIVEPOL1": -0.04527017222738712, "LIVEPOLC-1": -0.10011681766890884, "M5TRACISHRS": -0.009228026311462054, "MEXTRAC09": 0.1889501944634241, "MFRISCOA-1": 0.0007364495015962502, "MONEXB": 0.185165941201199, "NAFTRACISHRS": 0.01539872311425442, "POCHTECB": 0.020610074575519947, "PSOTRAC15": 0.028424243850084175, "PYPL": 0.03326887646668859, "SORIANAB": -0.014789316724124604, "TLEVISACPO": -0.002366468146147361, "TWTR": -0.03952295832570451, "UDITRACISHRS": -0.0034780853960652914, "UNIFINA": 0.06011684817487034, "VALUEGFO": 0.03869610558946337}