{"AAL": -0.07122333706883038, "ACTINVRB": -0.0006706474830908293, "AUTLANB": -0.044602287068036345, "AXTELCPO": 0.04805145439724157, "BACHOCOB": 0.011391101836838256, "CETETRCISHRS": -0.0008339817297376251, "CHDRAUIB": -0.028162082101896885, "CMOCTEZ": 0.09185766007652507, "CORPTRCISHRS": -0.0046515997525403245, "CYDSASAA": -0.01691598449338277, "DLRTRAC15": -0.012654078864796296, "FRAGUAB": 0.0015501679636709099, "GCARSOA1": 0.03329412319859594, "GFAMSAA": -0.1200875064856249, "GFINBURO": -0.04743433662779756, "GICSAB": 0.04307241418833131, "JPM": 0.06015135733843005, "LIVEPOL1": -0.033282955792339634, "LIVEPOLC-1": -0.060557189224488044, "M5TRACISHRS": -0.015479255011714885, "MEXTRAC09": 0.1889501944634241, "MFRISCOA-1": -0.03882459148745753, "MONEXB": 0.14774661581230875, "NAFTRACISHRS": -0.0024063034141305305, "POCHTECB": 0.020610074575519947, "PSOTRAC15": 0.009060550932554146, "PYPL": 0.04565259267500923, "SORIANAB": -0.023520972944844988, "TLEVISACPO": -0.015306044203301748, "TWTR": -0.08071154358795274, "UDITRACISHRS": -0.004296594191144036, "UNIFINA": 0.05066966392480362, "VALUEGFO": 0.004331850927974109}