{"AAL": -0.014129704650243482, "AUTLANB": 0.08551107905921647, "AXTELCPO": 0.015926861554572184, "BACHOCOB": 0.015409810223249686, "CETETRCISHRS": 0.00020294755496842344, "CHDRAUIB": 0.016228731234883817, "CMOCTEZ": 0.058825504636274346, "CORPTRCISHRS": 0.013810319823568187, "CYDSASAA": -0.0065658244635048305, "DANHOS13": 0.007633686291656132, "DLRTRAC15": 0.006220961239687247, "FRAGUAB": 0.004774553762077757, "FSHOP13": 0.00952761391586249, "GCARSOA1": 0.040740811450320595, "GE": -0.035582674737604965, "GFAMSAA": -0.03138723186986894, "GFINBURO": 0.010836635532560188, "GICSAB": 0.013131524764212053, "JPM": 0.07861017304426371, "LACOMERUBC": 0.04289832666686211, "LIVEPOL1": -0.018271744114239662, "LIVEPOLC-1": 0.01851400969510253, "M5TRACISHRS": -0.002041081132721977, "MEXTRAC09": 0.1889501944634241, "MFRISCOA-1": -0.03548157570188883, "MONEXB": 0.13528057297928842, "NAFTRACISHRS": 0.038194459010241995, "PSOTRAC15": 0.011782634489035958, "PYPL": 0.03926672023290178, "SITESB-1": 0.006825915183364154, "SORIANAB": 0.015752335214305385, "TLEVISACPO": 0.0676430179146191, "TWTR": -0.01234109680540376, "UDITRACISHRS": 0.0016873010204294413, "UNIFINA": -0.11539523435291324, "VALUEGFO": 0.06492360427401957}