{"AAL": -0.0200896411245457, "AUTLANB": 0.08735533486543436, "AXTELCPO": 0.028761949537147533, "BACHOCOB": -0.0014540969125155956, "CETETRCISHRS": 0.0003232692418529101, "CHDRAUIB": -0.01532749593227626, "CMOCTEZ": 0.04039408335927768, "CORPTRCISHRS": 0.0008466437588072906, "CYDSASAA": 0.05406746430685856, "DLRTRAC15": 0.016951801154360333, "FRAGUAB": -0.004019336152780298, "FSHOP13": -0.0677469367501973, "GCARSOA1": 0.016201595810614925, "GE": -0.011815153425688285, "GFAMSAA": -0.0010346961571881064, "GFINBURO": 0.03597870370847081, "GICSAB": -0.05208536969194576, "JPM": 0.06697421327812374, "LACOMERUBC": 0.04066362272453774, "LIVEPOL1": -0.07057036003020103, "LIVEPOLC-1": -0.10226005808515362, "M5TRACISHRS": 0.0030075960515300025, "MEXTRAC09": 0.1889501944634241, "MFRISCOA-1": -0.010523952509353594, "MONEXB": 0.11987791798797474, "NAFTRACISHRS": -0.007349486113090556, "PSOTRAC15": 0.009487387700252769, "PYPL": 0.1032925793253046, "SORIANAB": -0.0073699804269179055, "TLEVISACPO": 0.01134158579394842, "TWTR": 0.052066892340525237, "UDITRACISHRS": -0.005257980152014969, "UNIFINA": -0.011407786109604502, "VALUEGFO": -0.02678824712265537}