{"AAL": -0.017992394602171405, "AUTLANB": 0.07577069527012717, "AXTELCPO": 0.03949216481368192, "BACHOCOB": 0.005814003529277756, "CETETRCISHRS": 0.0016949197134146674, "CHDRAUIB": -0.03343730038647422, "CMOCTEZ": 0.07531998051954819, "CORPTRCISHRS": 0.0022523679661830874, "CYDSASAA": -0.008884549928341878, "DLRTRAC15": 0.012108095181280065, "FRAGUAB": -0.01423231405804986, "FSHOP13": -0.0408861366061434, "GCARSOA1": 0.03679741122703812, "GE": -0.01391979119238437, "GFAMSAA": -0.016413873708160644, "GFINBURO": -0.008125623658642512, "GICSAB": -0.047445110576757654, "JPM": 0.039002811455476835, "LACOMERUBC": 0.02192033215038177, "LIVEPOL1": -0.03609790200371196, "LIVEPOLC-1": 0.0022272240050383997, "M5TRACISHRS": -0.009185093812678628, "MEXTRAC09": 0.1889501944634241, "MFRISCOA-1": -0.0411318819265692, "MONEXB": 0.14695250843333754, "NAFTRACISHRS": 0.006130241496444373, "PSOTRAC15": -0.0015507196023403435, "PYPL": 0.022602256967055714, "SORIANAB": -0.02416556395360428, "TLEVISACPO": -0.009248573393309282, "TWTR": 0.049180227375400405, "UDITRACISHRS": -0.0018341332739375616, "UNIFINA": -0.036243721314445525, "VALUEGFO": 0.03624466230833069}