{"AAL": 0.042644664251350176, "ACTINVRB": -0.0006706474830908293, "AUTLANB": 0.10152694615810966, "AXTELCPO": 0.020296769301097695, "BACHOCOB": 0.010623481596886414, "CETETRCISHRS": 0.0012628971466414165, "CHDRAUIB": -0.011200214714845542, "CMOCTEZ": 0.04990830019019569, "CORPTRCISHRS": 0.005637756167417346, "CYDSASAA": -0.006959824055553182, "DANHOS13": 0.0055271488086928435, "DLRTRAC15": 0.0016765921306168396, "FRAGUAB": 0.01652694457053538, "FSHOP13": -0.007890779141537678, "GCARSOA1": 0.02677455053676011, "GE": -0.01653246084096246, "GFAMSAA": 0.029639760178594595, "GFINBURO": 0.011538964347779528, "GICSAB": 0.029656677920249796, "JPM": 0.03610055837122079, "LACOMERUBC": 0.028123711569894957, "LIVEPOL1": -0.023298159187031712, "LIVEPOLC-1": -0.020502713138864665, "M5TRACISHRS": -0.014798759916485955, "MEXTRAC09": 0.1889501944634241, "MFRISCOA-1": -0.02663278330808227, "MONEXB": 0.05709055619671052, "NAFTRACISHRS": 0.026497766314766347, "POCHTECB": 0.020610074575519947, "PSOTRAC15": 0.017467146665167462, "PYPL": 0.053483647426034724, "SORIANAB": 0.003593049053848338, "TLEVISACPO": -0.015093925478295578, "TWTR": 0.01117157562121189, "UDITRACISHRS": 0.002507786003878767, "UNIFINA": 0.047601050514272894, "VALUEGFO": 0.044885871445347635}