{"AAL": 0.030355659433060924, "ACTINVRB": -0.0006706474830908293, "AUTLANB": -0.04359003189094254, "AXTELCPO": -0.009505628312908866, "BACHOCOB": 0.027421898843528386, "CETETRCISHRS": -0.0025155519104653823, "CHDRAUIB": -0.0408060561191831, "CMOCTEZ": 0.09500404323422684, "CORPTRCISHRS": -0.009470777259816465, "CYDSASAA": 0.029443842914958697, "DLRTRAC15": -0.00653125140181667, "FRAGUAB": -0.001695417671004481, "GCARSOA1": 0.06820644705499831, "GFAMSAA": -0.09614959389524666, "GFINBURO": -0.04095294378270447, "JPM": 0.038345145571088285, "LIVEPOL1": -0.01260477775872518, "LIVEPOLC-1": -0.050165976271793616, "M5TRACISHRS": -0.010699538690102206, "MEXTRAC09": 0.1889501944634241, "MFRISCOA-1": -0.031164581815433055, "MONEXB": 0.07655546262571968, "NAFTRACISHRS": 0.0005625038407103932, "POCHTECB": 0.020610074575519947, "PSOTRAC15": 0.0091637513271146, "PYPL": 0.12270535344305246, "SORIANAB": 0.0024720975431680803, "TLEVISACPO": -0.014654592763689625, "TWTR": 0.029967197499094114, "UDITRACISHRS": -0.003002475514386982, "UNIFINA": 0.051990687009492616, "VALUEGFO": -0.002406497540835426}