{"AAL": -0.0007272881980479173, "ACTINVRB": -0.0006706474830908293, "AUTLANB": 0.02294295162965936, "AXTELCPO": 0.010444888853897326, "BACHOCOB": 0.011666298694483886, "CETETRCISHRS": -0.0006088009037415547, "CHDRAUIB": -0.03374311402684693, "CMOCTEZ": 0.07213085847884716, "CORPTRCISHRS": -3.055144618181793e-05, "CYDSASAA": 0.04070815673242171, "DANHOS13": -0.006507914163985672, "DLRTRAC15": -0.013268832429826051, "FRAGUAB": 0.016577687684399493, "GCARSOA1": 0.04047775898459473, "GE": 0.030230759674926472, "GFAMSAA": -0.1688493894013095, "GFINBURO": -0.029429287649922538, "GICSAB": -0.042090323709834815, "JPM": 0.01966504591429452, "LIVEPOL1": -0.02575476015485695, "LIVEPOLC-1": -0.048713148939882045, "M5TRACISHRS": -0.009760666561095997, "MEXTRAC09": 0.1889501944634241, "MFRISCOA-1": -0.0033735919734671684, "MONEXB": 0.01469836837707613, "NAFTRACISHRS": 0.015997459557555434, "POCHTECB": 0.020610074575519947, "PSOTRAC15": 0.01975288420449354, "PYPL": 0.07975827889042497, "SORIANAB": 0.0017125604825406137, "TLEVISACPO": -0.0150705300181146, "TWTR": 0.06995894229782808, "UDITRACISHRS": 1.8213902752477474e-05, "UNIFINA": 0.052762964158607754, "VALUEGFO": 0.013713421752567267}