{"AAL": 0.008280479633133447, "ACTINVRB": -0.0006706474830908293, "AUTLANB": 0.09022265983730968, "AXTELCPO": 0.03191068095892691, "BACHOCOB": 0.004442580606456886, "CETETRCISHRS": -0.0005908006352988781, "CHDRAUIB": -0.011200214714845542, "CMOCTEZ": 0.08879861124383213, "CORPTRCISHRS": 0.002006213502778562, "CYDSASAA": -0.006959824055553182, "DANHOS13": 0.0055271488086928435, "DLRTRAC15": -0.0007996857808290725, "FRAGUAB": 0.04275777387812941, "FSHOP13": -0.06191423290758667, "GCARSOA1": 0.041355459439806314, "GE": 0.044877615467933854, "GFAMSAA": -0.1102150596736117, "GFINBURO": -0.012985734881657985, "GICSAB": 0.005934018803261684, "JPM": 0.06180090098734642, "LACOMERUBC": 0.03309203167130946, "LIVEPOL1": -0.05528742923234994, "LIVEPOLC-1": -0.055569723907800156, "M5TRACISHRS": -0.01108826374414717, "MEXTRAC09": 0.1889501944634241, "MFRISCOA-1": -0.06617299029012949, "MONEXB": 0.05709055619671052, "NAFTRACISHRS": 0.015742835981378232, "POCHTECB": 0.020610074575519947, "PSOTRAC15": 0.021880964853147025, "PYPL": 0.08131038346603044, "SORIANAB": -0.01670727559921732, "TLEVISACPO": -0.010707495594630589, "TWTR": 0.04788252271759532, "UDITRACISHRS": -0.001111799699581808, "UNIFINA": 0.06979951912212558, "VALUEGFO": -0.004291808532779768}