{"AAL": 0.030907330152862872, "ACTINVRB": -0.0006706474830908293, "AUTLANB": 0.10152694615810966, "AXTELCPO": -0.010742010201924073, "BACHOCOB": 0.010623481596886414, "CETETRCISHRS": -0.0016745204753938225, "CHDRAUIB": -0.011200214714845542, "CMOCTEZ": 0.04338729170117086, "CORPTRCISHRS": -0.0018965923048139854, "CYDSASAA": -0.006959824055553182, "DANHOS13": 0.0027769995553184688, "DLRTRAC15": -0.013686776964456806, "FRAGUAB": 0.01652694457053538, "GCARSOA1": 0.03679741122703812, "GE": 0.009015528095171907, "GFAMSAA": -0.03534878084582847, "GFINBURO": 0.011538964347779528, "GICSAB": 0.07647483490154922, "JPM": 0.03630696806796954, "LACOMERUBC": 0.01117141285936568, "LIVEPOL1": 0.004185967783863209, "LIVEPOLC-1": 0.006545852800878258, "M5TRACISHRS": -0.022033119817354743, "MEXTRAC09": 0.1889501944634241, "MFRISCOA-1": -0.06881257592317679, "MONEXB": 0.05709055619671052, "NAFTRACISHRS": 0.01586951285091552, "POCHTECB": 0.020610074575519947, "PSOTRAC15": 0.029386458228780377, "PYPL": 0.05304192268014335, "SORIANAB": -0.02280281435992, "TLEVISACPO": -0.025805321642504854, "TWTR": 0.0461370806638094, "UDITRACISHRS": -0.0016820502219580934, "UNIFINA": 0.032821260486381926, "VALUEGFO": 0.03495613243390238}