{"AAL": -0.04475652623540197, "AUTLANB": 0.10169775658207088, "AXTELCPO": 0.004825362708646561, "BACHOCOB": 0.002478933408788948, "CETETRCISHRS": 0.0012591462518871232, "CHDRAUIB": 0.013952035858693694, "CMOCTEZ": 0.05857136585101553, "CORPTRCISHRS": -0.01073989833206705, "CYDSASAA": 0.00974030015823761, "DLRTRAC15": 0.007882264041975277, "FRAGUAB": -0.01074841329533165, "FSHOP13": -0.027016462404737332, "GCARSOA1": 0.0015212490838671022, "GE": -0.02221065954172515, "GFAMSAA": -0.04313248271330968, "GFINBURO": 0.03900888625431828, "GICSAB": -0.029918649553573186, "JPM": 0.07861017304426371, "LACOMERUBC": 0.027055376403843825, "LIVEPOL1": -0.015452572118089996, "LIVEPOLC-1": -0.005911140367888174, "M5TRACISHRS": 0.003211787014464933, "MEXTRAC09": 0.1889501944634241, "MFRISCOA-1": -0.01351661630404175, "MONEXB": 0.12627415725130015, "NAFTRACISHRS": 0.02015423757967178, "PSOTRAC15": 0.011029603606263231, "PYPL": 0.01887866814365213, "SORIANAB": -0.0024332377980653074, "TLEVISACPO": -0.0007462452585382262, "TWTR": 0.005042181625043897, "UDITRACISHRS": 0.004766801961035377, "UNIFINA": -0.05808801864052792, "VALUEGFO": -0.00937088316623326}