{"AAL": -0.023970022444377494, "AUTLANB": -0.0024562196518254477, "AXTELCPO": 0.0858855189559244, "BACHOCOB": -0.03050665257894776, "CETETRCISHRS": -0.007361554603473703, "CHDRAUIB": 0.0013836283411365015, "CMOCTEZ": 0.04834737071883925, "CORPTRCISHRS": 0.0023355872053049333, "CYDSASAA": -0.0181968627907086, "DANHOS13": -0.0033851724919917825, "DLRTRAC15": -0.006195301006002003, "FRAGUAB": -0.0009895099690903075, "FSHOP13": -0.02587219932360729, "GCARSOA1": -0.0077742495791073285, "GE": -0.06432534652461569, "GFAMSAA": 0.11314426635541468, "GFINBURO": 0.06465810303697626, "GICSAB": -0.05857154284229548, "JPM": 0.03228354486478, "LACOMERUBC": -0.001133627334092232, "LIVEPOL1": 0.030010853296600533, "LIVEPOLC-1": 0.03933346289283937, "M5TRACISHRS": -0.024651709584936583, "MFRISCOA-1": -0.023208104838881295, "MONEXB": -0.0046954397046203925, "NAFTRACISHRS": 0.02958467673371125, "PSOTRAC15": 0.014445615067019042, "PYPL": 0.031173902299305344, "SITESB-1": -0.007095362907922058, "SORIANAB": 0.0154692792848763, "TLEVISACPO": 0.020956815338296964, "TWTR": 0.029443472389440083, "UDITRACISHRS": -0.003440990068106129, "UNIFINA": -0.0003092797853684059, "VALUEGFO": 0.015732713739860134}