{"AAL": -0.007737159260951063, "AUTLANB": 0.06471506886880046, "AXTELCPO": 0.14584493586120456, "BACHOCOB": 0.005104787923008291, "CETETRCISHRS": 0.004474426732203586, "CHDRAUIB": 0.023795285029226648, "CMOCTEZ": 0.03891645388766926, "CORPTRCISHRS": -0.004992350539847372, "CYDSASAA": 0.012592450291414415, "DANHOS13": -0.03216064254389022, "DLRTRAC15": 0.0030022591671530264, "FRAGUAB": 0.02989715705285879, "FSHOP13": -0.04009861105008495, "GCARSOA1": -0.011980090275852824, "GE": -0.0015176385457268148, "GFAMSAA": 0.11097499426075136, "GFINBURO": 0.02397142981854697, "GICSAB": -0.030449446638858294, "JPM": 0.05436324777940673, "LACOMERUBC": 0.00965523420902988, "LIVEPOL1": 0.003286770966102962, "LIVEPOLC-1": 0.030148546898452606, "M5TRACISHRS": -0.023765944576581644, "MFRISCOA-1": -0.033118095704148705, "MONEXB": -0.020429127768048474, "NAFTRACISHRS": 0.0032883808538882154, "PSOTRAC15": 0.0251282723482223, "PYPL": 0.029136474776264274, "SITESB-1": -0.029995328439739285, "SORIANAB": 0.0012131866436050642, "TLEVISACPO": -0.04085587769615169, "TWTR": 0.011362759608938382, "UDITRACISHRS": -0.0077827635109063344, "UNIFINA": -0.006017972468164442, "VALUEGFO": 0.013384873317109287}