{"AAL": -0.03535293921969747, "AUTLANB": -0.002161039405528521, "AXTELCPO": 0.05677355286670112, "BACHOCOB": -0.0069614785243472385, "CETETRCISHRS": 0.0009392638088963801, "CHDRAUIB": -0.01141857304332351, "CMOCTEZ": 0.05446981164590998, "CORPTRCISHRS": 0.004213587919622731, "CYDSASAA": -0.004404052621572302, "DANHOS13": 0.007633686291656132, "DLRTRAC15": 0.02595234484169846, "FRAGUAB": 0.03475298544523345, "FSHOP13": -0.02722660142610855, "GCARSOA1": -0.025835070675905715, "GE": -0.025190118519627904, "GFAMSAA": -0.028330950711837503, "GFINBURO": 0.044576409607742465, "GICSAB": -0.05741697818126448, "JPM": 0.026146683930066836, "LACOMERUBC": 0.013251168700271654, "LIVEPOL1": 0.023177518676507792, "LIVEPOLC-1": 0.020891566445493427, "M5TRACISHRS": -0.003601158526192464, "MEXTRAC09": 0.1889501944634241, "MFRISCOA-1": 0.026779007997034015, "MONEXB": 0.007551591207392484, "NAFTRACISHRS": 0.014779445927279262, "PSOTRAC15": 0.004671541713618054, "PYPL": 0.020344584586081828, "SITESB-1": -0.022039645816097984, "SORIANAB": 0.02582477319967112, "TLEVISACPO": 0.07064977484468757, "TWTR": -0.04409726879769642, "UDITRACISHRS": 0.007892554851189818, "UNIFINA": -0.034460820381109675, "VALUEGFO": 0.057848784697826686}