{"AAL": 0.030893249503983235, "AUTLANB": -0.011185570054181058, "AXTELCPO": 0.02852089633464484, "BACHOCOB": -0.005774516705414916, "CETETRCISHRS": 0.0015878118664735086, "CHDRAUIB": 0.0106776838937978, "CMOCTEZ": 0.04094043051946552, "CORPTRCISHRS": 0.0008648026261410902, "CYDSASAA": 0.021450218617367997, "DANHOS13": -0.04116570643600847, "DLRTRAC15": 0.018966949640608854, "FRAGUAB": -0.007892059212218791, "FSHOP13": -0.057047066499765854, "GCARSOA1": -0.003842931898850034, "GE": -0.028668512073504338, "GFAMSAA": 0.04234207484083357, "GFINBURO": 0.020408247253479138, "GICSAB": -0.037216706040261824, "JPM": 0.03590643638559391, "LACOMERUBC": 0.013146528608715671, "LIVEPOL1": -0.006864156614247065, "LIVEPOLC-1": 0.02692518216358044, "M5TRACISHRS": -0.0223943283313999, "MFRISCOA-1": 0.006062184327903195, "MONEXB": -0.043132552601106135, "NAFTRACISHRS": 0.01677507704907462, "PSOTRAC15": 0.013677718504015435, "PYPL": 0.053097952525167254, "SITESB-1": -0.03211859338887516, "SORIANAB": 0.03566660987255357, "TLEVISACPO": 0.018354341885934742, "TWTR": 0.005540471194624582, "UDITRACISHRS": -0.0021075980007811356, "UNIFINA": 0.010488077019601461, "VALUEGFO": 0.022714287183901387}