{"AAL": 0.005592827139166162, "AUTLANB": -0.0024562196518254477, "AXTELCPO": 0.13641650866732205, "BACHOCOB": -0.03050665257894776, "CETETRCISHRS": 0.0036058938877834056, "CHDRAUIB": 0.03752610449431407, "CMOCTEZ": 0.04248599991554265, "CORPTRCISHRS": -0.004299955386794835, "CYDSASAA": 0.008523609781164012, "DANHOS13": -0.0033851724919917825, "DLRTRAC15": 0.01299743810382155, "FRAGUAB": -0.0009895099690903075, "FSHOP13": -0.052128215170640015, "GCARSOA1": -0.011980090275852824, "GE": -0.03424080900777665, "GFAMSAA": 0.04934625192420082, "GFINBURO": 0.06465810303697626, "GICSAB": -0.03372778300655057, "JPM": 0.03448478826941165, "LACOMERUBC": 0.012985119302320894, "LIVEPOL1": 0.030010853296600533, "LIVEPOLC-1": 0.03933346289283937, "M5TRACISHRS": -0.022740813313416597, "MFRISCOA-1": -0.050760140702061717, "MONEXB": 0.08546492493817391, "NAFTRACISHRS": 0.020108564649771885, "PSOTRAC15": 0.029296164310734757, "PYPL": 0.030628841299716564, "SITESB-1": 0.0027926475801034988, "SORIANAB": -0.024040088694753922, "TLEVISACPO": -0.0365505747670317, "TWTR": -0.01040562315261587, "UDITRACISHRS": -0.0033580967766727674, "UNIFINA": 0.004416843778446169, "VALUEGFO": 0.014292860417233847}