{"AAL": 0.004692222707001315, "AUTLANB": 0.022327179945139296, "AXTELCPO": 0.16372451943644126, "BACHOCOB": -0.002594990176470159, "CETETRCISHRS": 0.0010554343747381568, "CHDRAUIB": 0.0013836283411365015, "CMOCTEZ": 0.04378839734675705, "CORPTRCISHRS": 0.001307329461388208, "CYDSASAA": -0.0181968627907086, "DANHOS13": -0.015547419475417622, "DLRTRAC15": 0.03051416798705566, "FRAGUAB": -0.016582949066204347, "FSHOP13": -0.05626473923223028, "GCARSOA1": 0.001270375498367554, "GE": -0.035290706498928244, "GFAMSAA": 0.07756977417189873, "GFINBURO": 0.008647602169026922, "GICSAB": -0.056420655174625134, "JPM": 0.030337610011199116, "LACOMERUBC": 0.02042790156123707, "LIVEPOL1": 0.0061976220449141165, "LIVEPOLC-1": 0.02151263167391387, "M5TRACISHRS": -0.020913216536640914, "MFRISCOA-1": -0.006979769706329301, "MONEXB": -0.023534859604440527, "NAFTRACISHRS": 0.009011170235793566, "PSOTRAC15": 0.015545243442889439, "PYPL": 0.014134511366515225, "SITESB-1": -0.020616598015872616, "SORIANAB": 0.01367845786233484, "TLEVISACPO": 0.0006241873441046164, "TWTR": -0.0023187315161895972, "UDITRACISHRS": 0.0022409589662348937, "UNIFINA": -0.0003092797853684059, "VALUEGFO": 0.04514070643003405}