{"AAL": -0.03449646111149341, "AUTLANB": 0.039112152944033064, "AXTELCPO": 0.049383539378826474, "BACHOCOB": 0.024318772894278983, "CETETRCISHRS": 0.0018665707030702128, "CHDRAUIB": 0.025007655927288264, "CMOCTEZ": 0.05446981164590998, "CORPTRCISHRS": 0.00801432926454682, "CYDSASAA": -0.010880910929621427, "DANHOS13": 0.007633686291656132, "DLRTRAC15": 0.011386693343648462, "FRAGUAB": -0.0005523363513075085, "FSHOP13": -0.02543005221562062, "GCARSOA1": -0.002685424215207467, "GE": -0.025190118519627904, "GFAMSAA": -0.01100145191209717, "GFINBURO": 0.03288997598053796, "GICSAB": 0.0751381475666212, "JPM": 0.07861017304426371, "LACOMERUBC": 0.018120067433885736, "LIVEPOL1": -0.01981973468045018, "LIVEPOLC-1": -0.022585257438082474, "M5TRACISHRS": -0.018294552585067677, "MEXTRAC09": 0.1889501944634241, "MFRISCOA-1": -0.015226341825400344, "MONEXB": 0.09584952386669021, "NAFTRACISHRS": 0.028469549677248275, "PSOTRAC15": 0.004884021750191108, "PYPL": 0.06348016710948791, "SITESB-1": -0.03089645335631088, "SORIANAB": 0.026752003670006436, "TLEVISACPO": 0.07482454020725568, "TWTR": -0.02113968902248746, "UDITRACISHRS": 0.000817248876720349, "UNIFINA": -0.07778777303837035, "VALUEGFO": 0.057848784697826686}