{"AAL": -0.03524528480125483, "AUTLANB": -0.0005020247418951263, "AXTELCPO": 0.1107093291529997, "BACHOCOB": -0.014205897429902047, "CETETRCISHRS": 0.0020838073415644053, "CHDRAUIB": 0.027722939242290377, "CMOCTEZ": 0.04296855418486897, "CORPTRCISHRS": 0.0018554468353845944, "CYDSASAA": 0.010452471587272005, "DANHOS13": -0.09353844661228833, "DLRTRAC15": 0.012899888478523974, "FRAGUAB": 0.031185634048317725, "FSHOP13": -0.07220289914772655, "GCARSOA1": 0.07254071968882819, "GE": -0.03107692537750003, "GFAMSAA": 0.06342434770373337, "GFINBURO": 0.03882573498315344, "GICSAB": -0.06309956551408895, "JPM": 0.0023372232213906773, "LACOMERUBC": 0.017712619937336135, "LIVEPOL1": 0.003584523824053395, "LIVEPOLC-1": 0.021472183124239316, "M5TRACISHRS": -0.020766440416535345, "MFRISCOA-1": -0.03897543137809707, "MONEXB": -0.018693900479061182, "NAFTRACISHRS": -0.0007454372055542269, "PSOTRAC15": -0.009558887587018956, "PYPL": 0.028790549835277863, "SITESB-1": -0.03374929229020201, "SORIANAB": 0.017460457608559344, "TLEVISACPO": -0.05944300896554463, "TWTR": 0.046696011750401924, "UDITRACISHRS": -0.0013037545161981245, "UNIFINA": 0.012207489474524652, "VALUEGFO": 0.02869258681568023}