{"AAL": -0.05593831045151451, "AUTLANB": -0.0024562196518254477, "AXTELCPO": 0.17078166953620022, "BACHOCOB": -0.03050665257894776, "CETETRCISHRS": 0.004790159301593432, "CHDRAUIB": 0.0013836283411365015, "CMOCTEZ": 0.033736737555405544, "CORPTRCISHRS": 0.0020648009174613546, "CYDSASAA": -0.0181968627907086, "DANHOS13": -0.0033851724919917825, "DLRTRAC15": 0.005416238455671525, "FRAGUAB": -0.0009895099690903075, "FSHOP13": -0.016660242739278835, "GCARSOA1": -0.011980090275852824, "GE": -0.034187173598681946, "GFAMSAA": 0.13900572538856712, "GFINBURO": 0.06465810303697626, "GICSAB": -0.060970565055283116, "JPM": 0.013824729325983838, "LACOMERUBC": 0.002964217489280516, "LIVEPOL1": 0.030010853296600533, "LIVEPOLC-1": 0.03933346289283937, "M5TRACISHRS": -0.023762220494983683, "MFRISCOA-1": -0.044994041320813166, "MONEXB": 0.0553727173964298, "NAFTRACISHRS": 0.008591839728652417, "PSOTRAC15": 0.00861008615225219, "PYPL": 0.024167653502524346, "SITESB-1": -0.0022209646994065233, "SORIANAB": -0.00617019826277059, "TLEVISACPO": -0.02220459766061468, "TWTR": 0.02584906261657241, "UDITRACISHRS": -0.007020139853936704, "UNIFINA": -0.0003092797853684059, "VALUEGFO": 0.04558856615912214}