{"AAL": -0.010905352621546372, "AUTLANB": 0.003954634161615479, "AXTELCPO": 0.050168050199438416, "BACHOCOB": -0.017681954344956674, "CETETRCISHRS": 0.0001610225846591018, "CHDRAUIB": 0.027428892129537346, "CMOCTEZ": 0.05446981164590998, "CYDSASAA": 0.045517009044722744, "DLRTRAC15": 0.01700896213207884, "FRAGUAB": 0.023293431152536313, "FSHOP13": -0.023974682652506955, "GCARSOA1": -0.0007115574417697868, "GE": -0.025190118519627904, "GFAMSAA": -0.021792674279100303, "GFINBURO": 0.018038123364242976, "GICSAB": -0.04656886920311816, "JPM": 0.031219228613991953, "LACOMERUBC": -0.0012793658561644494, "LIVEPOL1": 0.016180952694762163, "LIVEPOLC-1": 0.050841991059393264, "M5TRACISHRS": -0.0025259678934221007, "MEXTRAC09": 0.1889501944634241, "MFRISCOA-1": 0.015048973996069526, "MONEXB": -0.044930994607168005, "NAFTRACISHRS": 0.016566419896955755, "PSOTRAC15": -0.00589260831561544, "PYPL": 0.0183027539738946, "SITESB-1": -0.03545536790000445, "SORIANAB": 0.04750458323685922, "TLEVISACPO": 0.00831128923530763, "TWTR": -0.04781769099634147, "UDITRACISHRS": 0.008953657173218235, "UNIFINA": -0.028661140004650493, "VALUEGFO": 0.057848784697826686}