{"AAL": -0.03948135281208695, "AUTLANB": 0.026693491988079306, "AXTELCPO": 0.03249227683614646, "BACHOCOB": 0.009440140916854724, "BBAJIOO": -0.1286933324181153, "CETETRCISHRS": 0.002509058874760396, "CHDRAUIB": 0.05180799678444207, "CMOCTEZ": 0.039413787650701256, "CORPTRCISHRS": 0.0053393011556164445, "CYDSASAA": 0.04281525458290515, "DANHOS13": -0.01030356367765142, "DLRTRAC15": 0.047558168365649856, "FRAGUAB": 0.020129809993258675, "FSHOP13": 0.0013656887415338338, "GCARSOA1": 0.05271391096791515, "GE": -0.014771590510733507, "GFAMSAA": 0.09156182469299813, "GFINBURO": 0.003360581773087209, "GICSAB": -0.18586254278870407, "JPM": 0.01368931009410858, "LACOMERUBC": 0.033798233408691467, "LIVEPOL1": -0.03574427809685763, "LIVEPOLC-1": 0.05175441815652059, "M5TRACISHRS": -0.02289712078545656, "MFRISCOA-1": 0.0300363044578108, "NAFTRACISHRS": 0.01761079770470482, "PSOTRAC15": -0.02432017531531846, "PYPL": 0.14452480900808332, "SITESB-1": 0.05408130268152163, "SORIANAB": -0.0036315303779473375, "TLEVISACPO": -0.019954303995503676, "TWTR": 0.027846762610630637, "UDITRACISHRS": -0.024583023003483594, "UNIFINA": -0.19513654394032082, "VALUEGFO": 0.04184971340116933}