{"AAL": 0.01483699626545901, "AUTLANB": -0.01066962051538318, "AXTELCPO": 0.034409312023450635, "BACHOCOB": 0.032649527885281124, "CETETRCISHRS": 0.0013503462885254224, "CHDRAUIB": 0.002401836070158996, "CMOCTEZ": 0.05019023681593313, "CORPTRCISHRS": -0.0019520807528330708, "CYDSASAA": 0.03372645926508694, "DANHOS13": -0.06417705150137587, "DLRTRAC15": -0.012016602396400646, "FRAGUAB": 0.031243252593577422, "FSHOP13": -0.06635298305039009, "GCARSOA1": 0.03144316212727282, "GE": -0.053186385835646374, "GFAMSAA": 0.07824028564009168, "GFINBURO": 0.05945031632922321, "GICSAB": -0.09529471232054502, "JPM": 0.0023372232213906773, "LACOMERUBC": 0.02992304501187004, "LIVEPOL1": 0.011682693862694998, "LIVEPOLC-1": 0.023900207821160466, "M5TRACISHRS": -0.019086606684207887, "MFRISCOA-1": -0.024913366973807544, "MONEXB": -0.022251507388046647, "NAFTRACISHRS": -0.0017267912972796329, "PSOTRAC15": 0.023871936048250955, "PYPL": 0.03027499701791669, "SITESB-1": -0.019709823979737605, "SORIANAB": 0.009364068162708673, "TLEVISACPO": -0.017625122049819825, "TWTR": -0.013353188173715572, "UDITRACISHRS": 0.0015911444497284932, "UNIFINA": -0.017058759643277206, "VALUEGFO": 0.0011715962713773752}