{"AAL": 0.013467284277330516, "AUTLANB": -0.031263043612758785, "AXTELCPO": 0.11440093299024313, "BACHOCOB": 0.007657579632407124, "BBAJIOO": -0.01774675008166396, "CETETRCISHRS": -0.0008452690327768746, "CHDRAUIB": 0.019781125633995283, "CMOCTEZ": 0.04685349680935074, "CORPTRCISHRS": 0.012350830019049665, "CYDSASAA": 0.01614609292419688, "DANHOS13": 0.0208908942962303, "DLRTRAC15": -0.015490394549289556, "FRAGUAB": 0.017511697717532474, "FSHOP13": -0.011519224913983925, "GCARSOA1": 0.05985028681248437, "GE": -0.010899114908392215, "GFAMSAA": 0.10282684792883347, "GFINBURO": 0.07772039464541015, "GICSAB": -0.016769667536801397, "JPM": 0.006375992371039857, "LACOMERUBC": 0.014491362015041387, "LIVEPOL1": 0.028299011709963295, "LIVEPOLC-1": 0.033593967746392554, "M5TRACISHRS": -0.011957098794888028, "MFRISCOA-1": -0.0328219838972367, "MONEXB": 0.11729033362373345, "NAFTRACISHRS": 0.025712178325824224, "PSOTRAC15": 0.03758684876998335, "PYPL": -0.015320713071072705, "SITESB-1": 0.028842273007376455, "SORIANAB": 0.01970763978869129, "TLEVISACPO": 0.06459508311257789, "TWTR": -0.0026102985489594066, "UDITRACISHRS": -0.002482620497631257, "UNIFINA": -0.0448252207214852, "VALUEGFO": -0.040399386851173384}