{"AAL": -0.04922623554028437, "AUTLANB": 0.040429343617001484, "AXTELCPO": 0.03798976735055022, "BACHOCOB": -0.004551418942464996, "CETETRCISHRS": 0.002509058874760396, "CHDRAUIB": 0.015639765025111066, "CMOCTEZ": 0.012096514006123476, "CORPTRCISHRS": 0.0053393011556164445, "CYDSASAA": 0.021108023028362736, "DANHOS13": -0.028838805977219134, "DLRTRAC15": 0.044430950187950825, "FRAGUAB": 0.04223441813011208, "FSHOP13": 0.0013656887415338338, "GCARSOA1": 0.06933083529931375, "GE": -0.03620956987351452, "GFAMSAA": 0.08630407816358165, "GFINBURO": 0.044449848200211, "GICSAB": -0.03935986424368964, "JPM": 0.04786262645163984, "LACOMERUBC": 0.03845586205656293, "LIVEPOL1": -0.008239325020358885, "LIVEPOLC-1": 0.05240282296822718, "M5TRACISHRS": -0.02289712078545656, "MFRISCOA-1": -0.013006008587410377, "NAFTRACISHRS": 0.01761079770470482, "PSOTRAC15": -0.015912507797050283, "PYPL": 0.1296986764685657, "SITESB-1": 0.04153380632300247, "SORIANAB": 0.005887342994897394, "TLEVISACPO": -0.012876161706960192, "TWTR": 0.01666029210818578, "UDITRACISHRS": -0.024583023003483594, "UNIFINA": -0.14630108067904246, "VALUEGFO": 0.01161971418075137}