{"AAL": -0.008605080545124068, "AUTLANB": -0.029644968462693995, "AXTELCPO": -0.02072273988432736, "BACHOCOB": -0.0056430711795302955, "BBAJIOO": -0.14693077733052542, "CETETRCISHRS": 0.002509058874760396, "CHDRAUIB": 0.019781125633995283, "CMOCTEZ": 0.0466587946903368, "CORPTRCISHRS": 0.0053393011556164445, "CYDSASAA": 0.01614609292419688, "DANHOS13": 0.01980602694040791, "DLRTRAC15": -0.01534852326497312, "FRAGUAB": 0.016929754731139668, "FSHOP13": 0.04018411893926253, "GCARSOA1": 0.05816194057030171, "GE": -0.036110200715007784, "GFAMSAA": 0.11653212718048218, "GFINBURO": 0.030750557037079185, "GICSAB": 0.1358725304031679, "JPM": 0.018055174038401248, "LACOMERUBC": -0.005094602249076956, "LIVEPOL1": 0.0039006754820482404, "LIVEPOLC-1": 0.038982724131212405, "M5TRACISHRS": -0.02289712078545656, "MFRISCOA-1": 0.03616594626877491, "MONEXB": 0.07466151935231655, "NAFTRACISHRS": 0.01761079770470482, "PSOTRAC15": 0.017036168884835244, "PYPL": 0.034778603874679986, "SITESB-1": 0.023730066148360512, "SORIANAB": 0.015676828991358742, "TLEVISACPO": 0.04124464945296769, "TWTR": 0.04375061227493877, "UDITRACISHRS": -0.024583023003483594, "UNIFINA": -0.04596176176685161, "VALUEGFO": 0.001869722582451856}