{"AAL": 0.037928390506187064, "AUTLANB": -0.031410340664525034, "AXTELCPO": -0.021840617096527976, "BACHOCOB": 0.017264411792675363, "BBAJIOO": -0.026630822247001532, "CETETRCISHRS": -0.00131533791440007, "CHDRAUIB": 0.025528537510306832, "CMOCTEZ": 0.05019023681593313, "CORPTRCISHRS": 0.0013948471276472485, "CYDSASAA": 0.01810255516030078, "DANHOS13": 0.0208908942962303, "DLRTRAC15": -0.0014421160794664755, "FRAGUAB": 0.026944328818486758, "FSHOP13": -0.011519224913983925, "GCARSOA1": 0.008814716218650999, "GE": -0.0313906498768069, "GFAMSAA": 0.08643248009038279, "GFINBURO": 0.07513423670517985, "GICSAB": -0.07159276114893993, "JPM": 0.03949189045490056, "LACOMERUBC": 0.015404693553044014, "LIVEPOL1": 0.036863126482453774, "LIVEPOLC-1": 0.008968543789892534, "M5TRACISHRS": 0.00263566329681425, "MFRISCOA-1": -0.06441892403801812, "MONEXB": -0.014734649181021858, "NAFTRACISHRS": -0.004162881940891419, "PSOTRAC15": 0.018546349674018327, "PYPL": -0.001924293382942789, "SITESB-1": 0.030967606932009905, "SORIANAB": -0.05700628681830912, "TLEVISACPO": 0.0401725596448536, "TWTR": 0.028500645885110407, "UDITRACISHRS": -0.008882504529001484, "UNIFINA": -0.07309454620363078, "VALUEGFO": -0.021777896161489396}