{"AAL": 0.014188126724843287, "AUTLANB": 0.02259309825248097, "AXTELCPO": -0.04867799027347946, "BACHOCOB": -0.0056430711795302955, "BBAJIOO": -0.0772092963272731, "CETETRCISHRS": 0.002509058874760396, "CHDRAUIB": 0.023734868663276815, "CMOCTEZ": 0.04833380301426787, "CORPTRCISHRS": 0.0053393011556164445, "CYDSASAA": 0.017356269620703774, "DANHOS13": 0.005156163421283084, "DLRTRAC15": 0.00180468391020976, "FRAGUAB": 0.016929754731139668, "FSHOP13": 0.04018411893926253, "GCARSOA1": 0.07439443715046118, "GE": 0.024415407605375073, "GFAMSAA": 0.03678125152290668, "GFINBURO": 0.01396550806952349, "GICSAB": 0.1680592401523727, "JPM": 0.03614022033288685, "LACOMERUBC": -0.005094602249076956, "LIVEPOL1": 0.0039006754820482404, "LIVEPOLC-1": 0.038982724131212405, "M5TRACISHRS": -0.02289712078545656, "MFRISCOA-1": 0.04932670586647023, "MONEXB": 0.07466151935231655, "NAFTRACISHRS": 0.01761079770470482, "PSOTRAC15": 0.012659411044649618, "PYPL": 0.057005045923310675, "SITESB-1": 0.028799988367685225, "SORIANAB": 0.015407850984762517, "TLEVISACPO": 0.01420269497893011, "TWTR": -0.006350881968809694, "UDITRACISHRS": -0.024583023003483594, "UNIFINA": -0.03294207670192399, "VALUEGFO": 0.0005188511589047806}