{"AAL": -0.029784546291404795, "AUTLANB": 0.07830644541969523, "AXTELCPO": -0.033919297104511845, "BACHOCOB": -0.0049863699609561715, "CETETRCISHRS": 0.002509058874760396, "CHDRAUIB": 0.018327673810811646, "CMOCTEZ": 0.037262011722054886, "CORPTRCISHRS": 0.0053393011556164445, "CYDSASAA": 0.07601443204548884, "DANHOS13": -0.05428886345662464, "DLRTRAC15": -0.011255054121934617, "FRAGUAB": 0.052331516222973634, "FSHOP13": 0.0013656887415338338, "GCARSOA1": 0.07996955264350696, "GE": -0.02075764813697861, "GFAMSAA": 0.07879797541371562, "GFINBURO": 0.018018253033545806, "GICSAB": 0.0997032556935062, "JPM": 0.03904170496245171, "LACOMERUBC": -0.008743844283213151, "LIVEPOL1": -0.009506305462080224, "LIVEPOLC-1": -0.03500236250254517, "M5TRACISHRS": -0.02289712078545656, "MFRISCOA-1": 0.04963871023323305, "NAFTRACISHRS": 0.01761079770470482, "PSOTRAC15": 0.020609301730423208, "PYPL": 0.14529027920617651, "SITESB-1": 0.028302848605807805, "SORIANAB": -0.012518124830231417, "TLEVISACPO": -0.02759921056953241, "TWTR": 0.000957330875348974, "UDITRACISHRS": -0.024583023003483594, "UNIFINA": -0.2931838452826574, "VALUEGFO": 0.04844048539786524}