{"AAL": -0.02341698305081172, "AUTLANB": -0.002546072843457007, "AXTELCPO": 0.08770256113523402, "BACHOCOB": 0.01489988578467144, "CETETRCISHRS": -0.0029958382611703234, "CHDRAUIB": 0.016540944232835288, "CMOCTEZ": 0.05019023681593313, "CORPTRCISHRS": -0.00254938833470998, "CYDSASAA": 0.0009261707229738014, "DANHOS13": -0.06417705150137587, "DLRTRAC15": 0.021117638016612678, "FRAGUAB": -0.013280708797686875, "FSHOP13": 0.00332330373749142, "GCARSOA1": -0.022555263050732365, "GE": -0.06623674590193192, "GFAMSAA": 0.09914455743567384, "GFINBURO": 0.04587629032362161, "GICSAB": -0.10241947211880838, "JPM": 0.015016948435698113, "LACOMERUBC": 0.041734659920086424, "LIVEPOL1": -0.016677987290008037, "LIVEPOLC-1": -0.006639252218754086, "M5TRACISHRS": -0.004532106513229692, "MFRISCOA-1": -0.0356708303452867, "MONEXB": -0.02111186071286794, "NAFTRACISHRS": -0.0014676620830714338, "PSOTRAC15": -0.006388012599772849, "PYPL": -0.004698922277572551, "SITESB-1": -0.02003523162745092, "SORIANAB": -0.012778014537536393, "TLEVISACPO": -0.025580758393547374, "TWTR": 0.03428031023012625, "UDITRACISHRS": -0.010215880130773784, "UNIFINA": -0.01737230665742311, "VALUEGFO": -0.029984408086878512}