{"AAL": -0.004427403412783961, "AUTLANB": 0.02191053845958, "AXTELCPO": 0.020336361936391666, "BACHOCOB": -0.0056430711795302955, "CETETRCISHRS": 0.002187319659873821, "CHDRAUIB": 0.019781125633995283, "CMOCTEZ": 0.04911746342514034, "CORPTRCISHRS": 0.012885862043072314, "CYDSASAA": 0.01614609292419688, "DANHOS13": 0.0208908942962303, "DLRTRAC15": -0.020129900587365454, "FRAGUAB": 0.016929754731139668, "FSHOP13": 0.04018411893926253, "GCARSOA1": 0.0701245172006165, "GE": -0.03637958799439121, "GFAMSAA": 0.0910271200465416, "GFINBURO": 0.05123790483317733, "GICSAB": -0.028295118986255016, "JPM": -0.03400731304916996, "LACOMERUBC": -0.005094602249076956, "LIVEPOL1": 0.0039006754820482404, "LIVEPOLC-1": 0.038982724131212405, "M5TRACISHRS": -0.018749064073153864, "MFRISCOA-1": -0.014729651791092068, "MONEXB": 0.07466151935231655, "NAFTRACISHRS": 0.02994602724135419, "PSOTRAC15": 0.015279072404919616, "PYPL": 0.028008827386723015, "SITESB-1": 0.03157592771175695, "SORIANAB": 0.0061418862994227896, "TLEVISACPO": 0.05470228320180926, "TWTR": -0.0013152127552840654, "UDITRACISHRS": -0.014361326427735126, "UNIFINA": -0.03723776061791787, "VALUEGFO": 0.016610987813252324}