{"simulations": [[0, 1383.2472500801086], [1, 1385.5821163654327], [2, 1428.8870441913605], [3, 1464.9166903495789], [4, 1500.4459862709045], [5, 1444.9946937561035], [6, 1459.7314238548279], [7, 1442.0606548786163], [8, 1460.597023487091], [9, 1415.2978675365448], [10, 1420.6933653354645], [11, 1549.235216140747], [12, 1468.6303753852844], [13, 1473.0053079128265], [14, 1489.0274336338043], [15, 1458.7739837169647], [16, 1456.1701431274414], [17, 1455.6174929141998], [18, 1458.5268821716309], [19, 1464.889454126358], [20, 1479.3285236358643], [21, 1486.9197912216187], [22, 1494.9772243499756], [23, 1506.8960406780243], [24, 1519.1542031764984], [25, 1523.0651421546936], [26, 1555.9234745502472], [27, 1589.571424484253], [28, 1670.6332244873047], [29, 1650.8889181613922], [30, 1647.652447938919], [31, 1665.2894101142883], [32, 1668.1187567710876], [33, 1742.2213666439056], [34, 1863.8581194877625], [35, 1808.5523850917816]], "total": 54953.38185715675}